family,time_s,turbine,row,MPC_disk_normal_m_s,NOYAW_disk_normal_m_s,MPC_filtered_disk_m_s,NOYAW_filtered_disk_m_s,delta_filtered_disk_m_s,yaw_deg
T1,0,1,1,4.296562671661377,4.296562671661377,4.321382522583008,4.321382522583008,0.0,0.0
T1,0,2,1,4.926215171813965,4.926215171813965,4.958177089691162,4.958177089691162,0.0,0.0
T1,0,3,1,5.487520217895508,5.487520217895508,5.521661758422852,5.521661758422852,0.0,0.0
T1,0,4,2,3.133822202682495,3.133822202682495,3.133483648300171,3.133483648300171,0.0,0.0
T1,0,5,2,4.479485988616943,4.479485988616943,4.445682048797607,4.445682048797607,0.0,0.0
T1,0,6,2,3.956678628921509,3.956678628921509,3.9765830039978027,3.9765830039978027,0.0,0.0
T1,0,7,3,3.285349130630493,3.285349130630493,3.262498140335083,3.262498140335083,0.0,0.0
T1,0,8,3,3.765244960784912,3.765244960784912,3.7946338653564453,3.7946338653564453,0.0,0.0
T1,0,9,3,4.1007256507873535,4.1007256507873535,4.086198806762695,4.086198806762695,0.0,0.0
T1,20,1,1,4.50654935836792,4.50654935836792,4.497206687927246,4.497206687927246,0.0,0.0
T1,20,2,1,5.28260612487793,5.28260612487793,5.294355392456055,5.294355392456055,0.0,0.0
T1,20,3,1,5.33539342880249,5.33539342880249,5.35460090637207,5.35460090637207,0.0,0.0
T1,20,4,2,2.9229092597961426,2.9229092597961426,2.9083569049835205,2.9083569049835205,0.0,0.0
T1,20,5,2,4.256824493408203,4.256824493408203,4.291230201721191,4.291230201721191,0.0,0.0
T1,20,6,2,3.3758256435394287,3.3758256435394287,3.4023356437683105,3.4023356437683105,0.0,0.0
T1,20,7,3,3.5942814350128174,3.5942814350128174,3.5904150009155273,3.5904150009155273,0.0,0.0
T1,20,8,3,3.9275360107421875,3.9275360107421875,3.924239158630371,3.924239158630371,0.0,0.0
T1,20,9,3,3.62274169921875,3.62274169921875,3.637645959854126,3.637645959854126,0.0,0.0
T1,40,1,1,4.825812816619873,4.825812816619873,4.768735885620117,4.768735885620117,0.0,0.0
T1,40,2,1,4.914834976196289,4.914834976196289,4.923605918884277,4.923605918884277,0.0,0.0
T1,40,3,1,5.334170818328857,5.334170818328857,5.328164577484131,5.328164577484131,0.0,0.0
T1,40,4,2,3.52362322807312,3.52362322807312,3.5271012783050537,3.5271012783050537,0.0,0.0
T1,40,5,2,4.0332207679748535,4.0332207679748535,4.044510841369629,4.044510841369629,0.0,0.0
T1,40,6,2,3.1698482036590576,3.1698482036590576,3.190889358520508,3.190889358520508,0.0,0.0
T1,40,7,3,4.033664703369141,4.033664703369141,4.0399651527404785,4.0399651527404785,0.0,0.0
T1,40,8,3,3.9090516567230225,3.9090516567230225,3.8941617012023926,3.8941617012023926,0.0,0.0
T1,40,9,3,3.847334384918213,3.847334384918213,3.900223731994629,3.900223731994629,0.0,0.0
T1,60,1,1,5.320228099822998,5.320228099822998,5.322149753570557,5.322149753570557,0.0,0.0
T1,60,2,1,5.280916690826416,5.280916690826416,5.226869583129883,5.226869583129883,0.0,0.0
T1,60,3,1,5.33135986328125,5.33135986328125,5.312189102172852,5.312189102172852,0.0,0.0
T1,60,4,2,3.60766339302063,3.60766339302063,3.5820016860961914,3.5820016860961914,0.0,0.0
T1,60,5,2,4.367128372192383,4.367128372192383,4.284313201904297,4.284313201904297,0.0,0.0
T1,60,6,2,3.453366756439209,3.453366756439209,3.386836528778076,3.386836528778076,0.0,0.0
T1,60,7,3,4.313030242919922,4.313030242919922,4.283694267272949,4.283694267272949,0.0,0.0
T1,60,8,3,3.9382567405700684,3.9382567405700684,3.964198112487793,3.964198112487793,0.0,0.0
T1,60,9,3,3.7131738662719727,3.7131738662719727,3.6621041297912598,3.6621041297912598,0.0,0.0
T1,80,1,1,5.056284427642822,5.056284427642822,5.039289474487305,5.039289474487305,0.0,0.0
T1,80,2,1,5.436182498931885,5.436182498931885,5.44602632522583,5.44602632522583,0.0,0.0
T1,80,3,1,5.384655952453613,5.384655952453613,5.405768871307373,5.405768871307373,0.0,0.0
T1,80,4,2,3.404761791229248,3.404761791229248,3.385134696960449,3.385134696960449,0.0,0.0
T1,80,5,2,3.9391326904296875,3.9391326904296875,3.963745594024658,3.963745594024658,0.0,0.0
T1,80,6,2,3.728196144104004,3.728196144104004,3.753566026687622,3.753566026687622,0.0,0.0
T1,80,7,3,4.108753204345703,4.108753204345703,4.111729621887207,4.111729621887207,0.0,0.0
T1,80,8,3,3.7363760471343994,3.7363760471343994,3.7194674015045166,3.7194674015045166,0.0,0.0
T1,80,9,3,3.94735050201416,3.94735050201416,3.954069137573242,3.954069137573242,0.0,0.0
T1,100,1,1,5.190707206726074,5.190707206726074,5.181722640991211,5.181722640991211,0.0,0.0
T1,100,2,1,5.355319976806641,5.355319976806641,5.364259719848633,5.364259719848633,0.0,0.0
T1,100,3,1,5.3621320724487305,5.3621320724487305,5.366477966308594,5.366477966308594,0.0,0.0
T1,100,4,2,4.160039901733398,4.160039901733398,4.165833950042725,4.165833950042725,0.0,0.0
T1,100,5,2,4.052725315093994,4.052725315093994,4.0673980712890625,4.0673980712890625,0.0,0.0
T1,100,6,2,3.5271339416503906,3.5271339416503906,3.5502536296844482,3.5502536296844482,0.0,0.0
T1,100,7,3,3.8057382106781006,3.8057382106781006,3.8223166465759277,3.8223166465759277,0.0,0.0
T1,100,8,3,4.259551525115967,4.259551525115967,4.240245819091797,4.240245819091797,0.0,0.0
T1,100,9,3,3.9832615852355957,3.9832615852355957,3.968048572540283,3.968048572540283,0.0,0.0
T1,120,1,1,5.510100364685059,5.510100364685059,5.529142379760742,5.529142379760742,0.0,0.0
T1,120,2,1,5.212026119232178,5.212026119232178,5.2416229248046875,5.2416229248046875,0.0,0.0
T1,120,3,1,5.78494930267334,5.78494930267334,5.755504608154297,5.755504608154297,0.0,0.0
T1,120,4,2,4.066359996795654,4.066359996795654,4.050093173980713,4.050093173980713,0.0,0.0
T1,120,5,2,3.5230519771575928,3.5230519771575928,3.526228904724121,3.526228904724121,0.0,0.0
T1,120,6,2,3.857062578201294,3.857062578201294,3.8429114818573,3.8429114818573,0.0,0.0
T1,120,7,3,3.8800342082977295,3.8800342082977295,3.841212749481201,3.841212749481201,0.0,0.0
T1,120,8,3,4.723447799682617,4.723447799682617,4.737953186035156,4.737953186035156,0.0,0.0
T1,120,9,3,4.459917068481445,4.459917068481445,4.462884902954102,4.462884902954102,0.0,0.0
T1,140,1,1,5.311644554138184,5.311644554138184,5.328059673309326,5.328059673309326,0.0,0.0
T1,140,2,1,4.910618305206299,4.910618305206299,4.930408477783203,4.930408477783203,0.0,0.0
T1,140,3,1,5.645017147064209,5.645017147064209,5.6742401123046875,5.6742401123046875,0.0,0.0
T1,140,4,2,3.6747989654541016,3.6747989654541016,3.700371265411377,3.700371265411377,0.0,0.0
T1,140,5,2,3.985004425048828,3.985004425048828,3.9826910495758057,3.9826910495758057,0.0,0.0
T1,140,6,2,3.5356900691986084,3.5356900691986084,3.573200225830078,3.573200225830078,0.0,0.0
T1,140,7,3,4.0284271240234375,4.0284271240234375,4.072665691375732,4.072665691375732,0.0,0.0
T1,140,8,3,4.701900959014893,4.701900959014893,4.702093124389648,4.702093124389648,0.0,0.0
T1,140,9,3,4.093442916870117,4.093442916870117,4.143062114715576,4.143062114715576,0.0,0.0
T1,160,1,1,5.381942272186279,5.381942272186279,5.390374660491943,5.390374660491943,0.0,0.0
T1,160,2,1,4.789483547210693,4.789483547210693,4.8165202140808105,4.8165202140808105,0.0,0.0
T1,160,3,1,5.334452152252197,5.334452152252197,5.3275933265686035,5.3275933265686035,0.0,0.0
T1,160,4,2,3.2524688243865967,3.2524688243865967,3.274695634841919,3.274695634841919,0.0,0.0
T1,160,5,2,3.6259663105010986,3.6259663105010986,3.652494430541992,3.652494430541992,0.0,0.0
T1,160,6,2,3.4423372745513916,3.4423372745513916,3.413633346557617,3.413633346557617,0.0,0.0
T1,160,7,3,3.5044775009155273,3.5044775009155273,3.4567623138427734,3.4567623138427734,0.0,0.0
T1,160,8,3,4.154058933258057,4.154058933258057,4.192793846130371,4.192793846130371,0.0,0.0
T1,160,9,3,3.5086333751678467,3.5086333751678467,3.5398504734039307,3.5398504734039307,0.0,0.0
T1,180,1,1,5.620926380157471,5.620926380157471,5.619719505310059,5.619719505310059,0.0,0.0
T1,180,2,1,4.823250770568848,4.823250770568848,4.83284854888916,4.83284854888916,0.0,0.0
T1,180,3,1,5.1800360679626465,5.1800360679626465,5.170961856842041,5.170961856842041,0.0,0.0
T1,180,4,2,3.363022804260254,3.363022804260254,3.3337223529815674,3.3337223529815674,0.0,0.0
T1,180,5,2,3.737983465194702,3.737983465194702,3.724247694015503,3.724247694015503,0.0,0.0
T1,180,6,2,3.632499933242798,3.632499933242798,3.6205673217773438,3.6205673217773438,0.0,0.0
T1,180,7,3,3.100541830062866,3.100541830062866,3.112114667892456,3.112114667892456,0.0,0.0
T1,180,8,3,3.7165420055389404,3.7165420055389404,3.7864465713500977,3.7864465713500977,0.0,0.0
T1,180,9,3,3.454991102218628,3.454991102218628,3.485513210296631,3.485513210296631,0.0,0.0
T1,200,1,1,5.349669456481934,5.370850563049316,5.379921913146973,5.401699542999268,-0.021777629852294922,4.003366947174072
T1,200,2,1,4.846608638763428,4.855967998504639,4.820183277130127,4.832025527954102,-0.01184225082397461,-3.1770830154418945
T1,200,3,1,4.9178900718688965,4.909780979156494,4.893967628479004,4.887953758239746,0.0060138702392578125,3.893815040588379
T1,200,4,2,3.454073190689087,3.4653236865997314,3.4545717239379883,3.467759132385254,-0.013187408447265625,3.9939494132995605
T1,200,5,2,3.6783175468444824,3.673546314239502,3.712689161300659,3.70835280418396,0.004336357116699219,-1.1736547946929932
T1,200,6,2,3.8986167907714844,3.9111487865448,3.892634153366089,3.9064342975616455,-0.01380014419555664,3.9935035705566406
T1,200,7,3,3.587033271789551,3.586301565170288,3.5259411334991455,3.525249481201172,0.0006916522979736328,0.0948648452758789
T1,200,8,3,3.8820252418518066,3.883805751800537,3.872602939605713,3.874650478363037,-0.0020475387573242188,0.3025105595588684
T1,200,9,3,3.3769686222076416,3.3783819675445557,3.3627514839172363,3.3642725944519043,-0.0015211105346679688,0.24286454916000366
T1,220,1,1,5.377447605133057,5.352631092071533,5.28194522857666,5.254757881164551,0.027187347412109375,4.003366947174072
T1,220,2,1,5.567951202392578,5.58043098449707,5.489850044250488,5.500407695770264,-0.01055765151977539,-3.1770830154418945
T1,220,3,1,4.989014148712158,5.010362148284912,5.02802848815918,5.051438331604004,-0.02340984344482422,3.893815040588379
T1,220,4,2,3.5250658988952637,3.5004262924194336,3.482462167739868,3.4607505798339844,0.02171158790588379,3.9939494132995605
T1,220,5,2,3.467677354812622,3.4717981815338135,3.4928412437438965,3.4967074394226074,-0.0038661956787109375,-1.1736547946929932
T1,220,6,2,3.723167657852173,3.6974642276763916,3.7320759296417236,3.7060179710388184,0.026057958602905273,3.9935035705566406
T1,220,7,3,4.015267848968506,4.015700817108154,4.014768600463867,4.015073299407959,-0.0003046989440917969,0.0948648452758789
T1,220,8,3,3.7923216819763184,3.789698600769043,3.8007540702819824,3.798213481903076,0.00254058837890625,0.3025105595588684
T1,220,9,3,3.7360191345214844,3.7358763217926025,3.743643283843994,3.7435684204101562,7.486343383789062e-05,0.24286454916000366
T1,240,1,1,6.048056602478027,6.068288803100586,6.057720184326172,6.087821006774902,-0.03010082244873047,4.003366947174072
T1,240,2,1,5.426966190338135,5.454810619354248,5.405883312225342,5.434922695159912,-0.029039382934570312,-3.1770830154418945
T1,240,3,1,4.920074939727783,4.908873558044434,4.903189659118652,4.891417026519775,0.011772632598876953,3.893815040588379
T1,240,4,2,3.848557949066162,3.8256142139434814,3.8324458599090576,3.809244394302368,0.023201465606689453,3.9939494132995605
T1,240,5,2,3.819950819015503,3.825956344604492,3.789677619934082,3.795478343963623,-0.005800724029541016,-1.1736547946929932
T1,240,6,2,4.068951606750488,4.095554828643799,4.049011707305908,4.078855991363525,-0.029844284057617188,3.9935035705566406
T1,240,7,3,3.811115026473999,3.811464309692383,3.8160250186920166,3.8164665699005127,-0.00044155120849609375,0.0948648452758789
T1,240,8,3,4.028884410858154,4.030745983123779,4.004538536071777,4.006260871887207,-0.0017223358154296875,0.3025105595588684
T1,240,9,3,3.7380483150482178,3.7380058765411377,3.73095703125,3.7304868698120117,0.00047016143798828125,0.24286454916000366
T1,260,1,1,5.818523406982422,5.815353870391846,5.8485941886901855,5.848160266876221,0.00043392181396484375,4.003366947174072
T1,260,2,1,5.367985725402832,5.38278865814209,5.369983196258545,5.38889217376709,-0.018908977508544922,-3.1770830154418945
T1,260,3,1,5.148985385894775,5.167912483215332,5.127429962158203,5.147464752197266,-0.0200347900390625,3.893815040588379
T1,260,4,2,4.230289936065674,4.238768577575684,4.260782718658447,4.267047882080078,-0.006265163421630859,3.9939494132995605
T1,260,5,2,4.064507961273193,4.056113243103027,4.050508975982666,4.042433738708496,0.008075237274169922,-1.1736547946929932
T1,260,6,2,3.7536888122558594,3.7540013790130615,3.7914741039276123,3.7944297790527344,-0.0029556751251220703,3.9935035705566406
T1,260,7,3,3.965639591217041,3.9641146659851074,4.009087562561035,4.007651329040527,0.0014362335205078125,0.0948648452758789
T1,260,8,3,4.127603054046631,4.127785682678223,4.124796390533447,4.125504016876221,-0.0007076263427734375,0.3025105595588684
T1,260,9,3,3.5896894931793213,3.5906338691711426,3.5911073684692383,3.5922958850860596,-0.001188516616821289,0.24286454916000366
T1,280,1,1,5.2069830894470215,5.226713180541992,5.279914855957031,5.303204536437988,-0.02328968048095703,4.003366947174072
T1,280,2,1,5.0403151512146,5.0481719970703125,5.074118614196777,5.080299377441406,-0.006180763244628906,-3.1770830154418945
T1,280,3,1,5.2640461921691895,5.289400577545166,5.251906871795654,5.278807163238525,-0.026900291442871094,3.893815040588379
T1,280,4,2,3.9359829425811768,3.9854609966278076,3.9289867877960205,3.977905750274658,-0.048918962478637695,3.9939494132995605
T1,280,5,2,3.7319841384887695,3.731710433959961,3.7788608074188232,3.77841854095459,0.00044226646423339844,-1.1736547946929932
T1,280,6,2,3.7932591438293457,3.8223862648010254,3.7706820964813232,3.80086350440979,-0.030181407928466797,3.9935035705566406
T1,280,7,3,3.873631238937378,3.8730850219726562,3.8741700649261475,3.8733222484588623,0.0008478164672851562,0.0948648452758789
T1,280,8,3,4.490923881530762,4.489649772644043,4.46333646774292,4.461854457855225,0.0014820098876953125,0.3025105595588684
T1,280,9,3,3.6799468994140625,3.6834347248077393,3.6403732299804688,3.6434099674224854,-0.0030367374420166016,0.24286454916000366
T1,300,1,1,5.187435150146484,5.171579360961914,5.178351402282715,5.158858299255371,0.01949310302734375,4.003366947174072
T1,300,2,1,4.911190509796143,4.913229465484619,4.911562442779541,4.911488056182861,7.43865966796875e-05,-3.1770830154418945
T1,300,3,1,5.039531230926514,5.056326866149902,5.043858528137207,5.062862396240234,-0.019003868103027344,3.893815040588379
T1,300,4,2,4.271845817565918,4.282764434814453,4.265026092529297,4.274720668792725,-0.009694576263427734,3.9939494132995605
T1,300,5,2,3.567477226257324,3.5613977909088135,3.534857749938965,3.530287027359009,0.004570722579956055,-1.1736547946929932
T1,300,6,2,3.933237075805664,3.928222417831421,3.943424940109253,3.939020872116089,0.0044040679931640625,3.9935035705566406
T1,300,7,3,3.6254069805145264,3.6300315856933594,3.631225347518921,3.636089324951172,-0.0048639774322509766,0.0948648452758789
T1,300,8,3,4.033343315124512,4.031985759735107,4.073479652404785,4.07273006439209,0.0007495880126953125,0.3025105595588684
T1,300,9,3,3.7664132118225098,3.7809886932373047,3.763951301574707,3.777907133102417,-0.013955831527709961,0.24286454916000366
T1,320,1,1,4.97600793838501,4.9947285652160645,4.997828483581543,5.013306140899658,-0.015477657318115234,4.003366947174072
T1,320,2,1,4.8422722816467285,4.842997074127197,4.8717780113220215,4.87171745300293,6.0558319091796875e-05,-3.1770830154418945
T1,320,3,1,5.579606056213379,5.600542068481445,5.533852577209473,5.5500898361206055,-0.016237258911132812,3.893815040588379
T1,320,4,2,3.928603172302246,3.9051358699798584,3.9272475242614746,3.911393165588379,0.015854358673095703,3.9939494132995605
T1,320,5,2,3.6749022006988525,3.6685078144073486,3.696626901626587,3.6921162605285645,0.004510641098022461,-1.1736547946929932
T1,320,6,2,3.57485294342041,3.539438247680664,3.594278335571289,3.558868408203125,0.03540992736816406,3.9935035705566406
T1,320,7,3,3.852189540863037,3.845731019973755,3.818798303604126,3.8129701614379883,0.005828142166137695,0.0948648452758789
T1,320,8,3,3.8367154598236084,3.8407740592956543,3.8403565883636475,3.844034194946289,-0.0036776065826416016,0.3025105595588684
T1,320,9,3,3.706754446029663,3.724365711212158,3.7226309776306152,3.7384376525878906,-0.01580667495727539,0.24286454916000366
T1,340,1,1,4.7700114250183105,4.7627272605896,4.749660491943359,4.744114875793457,0.005545616149902344,4.003366947174072
T1,340,2,1,4.783185958862305,4.7726521492004395,4.793116092681885,4.783000946044922,0.01011514663696289,-3.1770830154418945
T1,340,3,1,5.440090179443359,5.4268341064453125,5.476893901824951,5.467877388000488,0.00901651382446289,3.893815040588379
T1,340,4,2,3.9894721508026123,3.9498820304870605,3.9668197631835938,3.9148976802825928,0.05192208290100098,3.9939494132995605
T1,340,5,2,4.624435901641846,4.5560736656188965,4.576181411743164,4.50143575668335,0.07474565505981445,-1.1736547946929932
T1,340,6,2,3.61236834526062,3.5640387535095215,3.5918359756469727,3.550570249557495,0.04126572608947754,3.9935035705566406
T1,340,7,3,3.3348875045776367,3.353484630584717,3.370577335357666,3.3872830867767334,-0.016705751419067383,0.0948648452758789
T1,340,8,3,3.799083709716797,3.799126386642456,3.7809555530548096,3.780881881713867,7.367134094238281e-05,0.3025105595588684
T1,340,9,3,3.5578253269195557,3.509690284729004,3.582303047180176,3.5305633544921875,0.05173969268798828,0.24286454916000366
T1,360,1,1,5.5312371253967285,5.554279327392578,5.4289140701293945,5.440787315368652,-0.011873245239257812,4.003366947174072
T1,360,2,1,4.471415042877197,4.483611583709717,4.50279426574707,4.509761810302734,-0.0069675445556640625,-3.1770830154418945
T1,360,3,1,5.674230098724365,5.676964282989502,5.648902893066406,5.653125762939453,-0.004222869873046875,3.893815040588379
T1,360,4,2,4.324921607971191,4.28794527053833,4.33451509475708,4.295237064361572,0.03927803039550781,3.9939494132995605
T1,360,5,2,4.880185604095459,4.806142807006836,4.865178108215332,4.781730651855469,0.08344745635986328,-1.1736547946929932
T1,360,6,2,3.493428945541382,3.425917863845825,3.513345718383789,3.453235149383545,0.06011056900024414,3.9935035705566406
T1,360,7,3,4.28009033203125,4.340930461883545,4.209177494049072,4.268337726593018,-0.05916023254394531,0.0948648452758789
T1,360,8,3,3.726741313934326,3.7236757278442383,3.754845142364502,3.7548110485076904,3.409385681152344e-05,0.3025105595588684
T1,360,9,3,4.013070583343506,4.034106254577637,3.98824405670166,4.006299018859863,-0.018054962158203125,0.24286454916000366
T1,380,1,1,5.824484348297119,5.855833530426025,5.8156280517578125,5.848776340484619,-0.03314828872680664,4.003366947174072
T1,380,2,1,4.704808235168457,4.698709964752197,4.663092136383057,4.657135963439941,0.005956172943115234,-3.1770830154418945
T1,380,3,1,5.3707380294799805,5.368730545043945,5.381326198577881,5.377042770385742,0.004283428192138672,3.893815040588379
T1,380,4,2,4.234604835510254,4.281205654144287,4.210799694061279,4.255417823791504,-0.04461812973022461,3.9939494132995605
T1,380,5,2,4.2868876457214355,4.3067755699157715,4.351388454437256,4.366313934326172,-0.014925479888916016,-1.1736547946929932
T1,380,6,2,3.6510260105133057,3.5594289302825928,3.614903211593628,3.523176670074463,0.09172654151916504,3.9935035705566406
T1,380,7,3,4.783776760101318,4.772703647613525,4.742695331573486,4.739270210266113,0.003425121307373047,0.0948648452758789
T1,380,8,3,4.0880842208862305,4.088587284088135,4.021326541900635,4.0220441818237305,-0.0007176399230957031,0.3025105595588684
T1,380,9,3,4.105624675750732,4.101589202880859,4.111257076263428,4.109486103057861,0.0017709732055664062,0.24286454916000366
T1,400,1,1,5.80195426940918,5.873038291931152,5.787076950073242,5.862266540527344,-0.07518959045410156,7.886626720428467
T1,400,2,1,5.095362663269043,5.131192207336426,5.075844764709473,5.117399215698242,-0.04155445098876953,-7.029576301574707
T1,400,3,1,5.40440559387207,5.422906398773193,5.417918682098389,5.441396713256836,-0.023478031158447266,7.741667747497559
T1,400,4,2,4.391238689422607,4.3754119873046875,4.31300163269043,4.308786392211914,0.004215240478515625,8.000862121582031
T1,400,5,2,3.906282901763916,3.9561429023742676,3.8989694118499756,3.951577663421631,-0.05260825157165527,-5.178250312805176
T1,400,6,2,4.210564613342285,4.104381561279297,4.1977691650390625,4.095044136047363,0.10272502899169922,0.4866669178009033
T1,400,7,3,4.640069484710693,4.692265510559082,4.6841936111450195,4.728642463684082,-0.0444488525390625,-1.326071858406067
T1,400,8,3,4.220473766326904,4.2131028175354,4.219471454620361,4.215482711791992,0.003988742828369141,0.7449556589126587
T1,400,9,3,4.176634788513184,4.113255500793457,4.179775238037109,4.113417625427246,0.06635761260986328,-0.08262607455253601
T1,420,1,1,6.130155563354492,6.123316764831543,6.106662273406982,6.1052327156066895,0.0014295578002929688,7.886626720428467
T1,420,2,1,5.743061065673828,5.7317399978637695,5.69464111328125,5.689575672149658,0.005065441131591797,-7.029576301574707
T1,420,3,1,5.411885738372803,5.4077935218811035,5.381281852722168,5.383340358734131,-0.0020585060119628906,7.741667747497559
T1,420,4,2,4.554971218109131,4.630037307739258,4.568467140197754,4.635355472564697,-0.06688833236694336,8.000862121582031
T1,420,5,2,4.0720109939575195,4.090034008026123,4.077795505523682,4.093819618225098,-0.016024112701416016,-5.178250312805176
T1,420,6,2,4.065962314605713,4.010436058044434,4.052743911743164,3.990231990814209,0.06251192092895508,0.4866669178009033
T1,420,7,3,4.519500255584717,4.458688735961914,4.507101058959961,4.457596302032471,0.049504756927490234,-1.326071858406067
T1,420,8,3,4.170698642730713,4.186885356903076,4.146018981933594,4.157683849334717,-0.011664867401123047,0.7449556589126587
T1,420,9,3,4.262385368347168,4.210514545440674,4.246488571166992,4.1939520835876465,0.0525364875793457,-0.08262607455253601
T1,440,1,1,6.1186442375183105,6.149316310882568,6.154977321624756,6.185506820678711,-0.030529499053955078,7.886626720428467
T1,440,2,1,5.923689365386963,5.992559909820557,5.91826057434082,5.976736068725586,-0.058475494384765625,-7.029576301574707
T1,440,3,1,5.7343902587890625,5.849484443664551,5.746935844421387,5.86081075668335,-0.11387491226196289,7.741667747497559
T1,440,4,2,4.617128372192383,4.622113227844238,4.630263328552246,4.652024269104004,-0.021760940551757812,8.000862121582031
T1,440,5,2,4.420492649078369,4.429662227630615,4.390193462371826,4.396002292633057,-0.005808830261230469,-5.178250312805176
T1,440,6,2,4.29008150100708,4.168891906738281,4.253758430480957,4.136808395385742,0.11695003509521484,0.4866669178009033
T1,440,7,3,4.935892105102539,4.909023761749268,4.898288249969482,4.848135948181152,0.05015230178833008,-1.326071858406067
T1,440,8,3,4.682024002075195,4.595202922821045,4.710205078125,4.632266044616699,0.07793903350830078,0.7449556589126587
T1,440,9,3,4.64843225479126,4.476350784301758,4.618939399719238,4.4669599533081055,0.1519794464111328,-0.08262607455253601
T1,460,1,1,5.969906330108643,6.011039733886719,5.959839820861816,5.9871416091918945,-0.027301788330078125,7.886626720428467
T1,460,2,1,5.946787357330322,6.035730838775635,5.950249671936035,6.034266948699951,-0.08401727676391602,-7.029576301574707
T1,460,3,1,5.7908172607421875,5.869699001312256,5.753390312194824,5.842331886291504,-0.08894157409667969,7.741667747497559
T1,460,4,2,5.671355247497559,5.6752028465271,5.588207244873047,5.555131435394287,0.033075809478759766,8.000862121582031
T1,460,5,2,4.757853984832764,4.739658355712891,4.7448530197143555,4.724925518035889,0.019927501678466797,-5.178250312805176
T1,460,6,2,4.745482921600342,4.671085834503174,4.687258243560791,4.597580432891846,0.08967781066894531,0.4866669178009033
T1,460,7,3,4.891410827636719,4.839109420776367,4.90871524810791,4.870371341705322,0.03834390640258789,-1.326071858406067
T1,460,8,3,5.660214424133301,5.7123003005981445,5.611408233642578,5.6541218757629395,-0.04271364212036133,0.7449556589126587
T1,460,9,3,4.727542400360107,4.582012176513672,4.719568252563477,4.581737041473389,0.1378312110900879,-0.08262607455253601
T1,480,1,1,6.234638214111328,6.271083354949951,6.249728202819824,6.268578052520752,-0.018849849700927734,7.886626720428467
T1,480,2,1,6.222933769226074,6.254258155822754,6.211253643035889,6.2438507080078125,-0.03259706497192383,-7.029576301574707
T1,480,3,1,6.115390300750732,6.165290832519531,6.129472255706787,6.189969062805176,-0.06049680709838867,7.741667747497559
T1,480,4,2,6.032779216766357,6.025427341461182,6.068441390991211,6.067257881164551,0.0011835098266601562,8.000862121582031
T1,480,5,2,4.780185699462891,4.812887191772461,4.805054187774658,4.840150833129883,-0.03509664535522461,-5.178250312805176
T1,480,6,2,5.065186977386475,5.145895957946777,5.086507797241211,5.158154487609863,-0.07164669036865234,0.4866669178009033
T1,480,7,3,4.853323936462402,4.630384922027588,4.813149929046631,4.61681604385376,0.1963338851928711,-1.326071858406067
T1,480,8,3,5.976689338684082,5.919090747833252,5.990479469299316,5.92075777053833,0.06972169876098633,0.7449556589126587
T1,480,9,3,5.39390754699707,5.230156898498535,5.3790693283081055,5.205482006072998,0.17358732223510742,-0.08262607455253601
T1,500,1,1,6.712203502655029,6.775869369506836,6.637173175811768,6.699843406677246,-0.06267023086547852,7.886626720428467
T1,500,2,1,6.72893762588501,6.70126485824585,6.695903778076172,6.664721488952637,0.031182289123535156,-7.029576301574707
T1,500,3,1,6.677492618560791,6.680039405822754,6.613283157348633,6.623228549957275,-0.009945392608642578,7.741667747497559
T1,500,4,2,5.422374248504639,5.4157490730285645,5.447150230407715,5.445425510406494,0.0017247200012207031,8.000862121582031
T1,500,5,2,4.760857582092285,4.771197319030762,4.755969047546387,4.771061897277832,-0.015092849731445312,-5.178250312805176
T1,500,6,2,5.036031246185303,5.096400260925293,5.030750274658203,5.101684093475342,-0.07093381881713867,0.4866669178009033
T1,500,7,3,4.975769519805908,4.816687107086182,4.949747562408447,4.730083465576172,0.2196640968322754,-1.326071858406067
T1,500,8,3,5.436261177062988,5.530448913574219,5.467900276184082,5.557803153991699,-0.08990287780761719,0.7449556589126587
T1,500,9,3,5.283559322357178,5.027454853057861,5.350818157196045,5.103684902191162,0.2471332550048828,-0.08262607455253601
T1,520,1,1,6.545710563659668,6.711603164672852,6.526309013366699,6.686929702758789,-0.16062068939208984,7.886626720428467
T1,520,2,1,6.963549613952637,7.037961959838867,6.852955341339111,6.929984092712402,-0.07702875137329102,-7.029576301574707
T1,520,3,1,6.827906608581543,6.888996124267578,6.8447394371032715,6.903607368469238,-0.0588679313659668,7.741667747497559
T1,520,4,2,5.3533830642700195,5.434265613555908,5.384267807006836,5.451187610626221,-0.06691980361938477,8.000862121582031
T1,520,5,2,5.091131687164307,5.0952863693237305,5.054790019989014,5.0621256828308105,-0.007335662841796875,-5.178250312805176
T1,520,6,2,5.007936000823975,5.063742160797119,4.959664344787598,5.029121398925781,-0.0694570541381836,0.4866669178009033
T1,520,7,3,5.6801018714904785,5.484524250030518,5.657284259796143,5.466502666473389,0.1907815933227539,-1.326071858406067
T1,520,8,3,5.264691352844238,5.359414577484131,5.282035827636719,5.376736164093018,-0.09470033645629883,0.7449556589126587
T1,520,9,3,5.338381767272949,5.255279064178467,5.377407073974609,5.266387462615967,0.11101961135864258,-0.08262607455253601
T1,540,1,1,6.640563011169434,6.659501552581787,6.632662773132324,6.644951343536377,-0.012288570404052734,7.886626720428467
T1,540,2,1,6.779605865478516,6.8562798500061035,6.874211311340332,6.94145393371582,-0.06724262237548828,-7.029576301574707
T1,540,3,1,6.515567779541016,6.573547840118408,6.494307518005371,6.5333051681518555,-0.038997650146484375,7.741667747497559
T1,540,4,2,5.364953994750977,5.366539478302002,5.327866077423096,5.3321309089660645,-0.00426483154296875,8.000862121582031
T1,540,5,2,5.067511558532715,4.943390846252441,5.058411598205566,4.94248628616333,0.11592531204223633,-5.178250312805176
T1,540,6,2,5.807469367980957,5.687155246734619,5.800027847290039,5.687474250793457,0.11255359649658203,0.4866669178009033
T1,540,7,3,5.768291473388672,5.26681661605835,5.659724235534668,5.218686580657959,0.441037654876709,-1.326071858406067
T1,540,8,3,4.852283000946045,4.866216659545898,4.871038913726807,4.86414909362793,0.006889820098876953,0.7449556589126587
T1,540,9,3,4.864131450653076,4.981330871582031,4.90342903137207,5.031077861785889,-0.12764883041381836,-0.08262607455253601
T1,560,1,1,6.681923866271973,6.7254486083984375,6.551982879638672,6.608523368835449,-0.056540489196777344,7.886626720428467
T1,560,2,1,6.947422981262207,7.015105247497559,6.883738040924072,6.952218055725098,-0.06848001480102539,-7.029576301574707
T1,560,3,1,6.497988700866699,6.578100204467773,6.482851028442383,6.565103530883789,-0.08225250244140625,7.741667747497559
T1,560,4,2,5.912892818450928,5.934581756591797,5.936930179595947,5.960604667663574,-0.023674488067626953,8.000862121582031
T1,560,5,2,5.0865983963012695,4.905570030212402,5.098199367523193,4.932260990142822,0.1659383773803711,-5.178250312805176
T1,560,6,2,5.4272589683532715,5.374585151672363,5.49393367767334,5.440487384796143,0.053446292877197266,0.4866669178009033
T1,560,7,3,6.656871795654297,6.499538421630859,6.716823101043701,6.4972147941589355,0.21960830688476562,-1.326071858406067
T1,560,8,3,4.576702117919922,4.503089904785156,4.619689464569092,4.560030937194824,0.05965852737426758,0.7449556589126587
T1,560,9,3,4.9029693603515625,4.869104862213135,4.874934196472168,4.833805084228516,0.041129112243652344,-0.08262607455253601
T1,580,1,1,7.113168716430664,7.190634250640869,7.078054428100586,7.154224395751953,-0.07616996765136719,7.886626720428467
T1,580,2,1,7.451759338378906,7.542482852935791,7.381041049957275,7.467367172241211,-0.08632612228393555,-7.029576301574707
T1,580,3,1,6.507091045379639,6.589383125305176,6.5227861404418945,6.612776279449463,-0.08999013900756836,7.741667747497559
T1,580,4,2,5.4818878173828125,5.432287216186523,5.472617149353027,5.460877895355225,0.011739253997802734,8.000862121582031
T1,580,5,2,5.021268367767334,5.000235557556152,5.043099880218506,4.998239040374756,0.04486083984375,-5.178250312805176
T1,580,6,2,4.466254234313965,4.311736106872559,4.489071846008301,4.346071243286133,0.14300060272216797,0.4866669178009033
T1,580,7,3,5.8233232498168945,5.863433837890625,5.92163610458374,5.927453517913818,-0.005817413330078125,-1.326071858406067
T1,580,8,3,4.719036102294922,4.553549289703369,4.71427059173584,4.544358253479004,0.16991233825683594,0.7449556589126587
T1,580,9,3,5.737557411193848,5.731653213500977,5.754144668579102,5.733060359954834,0.021084308624267578,-0.08262607455253601
T1,600,1,1,6.937538146972656,7.079713344573975,6.9172563552856445,7.058862686157227,-0.14160633087158203,11.85223388671875
T1,600,2,1,7.222873210906982,7.235340595245361,7.306990146636963,7.318091869354248,-0.011101722717285156,-3.16912841796875
T1,600,3,1,6.401647090911865,6.3951735496521,6.414788722991943,6.412571907043457,0.002216815948486328,7.63525915145874
T1,600,4,2,5.706006050109863,5.721032619476318,5.683351039886475,5.683967590332031,-0.0006165504455566406,11.964412689208984
T1,600,5,2,4.6963372230529785,4.773507595062256,4.62277889251709,4.714399814605713,-0.09162092208862305,-1.7498435974121094
T1,600,6,2,4.805105686187744,4.925590515136719,4.7942657470703125,4.893857955932617,-0.09959220886230469,0.7441716194152832
T1,600,7,3,5.488889217376709,5.5177154541015625,5.515880107879639,5.576726913452148,-0.060846805572509766,-1.7773512601852417
T1,600,8,3,4.556508541107178,4.568343162536621,4.581424713134766,4.565674781799316,0.01574993133544922,0.05858677625656128
T1,600,9,3,5.195115566253662,5.177034854888916,5.218347072601318,5.251291751861572,-0.032944679260253906,-0.4291629195213318
T1,620,1,1,7.269962310791016,7.377194404602051,7.285730838775635,7.366745948791504,-0.08101511001586914,11.85223388671875
T1,620,2,1,6.739362716674805,6.721460819244385,6.768824577331543,6.753448963165283,0.015375614166259766,-3.16912841796875
T1,620,3,1,6.019235610961914,6.0519561767578125,6.034440517425537,6.074616432189941,-0.0401759147644043,7.63525915145874
T1,620,4,2,6.053358554840088,5.831871509552002,6.081917762756348,5.871358871459961,0.21055889129638672,11.964412689208984
T1,620,5,2,5.282320976257324,5.1978759765625,5.276072978973389,5.2088446617126465,0.06722831726074219,-1.7498435974121094
T1,620,6,2,4.5463361740112305,4.645294189453125,4.534769535064697,4.633002758026123,-0.09823322296142578,0.7441716194152832
T1,620,7,3,5.340381145477295,4.831868648529053,5.326779365539551,4.828710556030273,0.49806880950927734,-1.7773512601852417
T1,620,8,3,4.666719436645508,4.400534152984619,4.630599021911621,4.392181396484375,0.2384176254272461,0.05858677625656128
T1,620,9,3,5.334400177001953,4.964846134185791,5.335172176361084,4.940883636474609,0.3942885398864746,-0.4291629195213318
T1,640,1,1,7.0719709396362305,7.1849541664123535,7.097764015197754,7.208772659301758,-0.1110086441040039,11.85223388671875
T1,640,2,1,6.397645473480225,6.419994831085205,6.399029731750488,6.418615818023682,-0.01958608627319336,-3.16912841796875
T1,640,3,1,6.3052825927734375,6.408753871917725,6.277062892913818,6.366730690002441,-0.08966779708862305,7.63525915145874
T1,640,4,2,5.297399520874023,4.985788822174072,5.2848124504089355,4.9960832595825195,0.288729190826416,11.964412689208984
T1,640,5,2,4.97733211517334,4.871760368347168,4.944057941436768,4.856202125549316,0.08785581588745117,-1.7498435974121094
T1,640,6,2,4.779875755310059,4.699044704437256,4.7567524909973145,4.687800884246826,0.06895160675048828,0.7441716194152832
T1,640,7,3,5.976415634155273,5.6468071937561035,5.888583183288574,5.60921049118042,0.2793726921081543,-1.7773512601852417
T1,640,8,3,5.329520225524902,5.215757369995117,5.264723777770996,5.140748500823975,0.12397527694702148,0.05858677625656128
T1,640,9,3,5.57320499420166,5.35462760925293,5.583270072937012,5.366761684417725,0.2165083885192871,-0.4291629195213318
T1,660,1,1,6.687752723693848,6.79628324508667,6.721325874328613,6.831014156341553,-0.10968828201293945,11.85223388671875
T1,660,2,1,6.533127784729004,6.538590908050537,6.487369060516357,6.48777961730957,-0.0004105567932128906,-3.16912841796875
T1,660,3,1,6.234138011932373,6.275362014770508,6.2801971435546875,6.322735786437988,-0.04253864288330078,7.63525915145874
T1,660,4,2,5.291632175445557,5.209107875823975,5.33247709274292,5.238448143005371,0.09402894973754883,11.964412689208984
T1,660,5,2,5.284605979919434,4.89306116104126,5.306199550628662,4.911316394805908,0.3948831558227539,-1.7498435974121094
T1,660,6,2,5.29514217376709,5.011177062988281,5.267472267150879,4.983597755432129,0.28387451171875,0.7441716194152832
T1,660,7,3,5.458488464355469,5.535825729370117,5.399691104888916,5.458697319030762,-0.0590062141418457,-1.7773512601852417
T1,660,8,3,5.413496971130371,5.353099822998047,5.5504584312438965,5.461583137512207,0.08887529373168945,0.05858677625656128
T1,660,9,3,5.504703998565674,5.651902198791504,5.5093183517456055,5.6251373291015625,-0.11581897735595703,-0.4291629195213318
T1,680,1,1,6.950198173522949,7.193661689758301,6.9434309005737305,7.149328708648682,-0.20589780807495117,11.85223388671875
T1,680,2,1,5.983067035675049,5.984830379486084,6.026039123535156,6.026654243469238,-0.0006151199340820312,-3.16912841796875
T1,680,3,1,5.947728157043457,5.996824264526367,5.954067230224609,6.000662326812744,-0.046595096588134766,7.63525915145874
T1,680,4,2,5.185272216796875,4.957234859466553,5.08951997756958,4.854635238647461,0.23488473892211914,11.964412689208984
T1,680,5,2,5.332112789154053,5.185091018676758,5.323976993560791,5.171364784240723,0.15261220932006836,-1.7498435974121094
T1,680,6,2,5.360343933105469,5.159445285797119,5.382512092590332,5.1864705085754395,0.19604158401489258,0.7441716194152832
T1,680,7,3,6.077003002166748,5.37853479385376,6.064695358276367,5.376077175140381,0.6886181831359863,-1.7773512601852417
T1,680,8,3,4.9294843673706055,4.8697285652160645,4.957091331481934,4.841000080108643,0.11609125137329102,0.05858677625656128
T1,680,9,3,4.590438365936279,5.238184928894043,4.58719539642334,5.267469882965088,-0.680274486541748,-0.4291629195213318
T1,700,1,1,7.160831451416016,7.283406734466553,7.166525840759277,7.302175521850586,-0.1356496810913086,11.85223388671875
T1,700,2,1,6.420998573303223,6.44597053527832,6.4003472328186035,6.425055027008057,-0.024707794189453125,-3.16912841796875
T1,700,3,1,5.939487457275391,6.007756233215332,5.961001396179199,6.033166408538818,-0.07216501235961914,7.63525915145874
T1,700,4,2,5.911362171173096,5.905833721160889,5.8835978507995605,5.880560398101807,0.0030374526977539062,11.964412689208984
T1,700,5,2,5.270203590393066,5.196900367736816,5.28444242477417,5.214100360870361,0.0703420639038086,-1.7498435974121094
T1,700,6,2,5.022477149963379,4.9020233154296875,5.070760726928711,4.952889919281006,0.11787080764770508,0.7441716194152832
T1,700,7,3,6.244556427001953,5.981377601623535,6.288580894470215,5.955256462097168,0.3333244323730469,-1.7773512601852417
T1,700,8,3,4.64022970199585,4.809694290161133,4.637727737426758,4.858214855194092,-0.22048711776733398,0.05858677625656128
T1,700,9,3,4.900827407836914,4.832371711730957,4.911652565002441,4.827393531799316,0.084259033203125,-0.4291629195213318
T1,720,1,1,7.127641677856445,7.26274299621582,7.13266134262085,7.275152206420898,-0.14249086380004883,11.85223388671875
T1,720,2,1,6.392109394073486,6.40816068649292,6.435762882232666,6.4498395919799805,-0.014076709747314453,-3.16912841796875
T1,720,3,1,5.631842613220215,5.6506218910217285,5.6223907470703125,5.6363348960876465,-0.013944149017333984,7.63525915145874
T1,720,4,2,4.934356689453125,5.032843589782715,4.962076187133789,5.126698970794678,-0.16462278366088867,11.964412689208984
T1,720,5,2,4.816524505615234,4.754447937011719,4.844170093536377,4.777462005615234,0.06670808792114258,-1.7498435974121094
T1,720,6,2,4.833804130554199,4.569323539733887,4.84768009185791,4.587570667266846,0.26010942459106445,0.7441716194152832
T1,720,7,3,5.526678562164307,5.229726791381836,5.573363780975342,5.260636329650879,0.3127274513244629,-1.7773512601852417
T1,720,8,3,5.250279426574707,5.121477127075195,5.213662624359131,5.123539924621582,0.09012269973754883,0.05858677625656128
T1,720,9,3,4.921690940856934,4.997267723083496,4.956892967224121,5.02665901184082,-0.06976604461669922,-0.4291629195213318
T1,740,1,1,7.164930820465088,7.31079626083374,7.237670421600342,7.3509674072265625,-0.1132969856262207,11.85223388671875
T1,740,2,1,6.351931095123291,6.348094463348389,6.338530540466309,6.334319114685059,0.00421142578125,-3.16912841796875
T1,740,3,1,5.942915439605713,5.990647792816162,5.988070487976074,6.040830612182617,-0.05276012420654297,7.63525915145874
T1,740,4,2,5.001614570617676,4.938015460968018,5.01072359085083,4.950407028198242,0.06031656265258789,11.964412689208984
T1,740,5,2,4.859673500061035,4.774602890014648,4.783868789672852,4.71271276473999,0.07115602493286133,-1.7498435974121094
T1,740,6,2,5.378823757171631,4.935060024261475,5.310695648193359,4.870602607727051,0.4400930404663086,0.7441716194152832
T1,740,7,3,5.7875566482543945,5.454380035400391,5.808062553405762,5.454477787017822,0.35358476638793945,-1.7773512601852417
T1,740,8,3,5.549750328063965,5.244007587432861,5.585110187530518,5.218680381774902,0.36642980575561523,0.05858677625656128
T1,740,9,3,4.97760534286499,4.48704195022583,4.934902667999268,4.509390830993652,0.42551183700561523,-0.4291629195213318
T1,760,1,1,6.69137716293335,6.8267364501953125,6.738461494445801,6.865166187286377,-0.12670469284057617,11.85223388671875
T1,760,2,1,6.372498035430908,6.3681416511535645,6.355087757110596,6.35036563873291,0.004722118377685547,-3.16912841796875
T1,760,3,1,5.620412826538086,5.632347583770752,5.648538589477539,5.662349224090576,-0.01381063461303711,7.63525915145874
T1,760,4,2,5.834949016571045,5.640344619750977,5.795968055725098,5.569533348083496,0.22643470764160156,11.964412689208984
T1,760,5,2,5.199047088623047,5.170534133911133,5.256733417510986,5.221972942352295,0.034760475158691406,-1.7498435974121094
T1,760,6,2,5.23104190826416,5.041927814483643,5.286077499389648,5.112864017486572,0.17321348190307617,0.7441716194152832
T1,760,7,3,5.582187652587891,4.768338203430176,5.613859176635742,4.800160884857178,0.8136982917785645,-1.7773512601852417
T1,760,8,3,4.7368292808532715,4.771512985229492,4.757636547088623,4.746361255645752,0.011275291442871094,0.05858677625656128
T1,760,9,3,4.940339088439941,4.736208438873291,4.937503337860107,4.710488319396973,0.22701501846313477,-0.4291629195213318
T1,780,1,1,7.236936092376709,7.438300132751465,7.213278770446777,7.417728424072266,-0.20444965362548828,11.85223388671875
T1,780,2,1,6.5575408935546875,6.563356876373291,6.541494846343994,6.543932914733887,-0.002438068389892578,-3.16912841796875
T1,780,3,1,5.754733562469482,5.894940376281738,5.735342502593994,5.873178958892822,-0.13783645629882812,7.63525915145874
T1,780,4,2,5.605930328369141,5.1604509353637695,5.625590801239014,5.216025352478027,0.40956544876098633,11.964412689208984
T1,780,5,2,5.230127334594727,5.2820210456848145,5.262897968292236,5.314383029937744,-0.05148506164550781,-1.7498435974121094
T1,780,6,2,4.480475425720215,4.39693021774292,4.560124397277832,4.465856075286865,0.0942683219909668,0.7441716194152832
T1,780,7,3,5.86602258682251,5.798348426818848,5.884418487548828,5.780670166015625,0.10374832153320312,-1.7773512601852417
T1,780,8,3,4.956069469451904,5.038900375366211,4.985556602478027,5.028382301330566,-0.04282569885253906,0.05858677625656128
T1,780,9,3,4.78275728225708,4.89417028427124,4.804746150970459,4.882612705230713,-0.0778665542602539,-0.4291629195213318
T1,800,1,1,6.804537296295166,6.936262607574463,6.799741744995117,6.949581146240234,-0.1498394012451172,15.807487487792969
T1,800,2,1,6.452025890350342,6.527942180633545,6.4058003425598145,6.484653949737549,-0.07885360717773438,-7.160239219665527
T1,800,3,1,5.894845962524414,5.986927032470703,5.924379348754883,6.020366668701172,-0.09598731994628906,11.173669815063477
T1,800,4,2,5.457817077636719,5.113560676574707,5.455644130706787,5.083741188049316,0.3719029426574707,10.170900344848633
T1,800,5,2,5.311427116394043,5.28516960144043,5.279139041900635,5.262821197509766,0.01631784439086914,-0.32181763648986816
T1,800,6,2,4.4065399169921875,4.2899909019470215,4.3999481201171875,4.272700786590576,0.12724733352661133,3.784451484680176
T1,800,7,3,6.124866485595703,5.589524745941162,6.034358024597168,5.548452854156494,0.48590517044067383,-1.808209776878357
T1,800,8,3,4.22503662109375,4.362044811248779,4.2837324142456055,4.444582462310791,-0.16085004806518555,0.15901336073875427
T1,800,9,3,4.732736110687256,4.651374816894531,4.735869407653809,4.661179542541504,0.07468986511230469,-0.5005802512168884
T1,820,1,1,6.568160057067871,6.716418743133545,6.574700832366943,6.718785762786865,-0.14408493041992188,15.807487487792969
T1,820,2,1,6.544349670410156,6.574890613555908,6.530506610870361,6.564570903778076,-0.034064292907714844,-7.160239219665527
T1,820,3,1,5.851119518280029,5.841564178466797,5.884712219238281,5.8622541427612305,0.02245807647705078,11.173669815063477
T1,820,4,2,5.341955661773682,5.067093372344971,5.3493146896362305,5.090486526489258,0.25882816314697266,10.170900344848633
T1,820,5,2,5.243824005126953,5.203172206878662,5.228952884674072,5.18286657333374,0.04608631134033203,-0.32181763648986816
T1,820,6,2,4.724244117736816,4.527474880218506,4.54079532623291,4.3666911125183105,0.1741042137145996,3.784451484680176
T1,820,7,3,6.434351444244385,5.859829902648926,6.3908233642578125,5.8666768074035645,0.524146556854248,-1.808209776878357
T1,820,8,3,4.249990940093994,3.9153029918670654,4.208974361419678,3.92283034324646,0.2861440181732178,0.15901336073875427
T1,820,9,3,4.494752883911133,4.594304084777832,4.585809707641602,4.7015533447265625,-0.11574363708496094,-0.5005802512168884
T1,840,1,1,6.913395404815674,7.047268867492676,6.832713603973389,6.96838903427124,-0.13567543029785156,15.807487487792969
T1,840,2,1,6.377496242523193,6.42428731918335,6.431671619415283,6.478610038757324,-0.046938419342041016,-7.160239219665527
T1,840,3,1,5.984914779663086,6.120400905609131,5.938727378845215,6.069060325622559,-0.13033294677734375,11.173669815063477
T1,840,4,2,5.022542476654053,4.829028606414795,5.06156587600708,4.868639945983887,0.19292593002319336,10.170900344848633
T1,840,5,2,5.049998760223389,5.04288387298584,5.014326572418213,5.0044450759887695,0.00988149642944336,-0.32181763648986816
T1,840,6,2,4.9001851081848145,4.790399074554443,4.912576675415039,4.789573669433594,0.12300300598144531,3.784451484680176
T1,840,7,3,6.7601728439331055,6.443028450012207,6.85166072845459,6.607555389404297,0.24410533905029297,-1.808209776878357
T1,840,8,3,4.619712829589844,4.4110941886901855,4.6319475173950195,4.412103176116943,0.21984434127807617,0.15901336073875427
T1,840,9,3,4.901890754699707,4.9084672927856445,4.879964351654053,4.8683648109436035,0.011599540710449219,-0.5005802512168884
T1,860,1,1,6.827968597412109,7.047454357147217,6.829031467437744,7.022136688232422,-0.19310522079467773,15.807487487792969
T1,860,2,1,6.6362152099609375,6.7159929275512695,6.642299652099609,6.717034339904785,-0.07473468780517578,-7.160239219665527
T1,860,3,1,6.263554096221924,6.352714538574219,6.276963233947754,6.370139122009277,-0.09317588806152344,11.173669815063477
T1,860,4,2,4.937486171722412,4.5599212646484375,4.913965225219727,4.542282581329346,0.37168264389038086,10.170900344848633
T1,860,5,2,5.0257463455200195,5.08605432510376,5.043985366821289,5.10588264465332,-0.06189727783203125,-0.32181763648986816
T1,860,6,2,4.866568088531494,4.845037937164307,4.8123931884765625,4.795688629150391,0.016704559326171875,3.784451484680176
T1,860,7,3,6.421363353729248,5.255003452301025,6.437642574310303,5.24898624420166,1.1886563301086426,-1.808209776878357
T1,860,8,3,4.870270252227783,4.9447431564331055,4.870359897613525,4.922885894775391,-0.052525997161865234,0.15901336073875427
T1,860,9,3,4.698623180389404,5.327661514282227,4.721560955047607,5.351132869720459,-0.6295719146728516,-0.5005802512168884
T1,880,1,1,7.344162940979004,7.5465312004089355,7.370011329650879,7.5568108558654785,-0.1867995262145996,15.807487487792969
T1,880,2,1,6.012910842895508,6.08482027053833,6.035872936248779,6.106842041015625,-0.0709691047668457,-7.160239219665527
T1,880,3,1,6.10444450378418,6.167975425720215,6.113117218017578,6.181135177612305,-0.06801795959472656,11.173669815063477
T1,880,4,2,5.447622776031494,5.132779121398926,5.400268077850342,5.097506999969482,0.3027610778808594,10.170900344848633
T1,880,5,2,4.904042720794678,4.801602840423584,4.919314861297607,4.840926170349121,0.07838869094848633,-0.32181763648986816
T1,880,6,2,4.840853691101074,4.828999996185303,4.852344512939453,4.843688488006592,0.008656024932861328,3.784451484680176
T1,880,7,3,5.56574821472168,5.077735900878906,5.537470817565918,5.067361354827881,0.4701094627380371,-1.808209776878357
T1,880,8,3,5.210056781768799,5.3269524574279785,5.186374187469482,5.297341823577881,-0.11096763610839844,0.15901336073875427
T1,880,9,3,4.679764270782471,4.940659999847412,4.679265022277832,4.966922283172607,-0.2876572608947754,-0.5005802512168884
T1,900,1,1,6.411713600158691,6.644262313842773,6.438322067260742,6.616281986236572,-0.17795991897583008,15.807487487792969
T1,900,2,1,6.612778663635254,6.7262654304504395,6.581711769104004,6.685063362121582,-0.10335159301757812,-7.160239219665527
T1,900,3,1,5.853362560272217,5.986942768096924,5.868178367614746,5.992762088775635,-0.12458372116088867,11.173669815063477
T1,900,4,2,5.179184436798096,4.955374717712402,5.20381498336792,4.922722816467285,0.28109216690063477,10.170900344848633
T1,900,5,2,4.696563243865967,4.527974605560303,4.689052104949951,4.498260974884033,0.19079113006591797,-0.32181763648986816
T1,900,6,2,5.240918159484863,4.952144622802734,5.218723297119141,4.926551342010498,0.2921719551086426,3.784451484680176
T1,900,7,3,6.167953968048096,5.344010353088379,6.169716835021973,5.338625907897949,0.8310909271240234,-1.808209776878357
T1,900,8,3,4.537533283233643,4.514453411102295,4.588496208190918,4.563617706298828,0.024878501892089844,0.15901336073875427
T1,900,9,3,3.9583232402801514,4.485594749450684,4.036378383636475,4.511277198791504,-0.4748988151550293,-0.5005802512168884
T1,920,1,1,6.673769474029541,6.925076484680176,6.6790361404418945,6.9153313636779785,-0.23629522323608398,15.807487487792969
T1,920,2,1,6.924078464508057,6.987602710723877,6.915903091430664,6.982369422912598,-0.0664663314819336,-7.160239219665527
T1,920,3,1,5.950063228607178,6.029521465301514,5.915531635284424,6.00969123840332,-0.09415960311889648,11.173669815063477
T1,920,4,2,4.892874240875244,5.215758323669434,4.938301086425781,5.214601516723633,-0.27630043029785156,10.170900344848633
T1,920,5,2,4.7442827224731445,4.656691551208496,4.761828422546387,4.67145299911499,0.09037542343139648,-0.32181763648986816
T1,920,6,2,4.441967010498047,4.262400150299072,4.483470916748047,4.301453113555908,0.18201780319213867,3.784451484680176
T1,920,7,3,6.1160383224487305,5.7327141761779785,6.159544467926025,5.724783897399902,0.43476057052612305,-1.808209776878357
T1,920,8,3,4.874734401702881,4.923104763031006,4.860594749450684,4.905778884887695,-0.04518413543701172,0.15901336073875427
T1,920,9,3,5.274302005767822,4.831477165222168,5.2364678382873535,4.772110939025879,0.4643568992614746,-0.5005802512168884
T1,940,1,1,7.35304594039917,7.646424293518066,7.376787185668945,7.690027236938477,-0.31324005126953125,15.807487487792969
T1,940,2,1,7.220281600952148,7.261735916137695,7.253498077392578,7.287463665008545,-0.0339655876159668,-7.160239219665527
T1,940,3,1,6.061412334442139,6.118523120880127,6.011532783508301,6.079177379608154,-0.06764459609985352,11.173669815063477
T1,940,4,2,5.348421573638916,5.441081523895264,5.2784247398376465,5.379256248474121,-0.10083150863647461,10.170900344848633
T1,940,5,2,4.9852800369262695,4.9762139320373535,4.952784538269043,4.952741622924805,4.291534423828125e-05,-0.32181763648986816
T1,940,6,2,4.483903884887695,4.296010494232178,4.471826553344727,4.315199851989746,0.15662670135498047,3.784451484680176
T1,940,7,3,4.864060401916504,4.621891021728516,4.9536848068237305,4.665591239929199,0.28809356689453125,-1.808209776878357
T1,940,8,3,5.254796981811523,5.333367824554443,5.2580413818359375,5.3385796546936035,-0.08053827285766602,0.15901336073875427
T1,940,9,3,4.676904678344727,4.270207405090332,4.701678276062012,4.306884765625,0.3947935104370117,-0.5005802512168884
T1,960,1,1,7.346750259399414,7.621645450592041,7.372845649719238,7.641202449798584,-0.2683568000793457,15.807487487792969
T1,960,2,1,7.055652141571045,7.083285808563232,7.062518119812012,7.093649864196777,-0.031131744384765625,-7.160239219665527
T1,960,3,1,6.4079484939575195,6.470047950744629,6.377950191497803,6.448112487792969,-0.07016229629516602,11.173669815063477
T1,960,4,2,5.858402729034424,5.6263580322265625,5.826442241668701,5.59063196182251,0.2358102798461914,10.170900344848633
T1,960,5,2,5.4258904457092285,5.299478530883789,5.419473648071289,5.289268493652344,0.1302051544189453,-0.32181763648986816
T1,960,6,2,4.729075908660889,4.3330230712890625,4.704509258270264,4.327742099761963,0.3767671585083008,3.784451484680176
T1,960,7,3,5.1033244132995605,4.189428806304932,4.99976110458374,4.15686559677124,0.8428955078125,-1.808209776878357
T1,960,8,3,5.116853713989258,5.174723148345947,5.134256362915039,5.186882019042969,-0.05262565612792969,0.15901336073875427
T1,960,9,3,4.572997570037842,4.014302730560303,4.4729509353637695,3.9441123008728027,0.5288386344909668,-0.5005802512168884
T1,980,1,1,6.907009601593018,7.01190710067749,6.858545780181885,7.012313365936279,-0.15376758575439453,15.807487487792969
T1,980,2,1,7.276229381561279,7.3336405754089355,7.283766746520996,7.339613914489746,-0.05584716796875,-7.160239219665527
T1,980,3,1,6.868435859680176,6.8860602378845215,6.851659297943115,6.875543117523193,-0.023883819580078125,11.173669815063477
T1,980,4,2,5.4069108963012695,5.101868152618408,5.371160507202148,5.1131110191345215,0.25804948806762695,10.170900344848633
T1,980,5,2,4.920459270477295,4.835092067718506,4.963406562805176,4.860358238220215,0.10304832458496094,-0.32181763648986816
T1,980,6,2,4.695465087890625,4.464893817901611,4.732616901397705,4.481776714324951,0.2508401870727539,3.784451484680176
T1,980,7,3,5.40658712387085,5.275598526000977,5.440255165100098,5.2980055809021,0.14224958419799805,-1.808209776878357
T1,980,8,3,5.593855857849121,5.395591735839844,5.533658981323242,5.399885654449463,0.1337733268737793,0.15901336073875427
T1,980,9,3,5.118095397949219,5.254394054412842,5.109177112579346,5.274755954742432,-0.16557884216308594,-0.5005802512168884
T1,1000,1,1,7.100936412811279,7.210075378417969,7.130543231964111,7.232193946838379,-0.10165071487426758,11.884774208068848
T1,1000,2,1,6.889023303985596,6.899892330169678,6.911406517028809,6.916961193084717,-0.005554676055908203,-3.7065815925598145
T1,1000,3,1,6.761682033538818,6.803609848022461,6.821853160858154,6.855252265930176,-0.033399105072021484,7.325812339782715
T1,1000,4,2,5.5538740158081055,5.4113545417785645,5.663614273071289,5.496329307556152,0.16728496551513672,10.653871536254883
T1,1000,5,2,4.9176506996154785,4.779309272766113,4.951537609100342,4.832114219665527,0.11942338943481445,0.13458752632141113
T1,1000,6,2,4.510247707366943,4.330381393432617,4.540889263153076,4.364236354827881,0.1766529083251953,-0.20679521560668945
T1,1000,7,3,5.224376678466797,4.807545185089111,5.28120231628418,4.831094741821289,0.4501075744628906,-2.0997164249420166
T1,1000,8,3,4.793613910675049,4.561365127563477,4.816638469696045,4.595758438110352,0.22088003158569336,0.03944118320941925
T1,1000,9,3,5.123019695281982,4.95987606048584,5.154850959777832,5.017432689666748,0.13741827011108398,-1.260427713394165
T1,1020,1,1,6.579649925231934,6.695959568023682,6.643258094787598,6.760247230529785,-0.1169891357421875,11.884774208068848
T1,1020,2,1,6.588262557983398,6.610208988189697,6.586095333099365,6.610830783843994,-0.024735450744628906,-3.7065815925598145
T1,1020,3,1,6.926395893096924,6.917199611663818,6.842783451080322,6.8447065353393555,-0.0019230842590332031,7.325812339782715
T1,1020,4,2,5.495099067687988,4.925135612487793,5.366786956787109,4.862040042877197,0.5047469139099121,10.653871536254883
T1,1020,5,2,5.088340759277344,4.870282173156738,5.0037007331848145,4.764103412628174,0.23959732055664062,0.13458752632141113
T1,1020,6,2,4.216006755828857,4.145218849182129,4.217076778411865,4.131793975830078,0.08528280258178711,-0.20679521560668945
T1,1020,7,3,4.833192825317383,5.149835109710693,4.873980522155762,5.105762481689453,-0.2317819595336914,-2.0997164249420166
T1,1020,8,3,4.686153411865234,4.758756160736084,4.700477123260498,4.7454023361206055,-0.04492521286010742,0.03944118320941925
T1,1020,9,3,4.360805988311768,4.727120876312256,4.380489349365234,4.795950889587402,-0.41546154022216797,-1.260427713394165
T1,1040,1,1,6.574093818664551,6.657386302947998,6.4935808181762695,6.553623676300049,-0.0600428581237793,11.884774208068848
T1,1040,2,1,6.470430374145508,6.490939617156982,6.491132736206055,6.510507106781006,-0.019374370574951172,-3.7065815925598145
T1,1040,3,1,7.313650131225586,7.291951656341553,7.336930751800537,7.315540790557861,0.02138996124267578,7.325812339782715
T1,1040,4,2,5.435769557952881,5.309852600097656,5.488875389099121,5.3700079917907715,0.11886739730834961,10.653871536254883
T1,1040,5,2,4.8639702796936035,4.979295253753662,4.853902816772461,4.948398590087891,-0.09449577331542969,0.13458752632141113
T1,1040,6,2,4.070598125457764,4.129123687744141,4.019978046417236,4.079360485076904,-0.05938243865966797,-0.20679521560668945
T1,1040,7,3,5.393524169921875,5.233290195465088,5.267185211181641,5.244082450866699,0.023102760314941406,-2.0997164249420166
T1,1040,8,3,4.866322994232178,4.814695358276367,4.892882823944092,4.822228908538818,0.07065391540527344,0.03944118320941925
T1,1040,9,3,4.8630475997924805,4.703546047210693,4.852451324462891,4.678018093109131,0.17443323135375977,-1.260427713394165
T1,1060,1,1,6.405036449432373,6.614124298095703,6.388740062713623,6.608942031860352,-0.22020196914672852,11.884774208068848
T1,1060,2,1,6.224733352661133,6.280223369598389,6.221015930175781,6.274576187133789,-0.05356025695800781,-3.7065815925598145
T1,1060,3,1,6.925382614135742,6.994167804718018,6.957837104797363,7.032345771789551,-0.0745086669921875,7.325812339782715
T1,1060,4,2,5.574216842651367,5.054078578948975,5.573591232299805,5.066013813018799,0.5075774192810059,10.653871536254883
T1,1060,5,2,4.5981035232543945,4.595608711242676,4.589109897613525,4.583132743835449,0.005977153778076172,0.13458752632141113
T1,1060,6,2,4.770593643188477,4.944828033447266,4.762287616729736,4.931210994720459,-0.16892337799072266,-0.20679521560668945
T1,1060,7,3,7.541253089904785,5.30190372467041,7.574265956878662,5.308043003082275,2.2662229537963867,-2.0997164249420166
T1,1060,8,3,5.456348419189453,5.536032199859619,5.427356719970703,5.494906902313232,-0.0675501823425293,0.03944118320941925
T1,1060,9,3,5.27623987197876,4.662219524383545,5.2510881423950195,4.6837639808654785,0.567324161529541,-1.260427713394165
T1,1080,1,1,6.474302768707275,6.497015953063965,6.463976860046387,6.508556842803955,-0.04457998275756836,11.884774208068848
T1,1080,2,1,6.428244113922119,6.461942672729492,6.430114269256592,6.4677276611328125,-0.0376133918762207,-3.7065815925598145
T1,1080,3,1,6.511387348175049,6.591450214385986,6.48471212387085,6.541029930114746,-0.056317806243896484,7.325812339782715
T1,1080,4,2,5.143668174743652,5.093399524688721,5.138192653656006,5.106688499450684,0.031504154205322266,10.653871536254883
T1,1080,5,2,5.226095676422119,5.038059711456299,5.231061935424805,5.030294895172119,0.20076704025268555,0.13458752632141113
T1,1080,6,2,4.813757419586182,4.853316307067871,4.83449125289917,4.875709056854248,-0.041217803955078125,-0.20679521560668945
T1,1080,7,3,6.508037090301514,6.539575099945068,6.6231279373168945,6.582440376281738,0.04068756103515625,-2.0997164249420166
T1,1080,8,3,5.454748630523682,5.40287446975708,5.50404691696167,5.456765174865723,0.047281742095947266,0.03944118320941925
T1,1080,9,3,5.313072681427002,4.634755611419678,5.313835620880127,4.604620456695557,0.7092151641845703,-1.260427713394165
T1,1100,1,1,6.15411901473999,6.263152122497559,6.159678936004639,6.270986557006836,-0.11130762100219727,11.884774208068848
T1,1100,2,1,6.1298723220825195,6.117371082305908,6.148843765258789,6.136519432067871,0.012324333190917969,-3.7065815925598145
T1,1100,3,1,7.099893569946289,7.140652656555176,7.122750282287598,7.172364234924316,-0.04961395263671875,7.325812339782715
T1,1100,4,2,5.772628307342529,5.479786396026611,5.732730865478516,5.455474853515625,0.2772560119628906,10.653871536254883
T1,1100,5,2,4.978251934051514,4.934691905975342,5.007226943969727,4.960399150848389,0.04682779312133789,0.13458752632141113
T1,1100,6,2,4.265827178955078,4.295365810394287,4.273580074310303,4.282122611999512,-0.008542537689208984,-0.20679521560668945
T1,1100,7,3,4.636844635009766,5.533186912536621,4.674732208251953,5.591667175292969,-0.9169349670410156,-2.0997164249420166
T1,1100,8,3,5.082454204559326,5.167847156524658,5.0778045654296875,5.076921463012695,0.0008831024169921875,0.03944118320941925
T1,1100,9,3,4.381571292877197,4.494128227233887,4.387484550476074,4.523898124694824,-0.13641357421875,-1.260427713394165
T1,1120,1,1,6.469165802001953,6.589123249053955,6.435604095458984,6.576125621795654,-0.14052152633666992,11.884774208068848
T1,1120,2,1,5.721604824066162,5.7296600341796875,5.767467021942139,5.769534111022949,-0.002067089080810547,-3.7065815925598145
T1,1120,3,1,6.96096134185791,6.998230457305908,6.948526859283447,6.979620456695557,-0.031093597412109375,7.325812339782715
T1,1120,4,2,5.107883453369141,4.982342720031738,5.128570079803467,4.991052627563477,0.13751745223999023,10.653871536254883
T1,1120,5,2,4.897531509399414,4.773133754730225,4.835780620574951,4.711706161499023,0.12407445907592773,0.13458752632141113
T1,1120,6,2,4.277672290802002,4.214160442352295,4.175509452819824,4.133309841156006,0.04219961166381836,-0.20679521560668945
T1,1120,7,3,5.702436447143555,5.607598781585693,5.690056800842285,5.476767539978027,0.2132892608642578,-2.0997164249420166
T1,1120,8,3,5.900162220001221,5.58042049407959,5.964634895324707,5.637715816497803,0.3269190788269043,0.03944118320941925
T1,1120,9,3,4.248057842254639,4.132570266723633,4.2480387687683105,4.106513023376465,0.1415257453918457,-1.260427713394165
T1,1140,1,1,6.552506923675537,6.674219608306885,6.5538225173950195,6.679261684417725,-0.12543916702270508,11.884774208068848
T1,1140,2,1,5.613002777099609,5.640002727508545,5.636024475097656,5.66368293762207,-0.027658462524414062,-3.7065815925598145
T1,1140,3,1,7.766716003417969,7.830697536468506,7.731626510620117,7.775001525878906,-0.04337501525878906,7.325812339782715
T1,1140,4,2,5.088730812072754,4.844872951507568,5.039103031158447,4.820865631103516,0.21823740005493164,10.653871536254883
T1,1140,5,2,5.315701007843018,5.2618184089660645,5.288740634918213,5.233233451843262,0.05550718307495117,0.13458752632141113
T1,1140,6,2,5.197749137878418,5.15833854675293,5.246401786804199,5.206726551055908,0.039675235748291016,-0.20679521560668945
T1,1140,7,3,5.223249435424805,5.311198711395264,5.253803730010986,5.32680082321167,-0.0729970932006836,-2.0997164249420166
T1,1140,8,3,5.065417766571045,4.99406623840332,5.164531707763672,5.067294120788574,0.09723758697509766,0.03944118320941925
T1,1140,9,3,4.749838829040527,4.741501331329346,4.669187545776367,4.711287021636963,-0.0420994758605957,-1.260427713394165
T1,1160,1,1,6.405575752258301,6.458471298217773,6.455934524536133,6.526648998260498,-0.07071447372436523,11.884774208068848
T1,1160,2,1,5.698751449584961,5.7041707038879395,5.7070112228393555,5.71879243850708,-0.01178121566772461,-3.7065815925598145
T1,1160,3,1,7.342681884765625,7.337487697601318,7.428142547607422,7.432731628417969,-0.004589080810546875,7.325812339782715
T1,1160,4,2,5.1826324462890625,5.127269744873047,5.207636833190918,5.149522304534912,0.05811452865600586,10.653871536254883
T1,1160,5,2,5.3310370445251465,5.3029704093933105,5.318180561065674,5.291113376617432,0.027067184448242188,0.13458752632141113
T1,1160,6,2,4.943412780761719,4.678906440734863,4.984055519104004,4.728016376495361,0.2560391426086426,-0.20679521560668945
T1,1160,7,3,5.539619445800781,4.898169040679932,5.565446376800537,4.954591751098633,0.6108546257019043,-2.0997164249420166
T1,1160,8,3,4.879517555236816,4.560873985290527,4.85048770904541,4.561999320983887,0.28848838806152344,0.03944118320941925
T1,1160,9,3,4.935753345489502,5.009875297546387,4.94040584564209,5.016526222229004,-0.07612037658691406,-1.260427713394165
T1,1180,1,1,5.699420928955078,5.7214674949646,5.755666732788086,5.7827067375183105,-0.02704000473022461,11.884774208068848
T1,1180,2,1,5.345720291137695,5.352596759796143,5.366418838500977,5.374076843261719,-0.0076580047607421875,-3.7065815925598145
T1,1180,3,1,6.847137451171875,6.895923614501953,6.836976051330566,6.883338928222656,-0.046362876892089844,7.325812339782715
T1,1180,4,2,4.77470064163208,4.820174217224121,4.792267322540283,4.851755142211914,-0.05948781967163086,10.653871536254883
T1,1180,5,2,4.5924248695373535,4.582922458648682,4.641799449920654,4.624587535858154,0.0172119140625,0.13458752632141113
T1,1180,6,2,4.229443073272705,4.032323360443115,4.243924140930176,4.04168701171875,0.20223712921142578,-0.20679521560668945
T1,1180,7,3,5.728559494018555,4.922884941101074,5.700294017791748,4.9812116622924805,0.7190823554992676,-2.0997164249420166
T1,1180,8,3,4.232682704925537,4.283260345458984,4.2918925285339355,4.284077167510986,0.007815361022949219,0.03944118320941925
T1,1180,9,3,4.725191116333008,4.810259819030762,4.695371627807617,4.754919528961182,-0.05954790115356445,-1.260427713394165
T1,1200,1,1,5.309672832489014,5.296397686004639,5.310328483581543,5.297708511352539,0.012619972229003906,8.029853820800781
T1,1200,2,1,4.771899700164795,4.767297744750977,4.835783958435059,4.831296443939209,0.004487514495849609,-0.14939260482788086
T1,1200,3,1,6.62024450302124,6.758692264556885,6.650245189666748,6.789177417755127,-0.1389322280883789,11.104242324829102
T1,1200,4,2,4.397735118865967,4.16193962097168,4.4434356689453125,4.184420108795166,0.2590155601501465,7.446970462799072
T1,1200,5,2,3.946343183517456,3.9463717937469482,4.013871192932129,4.0153303146362305,-0.0014591217041015625,-0.930351734161377
T1,1200,6,2,4.14753532409668,4.016883373260498,4.1923298835754395,4.044504165649414,0.1478257179260254,3.755863666534424
T1,1200,7,3,5.605934143066406,5.390612602233887,5.583122253417969,5.418508052825928,0.16461420059204102,-0.8027335405349731
T1,1200,8,3,5.498997211456299,5.077911376953125,5.40794563293457,4.9625630378723145,0.44538259506225586,0.805677056312561
T1,1200,9,3,4.603195667266846,4.708179473876953,4.689763069152832,4.770705699920654,-0.08094263076782227,-1.8494058847427368
T1,1220,1,1,5.0608229637146,5.090576648712158,5.065078258514404,5.107728004455566,-0.04264974594116211,8.029853820800781
T1,1220,2,1,4.768001556396484,4.76993989944458,4.678152084350586,4.679651260375977,-0.001499176025390625,-0.14939260482788086
T1,1220,3,1,6.260828971862793,6.356541633605957,6.299684524536133,6.389901638031006,-0.09021711349487305,11.104242324829102
T1,1220,4,2,4.494665622711182,4.070240497589111,4.541286945343018,4.119593143463135,0.4216938018798828,7.446970462799072
T1,1220,5,2,3.9277358055114746,3.8993258476257324,3.920048952102661,3.8947973251342773,0.02525162696838379,-0.930351734161377
T1,1220,6,2,3.9208030700683594,3.832927703857422,3.868422508239746,3.79363751411438,0.07478499412536621,3.755863666534424
T1,1220,7,3,4.947253704071045,4.98093318939209,5.1102800369262695,5.089161396026611,0.021118640899658203,-0.8027335405349731
T1,1220,8,3,4.604584693908691,4.817892551422119,4.626614570617676,4.868170261383057,-0.24155569076538086,0.805677056312561
T1,1220,9,3,4.763919353485107,4.433723449707031,4.753449440002441,4.3726420402526855,0.38080739974975586,-1.8494058847427368
T1,1240,1,1,4.740902423858643,4.745492458343506,4.802517890930176,4.806033134460449,-0.0035152435302734375,8.029853820800781
T1,1240,2,1,4.873420238494873,4.874223709106445,4.902914047241211,4.90388298034668,-0.00096893310546875,-0.14939260482788086
T1,1240,3,1,6.003446578979492,6.131402492523193,6.032036304473877,6.16029691696167,-0.12826061248779297,11.104242324829102
T1,1240,4,2,3.7434327602386475,3.404940605163574,3.7808642387390137,3.427828788757324,0.35303544998168945,7.446970462799072
T1,1240,5,2,3.8064892292022705,3.7605350017547607,3.811903238296509,3.7710273265838623,0.040875911712646484,-0.930351734161377
T1,1240,6,2,4.121237277984619,4.123838424682617,4.106234550476074,4.123593807220459,-0.017359256744384766,3.755863666534424
T1,1240,7,3,4.504817008972168,4.142307281494141,4.53028678894043,4.175970554351807,0.35431623458862305,-0.8027335405349731
T1,1240,8,3,4.580216407775879,4.510500907897949,4.616583347320557,4.554378509521484,0.062204837799072266,0.805677056312561
T1,1240,9,3,3.862212657928467,4.522911071777344,3.8822200298309326,4.549596309661865,-0.6673762798309326,-1.8494058847427368
T1,1260,1,1,4.5896172523498535,4.59876823425293,4.578981399536133,4.5930681228637695,-0.014086723327636719,8.029853820800781
T1,1260,2,1,4.448915958404541,4.4516682624816895,4.444148063659668,4.446721076965332,-0.0025730133056640625,-0.14939260482788086
T1,1260,3,1,5.922155380249023,5.979042053222656,5.925063610076904,5.9922709465026855,-0.06720733642578125,11.104242324829102
T1,1260,4,2,3.4622788429260254,3.1300573348999023,3.4640908241271973,3.1559317111968994,0.30815911293029785,7.446970462799072
T1,1260,5,2,4.157967567443848,4.11688232421875,4.13153600692749,4.0734992027282715,0.05803680419921875,-0.930351734161377
T1,1260,6,2,3.9516983032226562,4.091710090637207,3.982431173324585,4.08951473236084,-0.10708355903625488,3.755863666534424
T1,1260,7,3,4.547728061676025,4.360334396362305,4.598115921020508,4.360042095184326,0.23807382583618164,-0.8027335405349731
T1,1260,8,3,4.471340656280518,4.421109199523926,4.502399444580078,4.444753646850586,0.05764579772949219,0.805677056312561
T1,1260,9,3,3.2559287548065186,3.570880651473999,3.3090877532958984,3.6300015449523926,-0.32091379165649414,-1.8494058847427368
T1,1280,1,1,4.747934341430664,4.775871276855469,4.715928077697754,4.752394676208496,-0.03646659851074219,8.029853820800781
T1,1280,2,1,4.523244380950928,4.5232625007629395,4.53346061706543,4.533790111541748,-0.0003294944763183594,-0.14939260482788086
T1,1280,3,1,5.64579963684082,5.756126880645752,5.64453125,5.76475191116333,-0.12022066116333008,11.104242324829102
T1,1280,4,2,3.5512256622314453,3.4362800121307373,3.5308051109313965,3.384951114654541,0.14585399627685547,7.446970462799072
T1,1280,5,2,3.895495891571045,3.8892691135406494,3.956972599029541,3.9498345851898193,0.00713801383972168,-0.930351734161377
T1,1280,6,2,3.79610276222229,3.948910713195801,3.8075220584869385,3.983883857727051,-0.1763617992401123,3.755863666534424
T1,1280,7,3,3.3257901668548584,3.7066988945007324,3.4044957160949707,3.7650952339172363,-0.3605995178222656,-0.8027335405349731
T1,1280,8,3,4.155214786529541,4.2236456871032715,4.20090913772583,4.236364364624023,-0.03545522689819336,0.805677056312561
T1,1280,9,3,3.110732078552246,3.6212868690490723,2.984222650527954,3.492593765258789,-0.508371114730835,-1.8494058847427368
T1,1300,1,1,4.845096111297607,4.881516933441162,4.811974048614502,4.852672576904297,-0.04069852828979492,8.029853820800781
T1,1300,2,1,4.652660846710205,4.650997638702393,4.596436500549316,4.594776630401611,0.0016598701477050781,-0.14939260482788086
T1,1300,3,1,5.472854137420654,5.553368091583252,5.494472980499268,5.578457355499268,-0.083984375,11.104242324829102
T1,1300,4,2,3.4358785152435303,3.580104351043701,3.448976993560791,3.594045400619507,-0.14506840705871582,7.446970462799072
T1,1300,5,2,3.306325912475586,3.3207790851593018,3.32682466506958,3.3386423587799072,-0.011817693710327148,-0.930351734161377
T1,1300,6,2,4.105992794036865,3.747152328491211,4.072567462921143,3.739436149597168,0.3331313133239746,3.755863666534424
T1,1300,7,3,3.173151731491089,3.107095956802368,3.1507461071014404,3.1007022857666016,0.05004382133483887,-0.8027335405349731
T1,1300,8,3,4.09219217300415,4.172646522521973,4.068201065063477,4.184120178222656,-0.11591911315917969,0.805677056312561
T1,1300,9,3,3.711148738861084,4.119678974151611,3.7347147464752197,4.155750274658203,-0.4210355281829834,-1.8494058847427368
T1,1320,1,1,5.1184797286987305,5.138172149658203,5.116701126098633,5.128981113433838,-0.012279987335205078,8.029853820800781
T1,1320,2,1,4.62144660949707,4.620087623596191,4.6491169929504395,4.647600173950195,0.0015168190002441406,-0.14939260482788086
T1,1320,3,1,5.456149578094482,5.549540996551514,5.480529308319092,5.572458744049072,-0.09192943572998047,11.104242324829102
T1,1320,4,2,3.4537415504455566,3.5378611087799072,3.453169345855713,3.5103378295898438,-0.05716848373413086,7.446970462799072
T1,1320,5,2,3.0528550148010254,3.0467209815979004,3.0380868911743164,3.0268235206604004,0.011263370513916016,-0.930351734161377
T1,1320,6,2,3.9594976902008057,3.6371631622314453,4.016890525817871,3.6641221046447754,0.3527684211730957,3.755863666534424
T1,1320,7,3,3.4211952686309814,3.4020533561706543,3.398284435272217,3.382725715637207,0.015558719635009766,-0.8027335405349731
T1,1320,8,3,3.60398530960083,3.62764835357666,3.6326258182525635,3.6378509998321533,-0.005225181579589844,0.805677056312561
T1,1320,9,3,3.1520771980285645,3.1824240684509277,3.161982536315918,3.181662082672119,-0.019679546356201172,-1.8494058847427368
T1,1340,1,1,5.324297904968262,5.403262138366699,5.346829891204834,5.428195476531982,-0.08136558532714844,8.029853820800781
T1,1340,2,1,4.597225666046143,4.598190784454346,4.564153671264648,4.56484317779541,-0.0006895065307617188,-0.14939260482788086
T1,1340,3,1,5.221019744873047,5.297518730163574,5.221187114715576,5.306845188140869,-0.08565807342529297,11.104242324829102
T1,1340,4,2,3.6537487506866455,3.736457586288452,3.607902765274048,3.718832492828369,-0.11092972755432129,7.446970462799072
T1,1340,5,2,3.6700308322906494,3.742661952972412,3.640488386154175,3.7184886932373047,-0.07800030708312988,-0.930351734161377
T1,1340,6,2,3.8202364444732666,3.5045981407165527,3.8121120929718018,3.4925694465637207,0.31954264640808105,3.755863666534424
T1,1340,7,3,4.026011943817139,3.625333070755005,4.010054588317871,3.6130683422088623,0.3969862461090088,-0.8027335405349731
T1,1340,8,3,3.221453905105591,3.185711145401001,3.253990650177002,3.224459171295166,0.029531478881835938,0.805677056312561
T1,1340,9,3,3.1423213481903076,2.987391233444214,3.071794271469116,2.9310779571533203,0.1407163143157959,-1.8494058847427368
T1,1360,1,1,5.099235534667969,5.1128830909729,5.05549430847168,5.073363780975342,-0.01786947250366211,8.029853820800781
T1,1360,2,1,4.942476749420166,4.9445977210998535,4.881587028503418,4.884023666381836,-0.0024366378784179688,-0.14939260482788086
T1,1360,3,1,5.612106800079346,5.641563415527344,5.636495590209961,5.670598983764648,-0.0341033935546875,11.104242324829102
T1,1360,4,2,3.788465738296509,3.7867352962493896,3.78363299369812,3.7942252159118652,-0.010592222213745117,7.446970462799072
T1,1360,5,2,3.79683256149292,3.779106855392456,3.8095827102661133,3.795773983001709,0.013808727264404297,-0.930351734161377
T1,1360,6,2,3.9532861709594727,3.6407299041748047,3.951408863067627,3.646418809890747,0.3049900531768799,3.755863666534424
T1,1360,7,3,4.033173561096191,3.960405111312866,4.014900207519531,3.9409375190734863,0.07396268844604492,-0.8027335405349731
T1,1360,8,3,3.1963484287261963,3.1634206771850586,3.2227015495300293,3.1478281021118164,0.07487344741821289,0.805677056312561
T1,1360,9,3,4.043302536010742,4.226845741271973,4.015993118286133,4.215417385101318,-0.19942426681518555,-1.8494058847427368
T1,1380,1,1,5.228794097900391,5.260135650634766,5.240163326263428,5.275493621826172,-0.03533029556274414,8.029853820800781
T1,1380,2,1,4.847533702850342,4.849582672119141,4.865506649017334,4.867365837097168,-0.0018591880798339844,-0.14939260482788086
T1,1380,3,1,5.671058177947998,5.784224987030029,5.634918689727783,5.752951145172119,-0.11803245544433594,11.104242324829102
T1,1380,4,2,3.725515604019165,3.8135905265808105,3.7740883827209473,3.855170726776123,-0.08108234405517578,7.446970462799072
T1,1380,5,2,3.436194658279419,3.4507358074188232,3.48698353767395,3.49979305267334,-0.012809514999389648,-0.930351734161377
T1,1380,6,2,3.908134937286377,3.6427509784698486,3.8970766067504883,3.6262905597686768,0.2707860469818115,3.755863666534424
T1,1380,7,3,3.7417547702789307,3.7438533306121826,3.7721338272094727,3.752208948135376,0.01992487907409668,-0.8027335405349731
T1,1380,8,3,3.4335973262786865,3.371232748031616,3.3986215591430664,3.299088716506958,0.0995328426361084,0.805677056312561
T1,1380,9,3,3.4923675060272217,4.014072418212891,3.546360731124878,4.070788860321045,-0.524428129196167,-1.8494058847427368
T1,1400,1,1,5.0187201499938965,5.020262718200684,5.048154354095459,5.053468704223633,-0.005314350128173828,4.128695011138916
T1,1400,2,1,4.902402877807617,4.913112640380859,4.896826267242432,4.911375522613525,-0.01454925537109375,3.820920705795288
T1,1400,3,1,5.729855060577393,5.870776176452637,5.7230706214904785,5.878681182861328,-0.1556105613708496,12.979378700256348
T1,1400,4,2,3.247833490371704,3.1768057346343994,3.241163730621338,3.1917293071746826,0.04943442344665527,4.519399642944336
T1,1400,5,2,2.9909512996673584,3.057849884033203,3.002258062362671,3.0699565410614014,-0.06769847869873047,2.914369583129883
T1,1400,6,2,3.8830273151397705,3.626180648803711,3.8956949710845947,3.6436710357666016,0.25202393531799316,7.315794944763184
T1,1400,7,3,3.3163418769836426,3.6077990531921387,3.3478851318359375,3.581521987915039,-0.23363685607910156,-0.27764981985092163
T1,1400,8,3,3.6515324115753174,3.54850697517395,3.6693103313446045,3.5544638633728027,0.11484646797180176,0.4038945436477661
T1,1400,9,3,3.986894130706787,3.7758569717407227,3.9301910400390625,3.731686592102051,0.19850444793701172,-1.8581138849258423
T1,1420,1,1,5.178685665130615,5.215848445892334,5.162341594696045,5.198739528656006,-0.03639793395996094,4.128695011138916
T1,1420,2,1,4.958664894104004,4.962815761566162,4.951303005218506,4.960074424743652,-0.008771419525146484,3.820920705795288
T1,1420,3,1,5.521607875823975,5.600506782531738,5.520806312561035,5.6310648918151855,-0.11025857925415039,12.979378700256348
T1,1420,4,2,3.5759224891662598,3.373870611190796,3.584520101547241,3.388740062713623,0.19578003883361816,4.519399642944336
T1,1420,5,2,3.1235663890838623,3.151603937149048,3.10646915435791,3.1312639713287354,-0.024794816970825195,2.914369583129883
T1,1420,6,2,3.813138484954834,3.70076322555542,3.8142409324645996,3.699631452560425,0.1146094799041748,7.315794944763184
T1,1420,7,3,3.8852970600128174,3.952589750289917,3.8271007537841797,3.9213037490844727,-0.09420299530029297,-0.27764981985092163
T1,1420,8,3,3.886903762817383,3.8845949172973633,3.8811562061309814,3.870105743408203,0.01105046272277832,0.4038945436477661
T1,1420,9,3,3.7860872745513916,3.958650588989258,3.773472547531128,3.9129858016967773,-0.13951325416564941,-1.8581138849258423
T1,1440,1,1,5.197897434234619,5.178786754608154,5.2476725578308105,5.23194694519043,0.01572561264038086,4.128695011138916
T1,1440,2,1,4.94040584564209,4.962804794311523,4.969926357269287,4.990241527557373,-0.020315170288085938,3.820920705795288
T1,1440,3,1,5.349501609802246,5.492176532745361,5.359686374664307,5.495315074920654,-0.13562870025634766,12.979378700256348
T1,1440,4,2,3.3110852241516113,2.949188709259033,3.2846689224243164,2.9592390060424805,0.32542991638183594,4.519399642944336
T1,1440,5,2,4.020000457763672,4.040955543518066,3.9804389476776123,4.011857032775879,-0.0314180850982666,2.914369583129883
T1,1440,6,2,3.969738245010376,3.938405990600586,3.9685606956481934,3.929680109024048,0.03888058662414551,7.315794944763184
T1,1440,7,3,3.764646530151367,4.018868446350098,3.822326183319092,4.0599751472473145,-0.23764896392822266,-0.27764981985092163
T1,1440,8,3,3.877023696899414,3.7344765663146973,3.889474391937256,3.74752140045166,0.1419529914855957,0.4038945436477661
T1,1440,9,3,4.299025535583496,4.095295429229736,4.28242301940918,4.1239752769470215,0.1584477424621582,-1.8581138849258423
T1,1460,1,1,5.188477039337158,5.196452617645264,5.119199752807617,5.127392768859863,-0.008193016052246094,4.128695011138916
T1,1460,2,1,4.763335704803467,4.77484655380249,4.799851894378662,4.811495304107666,-0.011643409729003906,3.820920705795288
T1,1460,3,1,5.087908744812012,5.222970962524414,5.0924973487854,5.228909969329834,-0.1364126205444336,12.979378700256348
T1,1460,4,2,3.7026734352111816,3.518303394317627,3.720545768737793,3.5145199298858643,0.2060258388519287,4.519399642944336
T1,1460,5,2,3.8974335193634033,3.864753246307373,3.9142518043518066,3.877354621887207,0.03689718246459961,2.914369583129883
T1,1460,6,2,4.060608386993408,3.7880547046661377,4.0445990562438965,3.7980666160583496,0.24653244018554688,7.315794944763184
T1,1460,7,3,4.321619033813477,4.152328014373779,4.211636066436768,4.008173942565918,0.2034621238708496,-0.27764981985092163
T1,1460,8,3,3.3232803344726562,3.3677682876586914,3.337677001953125,3.3903279304504395,-0.05265092849731445,0.4038945436477661
T1,1460,9,3,4.180631637573242,3.861881971359253,4.218107223510742,3.8406057357788086,0.3775014877319336,-1.8581138849258423
T1,1480,1,1,5.137571334838867,5.136260509490967,5.1351470947265625,5.134970188140869,0.00017690658569335938,4.128695011138916
T1,1480,2,1,4.571822643280029,4.561713218688965,4.574578285217285,4.561963081359863,0.012615203857421875,3.820920705795288
T1,1480,3,1,5.256087779998779,5.346285820007324,5.2365522384643555,5.318386077880859,-0.0818338394165039,12.979378700256348
T1,1480,4,2,3.7891082763671875,3.5164952278137207,3.7908694744110107,3.5159952640533447,0.274874210357666,4.519399642944336
T1,1480,5,2,3.6365392208099365,3.650200843811035,3.6347153186798096,3.645968437194824,-0.011253118515014648,2.914369583129883
T1,1480,6,2,4.158681869506836,3.824716567993164,4.176810264587402,3.836235523223877,0.3405747413635254,7.315794944763184
T1,1480,7,3,4.301551342010498,4.472105026245117,4.360956192016602,4.502933502197266,-0.14197731018066406,-0.27764981985092163
T1,1480,8,3,3.5605666637420654,3.557832956314087,3.575679063796997,3.550528049468994,0.02515101432800293,0.4038945436477661
T1,1480,9,3,3.4515140056610107,3.8766708374023438,3.4554367065429688,3.901238441467285,-0.4458017349243164,-1.8581138849258423
T1,1500,1,1,5.011417388916016,4.984628200531006,5.0375237464904785,5.013837814331055,0.023685932159423828,4.128695011138916
T1,1500,2,1,4.850449085235596,4.893662929534912,4.848208904266357,4.890601634979248,-0.042392730712890625,3.820920705795288
T1,1500,3,1,5.07431697845459,5.178170204162598,5.093256950378418,5.189614295959473,-0.09635734558105469,12.979378700256348
T1,1500,4,2,3.652467966079712,3.4715726375579834,3.650308132171631,3.464529514312744,0.18577861785888672,4.519399642944336
T1,1500,5,2,3.4757790565490723,3.5027363300323486,3.4766688346862793,3.5061306953430176,-0.02946186065673828,2.914369583129883
T1,1500,6,2,4.25737190246582,3.891627073287964,4.237832546234131,3.8730013370513916,0.36483120918273926,7.315794944763184
T1,1500,7,3,3.8798046112060547,3.9460954666137695,3.878305435180664,3.9708619117736816,-0.09255647659301758,-0.27764981985092163
T1,1500,8,3,3.494346857070923,3.459589719772339,3.479783058166504,3.4545373916625977,0.02524566650390625,0.4038945436477661
T1,1500,9,3,4.322396278381348,4.026042461395264,4.275979995727539,3.980945348739624,0.29503464698791504,-1.8581138849258423
T1,1520,1,1,5.004292011260986,5.022134304046631,5.0238776206970215,5.0371246337890625,-0.013247013092041016,4.128695011138916
T1,1520,2,1,4.802669048309326,4.817349910736084,4.846643924713135,4.859551429748535,-0.01290750503540039,3.820920705795288
T1,1520,3,1,5.061184883117676,5.181064605712891,5.063743591308594,5.176263809204102,-0.11252021789550781,12.979378700256348
T1,1520,4,2,3.517421245574951,3.441194534301758,3.495182991027832,3.4212985038757324,0.07388448715209961,4.519399642944336
T1,1520,5,2,3.370739221572876,3.3679802417755127,3.387179374694824,3.38720703125,-2.765655517578125e-05,2.914369583129883
T1,1520,6,2,4.383975505828857,3.870205879211426,4.411280632019043,3.90671968460083,0.5045609474182129,7.315794944763184
T1,1520,7,3,3.8452181816101074,3.743178606033325,3.840202808380127,3.738933563232422,0.10126924514770508,-0.27764981985092163
T1,1520,8,3,3.351850748062134,3.288121461868286,3.3441836833953857,3.278334140777588,0.06584954261779785,0.4038945436477661
T1,1520,9,3,3.76865816116333,3.6311378479003906,3.7838644981384277,3.6790413856506348,0.10482311248779297,-1.8581138849258423
T1,1540,1,1,5.151575088500977,5.144833564758301,5.171562194824219,5.165642738342285,0.005919456481933594,4.128695011138916
T1,1540,2,1,4.820857524871826,4.814338684082031,4.801713943481445,4.792971611022949,0.008742332458496094,3.820920705795288
T1,1540,3,1,4.998839855194092,5.070870876312256,5.0040364265441895,5.069286823272705,-0.06525039672851562,12.979378700256348
T1,1540,4,2,3.7485063076019287,3.7589447498321533,3.7370498180389404,3.760580539703369,-0.02353072166442871,4.519399642944336
T1,1540,5,2,3.4670140743255615,3.4386446475982666,3.4411559104919434,3.4160876274108887,0.025068283081054688,2.914369583129883
T1,1540,6,2,4.350219249725342,3.953463315963745,4.364776611328125,3.933448553085327,0.43132805824279785,7.315794944763184
T1,1540,7,3,4.071803092956543,3.741114377975464,4.038076400756836,3.7669153213500977,0.2711610794067383,-0.27764981985092163
T1,1540,8,3,4.189571857452393,4.146402359008789,4.188599109649658,4.135419845581055,0.053179264068603516,0.4038945436477661
T1,1540,9,3,4.503176689147949,4.671198844909668,4.483396053314209,4.5505900382995605,-0.06719398498535156,-1.8581138849258423
T1,1560,1,1,5.116531848907471,5.110983371734619,5.082830905914307,5.081989765167236,0.0008411407470703125,4.128695011138916
T1,1560,2,1,4.7232279777526855,4.720099449157715,4.7279767990112305,4.720765590667725,0.007211208343505859,3.820920705795288
T1,1560,3,1,5.163503646850586,5.210366725921631,5.198008060455322,5.242441177368164,-0.0444331169128418,12.979378700256348
T1,1560,4,2,3.606854200363159,3.687962293624878,3.5911335945129395,3.6650776863098145,-0.073944091796875,4.519399642944336
T1,1560,5,2,3.8430826663970947,3.726215124130249,3.8154263496398926,3.701054573059082,0.11437177658081055,2.914369583129883
T1,1560,6,2,3.867016315460205,3.718827247619629,3.8936736583709717,3.7481610774993896,0.14551258087158203,7.315794944763184
T1,1560,7,3,4.052255153656006,3.6504464149475098,4.017430305480957,3.630984306335449,0.3864459991455078,-0.27764981985092163
T1,1560,8,3,3.582528591156006,3.7874863147735596,3.587510347366333,3.799927234649658,-0.2124168872833252,0.4038945436477661
T1,1560,9,3,5.020420551300049,5.030586242675781,5.061398029327393,5.046073913574219,0.015324115753173828,-1.8581138849258423
T1,1580,1,1,5.4792704582214355,5.51931095123291,5.5074639320373535,5.551943778991699,-0.0444798469543457,4.128695011138916
T1,1580,2,1,4.548062801361084,4.573965072631836,4.557352542877197,4.5800042152404785,-0.02265167236328125,3.820920705795288
T1,1580,3,1,4.75888729095459,4.789210319519043,4.769719123840332,4.8149566650390625,-0.04523754119873047,12.979378700256348
T1,1580,4,2,4.01458740234375,4.089003086090088,4.011547565460205,4.090410232543945,-0.07886266708374023,4.519399642944336
T1,1580,5,2,3.9275567531585693,3.8419580459594727,3.933598756790161,3.8451948165893555,0.08840394020080566,2.914369583129883
T1,1580,6,2,3.861285924911499,3.397036075592041,3.8465681076049805,3.3843111991882324,0.46225690841674805,7.315794944763184
T1,1580,7,3,4.024229049682617,3.823718309402466,4.037484169006348,3.8554625511169434,0.1820216178894043,-0.27764981985092163
T1,1580,8,3,4.0995283126831055,4.131868839263916,4.072599411010742,4.100189685821533,-0.027590274810791016,0.4038945436477661
T1,1580,9,3,4.699128150939941,4.547306060791016,4.668680667877197,4.5765275955200195,0.09215307235717773,-1.8581138849258423
T1,1600,1,1,5.167943954467773,5.165196895599365,5.166204452514648,5.1628899574279785,0.003314495086669922,0.13837575912475586
T1,1600,2,1,4.298683166503906,4.296405792236328,4.335831642150879,4.3335065841674805,0.0023250579833984375,-0.1753380298614502
T1,1600,3,1,4.642838478088379,4.791600227355957,4.631782054901123,4.775815486907959,-0.14403343200683594,13.132671356201172
T1,1600,4,2,4.065088748931885,4.103590488433838,4.080571174621582,4.116300106048584,-0.03572893142700195,0.5731990337371826
T1,1600,5,2,3.7992751598358154,3.7577288150787354,3.8024961948394775,3.7471542358398438,0.05534195899963379,5.812443733215332
T1,1600,6,2,4.0952839851379395,3.986201047897339,4.077118873596191,3.948150634765625,0.1289682388305664,3.6539320945739746
T1,1600,7,3,4.1350998878479,4.108311653137207,4.134448051452637,4.1160993576049805,0.01834869384765625,0.5613616108894348
T1,1600,8,3,4.091463565826416,4.138291835784912,4.076365947723389,4.118847846984863,-0.04248189926147461,0.7148640155792236
T1,1600,9,3,4.99223518371582,4.455272197723389,4.973844051361084,4.49479341506958,0.4790506362915039,-2.472101926803589
T1,1620,1,1,4.8590617179870605,4.858091831207275,4.803324222564697,4.802215099334717,0.0011091232299804688,0.13837575912475586
T1,1620,2,1,4.527577877044678,4.526675701141357,4.4790472984313965,4.477917671203613,0.0011296272277832031,-0.1753380298614502
T1,1620,3,1,4.684804439544678,4.766977787017822,4.684938430786133,4.7718610763549805,-0.08692264556884766,13.132671356201172
T1,1620,4,2,3.612708330154419,3.6694233417510986,3.636723518371582,3.689772844314575,-0.053049325942993164,0.5731990337371826
T1,1620,5,2,3.7849364280700684,3.8110568523406982,3.7618954181671143,3.7838821411132812,-0.021986722946166992,5.812443733215332
T1,1620,6,2,4.185375690460205,3.9859371185302734,4.176762580871582,3.9952356815338135,0.18152689933776855,3.6539320945739746
T1,1620,7,3,3.701089859008789,3.9117138385772705,3.754192352294922,3.922515630722046,-0.16832327842712402,0.5613616108894348
T1,1620,8,3,4.316554546356201,4.317655563354492,4.381880283355713,4.381588459014893,0.0002918243408203125,0.7148640155792236
T1,1620,9,3,4.781474590301514,4.003486633300781,4.8168206214904785,4.0225372314453125,0.794283390045166,-2.472101926803589
T1,1640,1,1,5.37103271484375,5.369251728057861,5.366994857788086,5.365144729614258,0.001850128173828125,0.13837575912475586
T1,1640,2,1,4.319794178009033,4.31913948059082,4.338407039642334,4.337791919708252,0.0006151199340820312,-0.1753380298614502
T1,1640,3,1,4.70488977432251,4.751944065093994,4.709837913513184,4.752309799194336,-0.042471885681152344,13.132671356201172
T1,1640,4,2,3.7860445976257324,3.898899793624878,3.7647972106933594,3.8700294494628906,-0.10523223876953125,0.5731990337371826
T1,1640,5,2,4.150745868682861,4.055332183837891,4.161468505859375,4.0816779136657715,0.07979059219360352,5.812443733215332
T1,1640,6,2,4.3620100021362305,4.141920566558838,4.36199951171875,4.126301288604736,0.23569822311401367,3.6539320945739746
T1,1640,7,3,3.858272075653076,3.9857571125030518,3.8286290168762207,3.9725964069366455,-0.1439673900604248,0.5613616108894348
T1,1640,8,3,4.128164768218994,3.870957851409912,4.10444974899292,3.8900742530822754,0.21437549591064453,0.7148640155792236
T1,1640,9,3,4.443416118621826,3.8085286617279053,4.448700904846191,3.795135498046875,0.6535654067993164,-2.472101926803589
T1,1660,1,1,5.31215763092041,5.3110432624816895,5.307953834533691,5.306769371032715,0.0011844635009765625,0.13837575912475586
T1,1660,2,1,4.409330368041992,4.410510063171387,4.374211311340332,4.375192642211914,-0.0009813308715820312,-0.1753380298614502
T1,1660,3,1,4.7647576332092285,4.868442535400391,4.730164051055908,4.849374771118164,-0.11921072006225586,13.132671356201172
T1,1660,4,2,3.359785556793213,3.3909146785736084,3.391054630279541,3.433380126953125,-0.042325496673583984,0.5731990337371826
T1,1660,5,2,3.7342021465301514,3.7280020713806152,3.7522671222686768,3.7372961044311523,0.014971017837524414,5.812443733215332
T1,1660,6,2,4.08165979385376,3.6801133155822754,4.076629161834717,3.7028050422668457,0.3738241195678711,3.6539320945739746
T1,1660,7,3,3.732875108718872,3.7298550605773926,3.7400293350219727,3.722121238708496,0.017908096313476562,0.5613616108894348
T1,1660,8,3,3.9433834552764893,3.89839768409729,3.899844169616699,3.8449206352233887,0.05492353439331055,0.7148640155792236
T1,1660,9,3,3.882338762283325,3.4175684452056885,3.937516212463379,3.483250141143799,0.4542660713195801,-2.472101926803589
T1,1680,1,1,4.979402542114258,4.977982521057129,5.005234718322754,5.003750324249268,0.0014843940734863281,0.13837575912475586
T1,1680,2,1,4.717592239379883,4.718628406524658,4.719825744628906,4.720884799957275,-0.0010590553283691406,-0.1753380298614502
T1,1680,3,1,5.009305000305176,5.098681926727295,5.029951572418213,5.124177932739258,-0.09422636032104492,13.132671356201172
T1,1680,4,2,3.3870632648468018,3.421963691711426,3.3689615726470947,3.402118444442749,-0.0331568717956543,0.5731990337371826
T1,1680,5,2,3.9927315711975098,4.02072286605835,3.962575674057007,3.9916951656341553,-0.029119491577148438,5.812443733215332
T1,1680,6,2,4.231801509857178,3.820575714111328,4.261847019195557,3.8089654445648193,0.4528815746307373,3.6539320945739746
T1,1680,7,3,3.783494710922241,3.903393507003784,3.8036656379699707,3.892754077911377,-0.08908843994140625,0.5613616108894348
T1,1680,8,3,4.285033226013184,4.155141830444336,4.275543212890625,4.1610260009765625,0.1145172119140625,0.7148640155792236
T1,1680,9,3,4.058909893035889,3.963571786880493,4.07354211807251,3.906686782836914,0.1668553352355957,-2.472101926803589
T1,1700,1,1,4.706368446350098,4.704861640930176,4.701199054718018,4.699670791625977,0.0015282630920410156,0.13837575912475586
T1,1700,2,1,4.657036304473877,4.657811641693115,4.655076026916504,4.656057834625244,-0.0009818077087402344,-0.1753380298614502
T1,1700,3,1,4.690864086151123,4.761348724365234,4.6922454833984375,4.761385440826416,-0.06913995742797852,13.132671356201172
T1,1700,4,2,3.7541897296905518,3.7660675048828125,3.7302589416503906,3.7495410442352295,-0.019282102584838867,0.5731990337371826
T1,1700,5,2,3.8309485912323,3.9008984565734863,3.8441591262817383,3.906743049621582,-0.06258392333984375,5.812443733215332
T1,1700,6,2,3.7786059379577637,3.6287782192230225,3.80841064453125,3.651766300201416,0.15664434432983398,3.6539320945739746
T1,1700,7,3,3.63606858253479,3.670403003692627,3.654484987258911,3.7153573036193848,-0.06087231636047363,0.5613616108894348
T1,1700,8,3,4.115030765533447,4.172374248504639,4.148948669433594,4.183988571166992,-0.03503990173339844,0.7148640155792236
T1,1700,9,3,3.4660472869873047,3.5920112133026123,3.5024070739746094,3.6619246006011963,-0.15951752662658691,-2.472101926803589
T1,1720,1,1,5.066738128662109,5.065842628479004,5.023828506469727,5.022977352142334,0.0008511543273925781,0.13837575912475586
T1,1720,2,1,4.645490646362305,4.646326065063477,4.658096790313721,4.659083366394043,-0.0009865760803222656,-0.1753380298614502
T1,1720,3,1,4.879706859588623,4.915104389190674,4.867220401763916,4.899145603179932,-0.031925201416015625,13.132671356201172
T1,1720,4,2,3.4397151470184326,3.4428141117095947,3.4514031410217285,3.4518611431121826,-0.00045800209045410156,0.5731990337371826
T1,1720,5,2,3.685231924057007,3.7177011966705322,3.7166857719421387,3.757338047027588,-0.04065227508544922,5.812443733215332
T1,1720,6,2,3.59340500831604,3.4788639545440674,3.59346342086792,3.4694583415985107,0.12400507926940918,3.6539320945739746
T1,1720,7,3,3.448464870452881,3.5346322059631348,3.4457035064697266,3.525637626647949,-0.07993412017822266,0.5613616108894348
T1,1720,8,3,4.410928249359131,4.343934535980225,4.368268966674805,4.329804420471191,0.03846454620361328,0.7148640155792236
T1,1720,9,3,3.7253921031951904,3.2038979530334473,3.71223783493042,3.209519386291504,0.502718448638916,-2.472101926803589
T1,1740,1,1,5.160893440246582,5.160197734832764,5.188117980957031,5.187311172485352,0.0008068084716796875,0.13837575912475586
T1,1740,2,1,4.673371315002441,4.673198699951172,4.675086975097656,4.675077438354492,9.5367431640625e-06,-0.1753380298614502
T1,1740,3,1,4.45566987991333,4.528863430023193,4.485971927642822,4.568904876708984,-0.08293294906616211,13.132671356201172
T1,1740,4,2,4.055136203765869,4.026883602142334,4.020026206970215,3.991008996963501,0.029017210006713867,0.5731990337371826
T1,1740,5,2,3.526871681213379,3.543238401412964,3.512115478515625,3.5191032886505127,-0.006987810134887695,5.812443733215332
T1,1740,6,2,3.798469066619873,3.5809884071350098,3.779679298400879,3.5749642848968506,0.20471501350402832,3.6539320945739746
T1,1740,7,3,3.5583627223968506,3.618786334991455,3.5199246406555176,3.5931339263916016,-0.07320928573608398,0.5613616108894348
T1,1740,8,3,3.7551016807556152,3.681680679321289,3.7810583114624023,3.711674690246582,0.06938362121582031,0.7148640155792236
T1,1740,9,3,4.097990036010742,3.332846164703369,4.050631523132324,3.287869453430176,0.7627620697021484,-2.472101926803589
T1,1760,1,1,5.478220462799072,5.476651191711426,5.448707580566406,5.447181701660156,0.00152587890625,0.13837575912475586
T1,1760,2,1,4.786245346069336,4.78707218170166,4.785393714904785,4.786089897155762,-0.0006961822509765625,-0.1753380298614502
T1,1760,3,1,4.568361759185791,4.6436238288879395,4.474717140197754,4.55380392074585,-0.0790867805480957,13.132671356201172
T1,1760,4,2,4.16362190246582,4.1465582847595215,4.17734956741333,4.15853214263916,0.018817424774169922,0.5731990337371826
T1,1760,5,2,3.4987871646881104,3.468261241912842,3.51228404045105,3.481163501739502,0.03112053871154785,5.812443733215332
T1,1760,6,2,3.9459354877471924,3.559596538543701,3.945411205291748,3.5675711631774902,0.3778400421142578,3.6539320945739746
T1,1760,7,3,3.6546905040740967,3.9635674953460693,3.67443585395813,3.9716315269470215,-0.2971956729888916,0.5613616108894348
T1,1760,8,3,3.1583666801452637,3.0927395820617676,3.148782968521118,3.0916619300842285,0.05712103843688965,0.7148640155792236
T1,1760,9,3,4.64659309387207,3.907900333404541,4.624244689941406,3.8752222061157227,0.7490224838256836,-2.472101926803589
T1,1780,1,1,5.584574222564697,5.583617210388184,5.586134433746338,5.585022449493408,0.0011119842529296875,0.13837575912475586
T1,1780,2,1,4.572947025299072,4.572925090789795,4.58283805847168,4.582799911499023,3.814697265625e-05,-0.1753380298614502
T1,1780,3,1,5.296672821044922,5.381917476654053,5.280084133148193,5.366302490234375,-0.08621835708618164,13.132671356201172
T1,1780,4,2,4.112775802612305,4.120279788970947,4.1482133865356445,4.155632495880127,-0.007419109344482422,0.5731990337371826
T1,1780,5,2,3.2681894302368164,3.2724266052246094,3.2647769451141357,3.267838954925537,-0.003062009811401367,5.812443733215332
T1,1780,6,2,3.944108724594116,3.4561526775360107,3.9448418617248535,3.45267391204834,0.49216794967651367,3.6539320945739746
T1,1780,7,3,3.541632890701294,3.7354583740234375,3.533977746963501,3.714226722717285,-0.18024897575378418,0.5613616108894348
T1,1780,8,3,3.70139217376709,3.505859851837158,3.6522793769836426,3.4481379985809326,0.20414137840270996,0.7148640155792236
T1,1780,9,3,4.196578025817871,4.517545700073242,4.238972187042236,4.496456623077393,-0.25748443603515625,-2.472101926803589
T1,1800,1,1,5.387117862701416,5.39398717880249,5.386618614196777,5.3924174308776855,-0.005798816680908203,4.060117244720459
T1,1800,2,1,4.719278812408447,4.718918323516846,4.6880364418029785,4.692739486694336,-0.004703044891357422,3.7600955963134766
T1,1800,3,1,5.186401844024658,5.265175819396973,5.204812526702881,5.277431488037109,-0.07261896133422852,9.698990821838379
T1,1800,4,2,3.729248046875,3.7256669998168945,3.748295545578003,3.744676351547241,0.0036191940307617188,-3.294952630996704
T1,1800,5,2,3.235691547393799,3.221893072128296,3.242527961730957,3.2275118827819824,0.01501607894897461,2.051807165145874
T1,1800,6,2,3.897156238555908,3.5619852542877197,3.9174246788024902,3.5737180709838867,0.3437066078186035,4.485422134399414
T1,1800,7,3,3.803917646408081,3.79140567779541,3.794097661972046,3.792069911956787,0.002027750015258789,0.19706282019615173
T1,1800,8,3,3.8815250396728516,3.830800771713257,3.8644936084747314,3.8184328079223633,0.046060800552368164,-0.35627591609954834
T1,1800,9,3,3.6117968559265137,3.9912681579589844,3.6335034370422363,4.035029888153076,-0.40152645111083984,-0.13775897026062012
T1,1820,1,1,5.293002605438232,5.321331024169922,5.302462100982666,5.326575756072998,-0.02411365509033203,4.060117244720459
T1,1820,2,1,5.173611164093018,5.148420810699463,5.175238609313965,5.153393268585205,0.021845340728759766,3.7600955963134766
T1,1820,3,1,4.987388610839844,5.123602867126465,4.951786994934082,5.092541694641113,-0.14075469970703125,9.698990821838379
T1,1820,4,2,3.564258098602295,3.5628116130828857,3.568910598754883,3.5682456493377686,0.0006649494171142578,-3.294952630996704
T1,1820,5,2,3.263476610183716,3.265425205230713,3.2616546154022217,3.2624781131744385,-0.0008234977722167969,2.051807165145874
T1,1820,6,2,3.483229398727417,3.4895923137664795,3.506347894668579,3.496446132659912,0.009901762008666992,4.485422134399414
T1,1820,7,3,3.7322025299072266,3.72605562210083,3.7450902462005615,3.730966091156006,0.014124155044555664,0.19706282019615173
T1,1820,8,3,4.189772605895996,4.122727870941162,4.164142608642578,4.078758239746094,0.08538436889648438,-0.35627591609954834
T1,1820,9,3,3.9081695079803467,3.9765429496765137,3.9131548404693604,3.978694200515747,-0.06553936004638672,-0.13775897026062012
T1,1840,1,1,5.133547782897949,5.138455390930176,5.160881519317627,5.168308258056641,-0.007426738739013672,4.060117244720459
T1,1840,2,1,4.660455226898193,4.669882774353027,4.655889987945557,4.663946151733398,-0.008056163787841797,3.7600955963134766
T1,1840,3,1,5.524243354797363,5.580901622772217,5.454051971435547,5.512477874755859,-0.0584259033203125,9.698990821838379
T1,1840,4,2,3.677802562713623,3.704350471496582,3.6896848678588867,3.7152228355407715,-0.025537967681884766,-3.294952630996704
T1,1840,5,2,3.6409952640533447,3.6478359699249268,3.613964319229126,3.62200927734375,-0.008044958114624023,2.051807165145874
T1,1840,6,2,3.7470176219940186,3.866115093231201,3.7102086544036865,3.8156065940856934,-0.10539793968200684,4.485422134399414
T1,1840,7,3,3.4824776649475098,3.7072622776031494,3.418426752090454,3.702056407928467,-0.2836296558380127,0.19706282019615173
T1,1840,8,3,4.044597148895264,4.108480453491211,4.088869571685791,4.142494201660156,-0.053624629974365234,-0.35627591609954834
T1,1840,9,3,4.304299354553223,4.032998085021973,4.294064521789551,4.0115556716918945,0.28250885009765625,-0.13775897026062012
T1,1860,1,1,5.623470783233643,5.629921913146973,5.597509384155273,5.602333068847656,-0.0048236846923828125,4.060117244720459
T1,1860,2,1,4.5765156745910645,4.57230281829834,4.591000556945801,4.586836814880371,0.0041637420654296875,3.7600955963134766
T1,1860,3,1,5.703883647918701,5.724375247955322,5.749929428100586,5.770689010620117,-0.02075958251953125,9.698990821838379
T1,1860,4,2,3.3498072624206543,3.354789972305298,3.306245803833008,3.3046069145202637,0.0016388893127441406,-3.294952630996704
T1,1860,5,2,3.7603769302368164,3.781749725341797,3.7562878131866455,3.777165412902832,-0.020877599716186523,2.051807165145874
T1,1860,6,2,3.8655104637145996,3.8954918384552,3.890197515487671,3.9208669662475586,-0.030669450759887695,4.485422134399414
T1,1860,7,3,4.489861965179443,3.996371030807495,4.473379135131836,3.9671807289123535,0.5061984062194824,0.19706282019615173
T1,1860,8,3,3.690119743347168,3.7515673637390137,3.696068286895752,3.7497293949127197,-0.05366110801696777,-0.35627591609954834
T1,1860,9,3,3.9855880737304688,4.063039302825928,4.004642486572266,4.117001533508301,-0.11235904693603516,-0.13775897026062012
T1,1880,1,1,5.162010192871094,5.192075252532959,5.222412109375,5.252881050109863,-0.03046894073486328,4.060117244720459
T1,1880,2,1,5.186978340148926,5.2099761962890625,5.137443542480469,5.1611151695251465,-0.023671627044677734,3.7600955963134766
T1,1880,3,1,5.339596271514893,5.339199542999268,5.337885856628418,5.333893775939941,0.0039920806884765625,9.698990821838379
T1,1880,4,2,3.7219440937042236,3.790252208709717,3.6931557655334473,3.760667085647583,-0.06751132011413574,-3.294952630996704
T1,1880,5,2,3.7351300716400146,3.7388596534729004,3.738755226135254,3.743703603744507,-0.00494837760925293,2.051807165145874
T1,1880,6,2,3.223952531814575,3.295325517654419,3.188746690750122,3.269955635070801,-0.08120894432067871,4.485422134399414
T1,1880,7,3,4.190614223480225,4.329000949859619,4.204822540283203,4.324434280395508,-0.11961174011230469,0.19706282019615173
T1,1880,8,3,3.4037294387817383,3.5058212280273438,3.4404051303863525,3.5295205116271973,-0.08911538124084473,-0.35627591609954834
T1,1880,9,3,4.232053279876709,3.905724287033081,4.168702125549316,3.8730716705322266,0.29563045501708984,-0.13775897026062012
T1,1900,1,1,5.213802814483643,5.216970920562744,5.219952583312988,5.221431255340576,-0.0014786720275878906,4.060117244720459
T1,1900,2,1,5.4707136154174805,5.466280460357666,5.498470306396484,5.4921464920043945,0.006323814392089844,3.7600955963134766
T1,1900,3,1,5.135773658752441,5.18062686920166,5.178802490234375,5.218817710876465,-0.040015220642089844,9.698990821838379
T1,1900,4,2,4.027751922607422,4.041099548339844,4.006591796875,4.027412414550781,-0.02082061767578125,-3.294952630996704
T1,1900,5,2,3.7385098934173584,3.726311445236206,3.7317018508911133,3.7224373817443848,0.009264469146728516,2.051807165145874
T1,1900,6,2,3.6322898864746094,3.52585768699646,3.6145551204681396,3.5137393474578857,0.1008157730102539,4.485422134399414
T1,1900,7,3,4.22309684753418,4.232083320617676,4.239271640777588,4.25368595123291,-0.014414310455322266,0.19706282019615173
T1,1900,8,3,3.334895610809326,3.318039894104004,3.3590738773345947,3.323640823364258,0.035433053970336914,-0.35627591609954834
T1,1900,9,3,4.384731292724609,3.9860880374908447,4.415186405181885,4.006997108459473,0.4081892967224121,-0.13775897026062012
T1,1920,1,1,4.837893962860107,4.855467319488525,4.859789848327637,4.880061626434326,-0.020271778106689453,4.060117244720459
T1,1920,2,1,5.226846218109131,5.241322040557861,5.224765300750732,5.242278575897217,-0.017513275146484375,3.7600955963134766
T1,1920,3,1,5.402186870574951,5.416428089141846,5.3883442878723145,5.406733512878418,-0.018389225006103516,9.698990821838379
T1,1920,4,2,3.8441450595855713,3.793666362762451,3.865060329437256,3.8132381439208984,0.05182218551635742,-3.294952630996704
T1,1920,5,2,3.3711299896240234,3.3557305335998535,3.4033567905426025,3.384836435317993,0.018520355224609375,2.051807165145874
T1,1920,6,2,3.88057017326355,3.752723217010498,3.8745057582855225,3.7352242469787598,0.1392815113067627,4.485422134399414
T1,1920,7,3,3.9194319248199463,3.8819825649261475,3.9523415565490723,3.914451837539673,0.037889719009399414,0.19706282019615173
T1,1920,8,3,3.4287455081939697,3.1980676651000977,3.39936900138855,3.198302745819092,0.201066255569458,-0.35627591609954834
T1,1920,9,3,3.983771562576294,3.800187587738037,3.969907283782959,3.7950217723846436,0.17488551139831543,-0.13775897026062012
T1,1940,1,1,4.848067283630371,4.861184597015381,4.852910041809082,4.868829250335693,-0.015919208526611328,4.060117244720459
T1,1940,2,1,5.184004306793213,5.191495895385742,5.228784561157227,5.233736515045166,-0.004951953887939453,3.7600955963134766
T1,1940,3,1,5.165737628936768,5.251456260681152,5.175992012023926,5.267106056213379,-0.09111404418945312,9.698990821838379
T1,1940,4,2,3.7174935340881348,3.7214205265045166,3.7166833877563477,3.7161009311676025,0.0005824565887451172,-3.294952630996704
T1,1940,5,2,3.2186968326568604,3.248814344406128,3.1893017292022705,3.2161080837249756,-0.026806354522705078,2.051807165145874
T1,1940,6,2,4.001871585845947,3.929056167602539,3.963808536529541,3.8583688735961914,0.10543966293334961,4.485422134399414
T1,1940,7,3,3.6527822017669678,3.670562267303467,3.587261199951172,3.612328290939331,-0.02506709098815918,0.19706282019615173
T1,1940,8,3,4.024220943450928,3.9586071968078613,3.960737943649292,3.8733177185058594,0.08742022514343262,-0.35627591609954834
T1,1940,9,3,3.7151665687561035,3.63076114654541,3.736560106277466,3.696378231048584,0.040181875228881836,-0.13775897026062012
T1,1960,1,1,4.792102336883545,4.803119659423828,4.816711902618408,4.828095436096191,-0.011383533477783203,4.060117244720459
T1,1960,2,1,4.955948352813721,4.960113048553467,4.94700813293457,4.945645332336426,0.0013628005981445312,3.7600955963134766
T1,1960,3,1,5.265735149383545,5.316442966461182,5.253049373626709,5.3040876388549805,-0.051038265228271484,9.698990821838379
T1,1960,4,2,3.3972952365875244,3.4028377532958984,3.433480739593506,3.444145679473877,-0.010664939880371094,-3.294952630996704
T1,1960,5,2,3.4001829624176025,3.457942485809326,3.401188373565674,3.4600253105163574,-0.058836936950683594,2.051807165145874
T1,1960,6,2,3.9688830375671387,4.196140289306641,3.9641902446746826,4.200298309326172,-0.23610806465148926,4.485422134399414
T1,1960,7,3,3.908236026763916,3.925394058227539,3.9571433067321777,3.9680216312408447,-0.010878324508666992,0.19706282019615173
T1,1960,8,3,4.489432334899902,4.587224006652832,4.568295478820801,4.669576168060303,-0.10128068923950195,-0.35627591609954834
T1,1960,9,3,3.8573215007781982,3.3969202041625977,3.854630708694458,3.3327925205230713,0.5218381881713867,-0.13775897026062012
T1,1980,1,1,4.776246070861816,4.797659873962402,4.778610706329346,4.802788734436035,-0.024178028106689453,4.060117244720459
T1,1980,2,1,4.732187271118164,4.717452049255371,4.730295181274414,4.7203450202941895,0.00995016098022461,3.7600955963134766
T1,1980,3,1,5.108551502227783,5.190995693206787,5.115230083465576,5.18440055847168,-0.06917047500610352,9.698990821838379
T1,1980,4,2,3.736668348312378,3.7476518154144287,3.735936403274536,3.728597402572632,0.007339000701904297,-3.294952630996704
T1,1980,5,2,3.3781862258911133,3.4411280155181885,3.3798890113830566,3.4401962757110596,-0.06030726432800293,2.051807165145874
T1,1980,6,2,4.2367963790893555,4.55496072769165,4.236870288848877,4.559401988983154,-0.32253170013427734,4.485422134399414
T1,1980,7,3,3.642812728881836,3.6010942459106445,3.6250243186950684,3.5835299491882324,0.04149436950683594,0.19706282019615173
T1,1980,8,3,3.793498992919922,3.8004472255706787,3.822826385498047,3.840219020843506,-0.017392635345458984,-0.35627591609954834
T1,1980,9,3,3.910978078842163,3.696155309677124,3.934563159942627,3.7289347648620605,0.2056283950805664,-0.13775897026062012
T1,2000,1,1,4.536013603210449,4.553459167480469,4.546442031860352,4.561066150665283,-0.01462411880493164,4.060117244720459
T1,2000,2,1,4.62563419342041,4.6346435546875,4.6360297203063965,4.643277645111084,-0.0072479248046875,3.7600955963134766
T1,2000,3,1,5.068745136260986,5.1445817947387695,5.073590278625488,5.154911041259766,-0.08132076263427734,9.698990821838379
T1,2000,4,2,3.778641700744629,3.826467752456665,3.7932424545288086,3.8439416885375977,-0.05069923400878906,-3.294952630996704
T1,2000,5,2,3.9060332775115967,3.923933744430542,3.902888536453247,3.928837776184082,-0.02594923973083496,2.051807165145874
T1,2000,6,2,3.8838603496551514,3.9711081981658936,3.898430824279785,4.017994403839111,-0.11956357955932617,4.485422134399414
T1,2000,7,3,4.317810535430908,4.289908409118652,4.273920059204102,4.245251655578613,0.02866840362548828,0.19706282019615173
T1,2000,8,3,3.8660295009613037,3.7772843837738037,3.863945960998535,3.776808500289917,0.08713746070861816,-0.35627591609954834
T1,2000,9,3,3.8518781661987305,3.5736751556396484,3.8125710487365723,3.553055763244629,0.25951528549194336,-0.13775897026062012
T1,2020,1,1,4.748677730560303,4.781321048736572,4.7182769775390625,4.745469093322754,-0.027192115783691406,4.060117244720459
T1,2020,2,1,4.537667274475098,4.553183078765869,4.523552417755127,4.544187068939209,-0.02063465118408203,3.7600955963134766
T1,2020,3,1,4.668367385864258,4.737742900848389,4.7126784324646,4.793313980102539,-0.08063554763793945,9.698990821838379
T1,2020,4,2,3.535581350326538,3.5352730751037598,3.5509798526763916,3.5565738677978516,-0.005594015121459961,-3.294952630996704
T1,2020,5,2,3.5582759380340576,3.563587188720703,3.5769202709198,3.5833516120910645,-0.0064313411712646484,2.051807165145874
T1,2020,6,2,3.9087722301483154,3.8075904846191406,3.8970212936401367,3.810774326324463,0.08624696731567383,4.485422134399414
T1,2020,7,3,4.300429821014404,4.393640518188477,4.294125080108643,4.37630558013916,-0.08218050003051758,0.19706282019615173
T1,2020,8,3,4.152332305908203,4.0875678062438965,4.155823230743408,4.08958101272583,0.06624221801757812,-0.35627591609954834
T1,2020,9,3,3.7778680324554443,3.4097158908843994,3.8092031478881836,3.3943800926208496,0.414823055267334,-0.13775897026062012
T1,2040,1,1,4.771207332611084,4.787971019744873,4.772655487060547,4.790023326873779,-0.017367839813232422,4.060117244720459
T1,2040,2,1,5.150313854217529,5.163102149963379,5.119656562805176,5.131239891052246,-0.011583328247070312,3.7600955963134766
T1,2040,3,1,4.59871244430542,4.655312538146973,4.60005521774292,4.642070770263672,-0.04201555252075195,9.698990821838379
T1,2040,4,2,3.5489304065704346,3.5798070430755615,3.5446243286132812,3.570580005645752,-0.025955677032470703,-3.294952630996704
T1,2040,5,2,3.38726544380188,3.412310838699341,3.3858466148376465,3.4069714546203613,-0.021124839782714844,2.051807165145874
T1,2040,6,2,4.007193565368652,3.88840389251709,4.007935523986816,3.8848509788513184,0.12308454513549805,4.485422134399414
T1,2040,7,3,4.831625938415527,4.842609882354736,4.858658313751221,4.879598140716553,-0.02093982696533203,0.19706282019615173
T1,2040,8,3,3.645249366760254,3.6316099166870117,3.6768455505371094,3.6556389331817627,0.02120661735534668,-0.35627591609954834
T1,2040,9,3,3.6664979457855225,3.098881483078003,3.636040687561035,3.151583433151245,0.48445725440979004,-0.13775897026062012
T1,2060,1,1,4.769169330596924,4.756603240966797,4.7548441886901855,4.741837501525879,0.01300668716430664,4.060117244720459
T1,2060,2,1,5.1746506690979,5.205321788787842,5.145578861236572,5.173145294189453,-0.02756643295288086,3.7600955963134766
T1,2060,3,1,5.017584800720215,5.050539493560791,5.018576622009277,5.049226760864258,-0.03065013885498047,9.698990821838379
T1,2060,4,2,3.5284578800201416,3.546262741088867,3.539534091949463,3.557579517364502,-0.018045425415039062,-3.294952630996704
T1,2060,5,2,3.5657763481140137,3.5868074893951416,3.5388994216918945,3.5663890838623047,-0.027489662170410156,2.051807165145874
T1,2060,6,2,4.138784885406494,3.956834077835083,4.122724533081055,3.9566640853881836,0.1660604476928711,4.485422134399414
T1,2060,7,3,4.118082523345947,4.056894779205322,4.168408393859863,4.112552642822266,0.055855751037597656,0.19706282019615173
T1,2060,8,3,3.6768319606781006,3.8920304775238037,3.6731836795806885,3.8841989040374756,-0.2110152244567871,-0.35627591609954834
T1,2060,9,3,4.094100475311279,3.567777156829834,4.075111389160156,3.5279507637023926,0.5471606254577637,-0.13775897026062012
T1,2080,1,1,5.253957748413086,5.260050296783447,5.2229180335998535,5.226150035858154,-0.0032320022583007812,4.060117244720459
T1,2080,2,1,5.527567386627197,5.564243793487549,5.53143310546875,5.573758602142334,-0.042325496673583984,3.7600955963134766
T1,2080,3,1,5.017272472381592,5.020505905151367,5.0013108253479,5.001844882965088,-0.0005340576171875,9.698990821838379
T1,2080,4,2,3.616323232650757,3.6245670318603516,3.6219899654388428,3.6294476985931396,-0.007457733154296875,-3.294952630996704
T1,2080,5,2,3.6210060119628906,3.6563408374786377,3.635558605194092,3.6664175987243652,-0.030858993530273438,2.051807165145874
T1,2080,6,2,4.163181304931641,3.789949417114258,4.176100730895996,3.8032467365264893,0.37285399436950684,4.485422134399414
T1,2080,7,3,3.6208527088165283,3.556868314743042,3.6747446060180664,3.600590229034424,0.07415437698364258,0.19706282019615173
T1,2080,8,3,3.588798761367798,3.5484158992767334,3.5935912132263184,3.5916435718536377,0.001947641372680664,-0.35627591609954834
T1,2080,9,3,4.476761341094971,4.3541259765625,4.410035133361816,4.296029090881348,0.11400604248046875,-0.13775897026062012
T1,2100,1,1,5.317502975463867,5.351266860961914,5.340016841888428,5.373260974884033,-0.03324413299560547,4.060117244720459
T1,2100,2,1,5.429376125335693,5.429283142089844,5.474613189697266,5.4743971824646,0.00021600723266601562,3.7600955963134766
T1,2100,3,1,4.945815086364746,4.96281099319458,4.927417278289795,4.942214012145996,-0.014796733856201172,9.698990821838379
T1,2100,4,2,3.7907650470733643,3.7014904022216797,3.7620997428894043,3.6813926696777344,0.08070707321166992,-3.294952630996704
T1,2100,5,2,3.497197151184082,3.554847240447998,3.50974178314209,3.5659334659576416,-0.05619168281555176,2.051807165145874
T1,2100,6,2,4.059131145477295,3.707540988922119,4.0592265129089355,3.7056236267089844,0.35360288619995117,4.485422134399414
T1,2100,7,3,3.032601833343506,2.9051272869110107,3.0265347957611084,2.9206297397613525,0.10590505599975586,0.19706282019615173
T1,2100,8,3,3.1010921001434326,3.274874687194824,3.093362331390381,3.2166895866394043,-0.12332725524902344,-0.35627591609954834
T1,2100,9,3,4.073741436004639,4.642889976501465,4.120614528656006,4.64104700088501,-0.5204324722290039,-0.13775897026062012
T1,2120,1,1,4.774162292480469,4.7783894538879395,4.786836624145508,4.791464328765869,-0.004627704620361328,4.060117244720459
T1,2120,2,1,5.547462463378906,5.538695335388184,5.529447555541992,5.519488334655762,0.009959220886230469,3.7600955963134766
T1,2120,3,1,4.8775835037231445,4.9466352462768555,4.901534080505371,4.967790126800537,-0.06625604629516602,9.698990821838379
T1,2120,4,2,3.859786033630371,3.7416698932647705,3.882652759552002,3.7631523609161377,0.11950039863586426,-3.294952630996704
T1,2120,5,2,3.4146010875701904,3.412395477294922,3.3935670852661133,3.3911242485046387,0.0024428367614746094,2.051807165145874
T1,2120,6,2,3.925391435623169,3.641293525695801,3.9597458839416504,3.67482852935791,0.28491735458374023,4.485422134399414
T1,2120,7,3,3.5629143714904785,3.547947883605957,3.5439887046813965,3.530221700668335,0.013767004013061523,0.19706282019615173
T1,2120,8,3,4.235140323638916,4.146025657653809,4.198812484741211,4.111467361450195,0.08734512329101562,-0.35627591609954834
T1,2120,9,3,4.142127513885498,4.3952460289001465,4.107239723205566,4.381463527679443,-0.27422380447387695,-0.13775897026062012
T1,2140,1,1,5.085877895355225,5.087367057800293,5.090283393859863,5.0941081047058105,-0.0038247108459472656,4.060117244720459
T1,2140,2,1,5.4413533210754395,5.437075614929199,5.43273401260376,5.42909574508667,0.0036382675170898438,3.7600955963134766
T1,2140,3,1,4.681907653808594,4.756623268127441,4.706696510314941,4.785438060760498,-0.07874155044555664,9.698990821838379
T1,2140,4,2,3.892571449279785,3.798948287963867,3.8702049255371094,3.7861132621765137,0.0840916633605957,-3.294952630996704
T1,2140,5,2,3.7967777252197266,3.6961567401885986,3.7338356971740723,3.640821933746338,0.09301376342773438,2.051807165145874
T1,2140,6,2,3.697542190551758,3.496109962463379,3.689358949661255,3.4882335662841797,0.2011253833770752,4.485422134399414
T1,2140,7,3,3.6672489643096924,3.696317434310913,3.6675240993499756,3.693082332611084,-0.0255582332611084,0.19706282019615173
T1,2140,8,3,4.3991546630859375,4.268160343170166,4.3818278312683105,4.272292613983154,0.10953521728515625,-0.35627591609954834
T1,2140,9,3,4.368328094482422,4.117745876312256,4.3572282791137695,4.135638236999512,0.2215900421142578,-0.13775897026062012
T1,2160,1,1,4.77758264541626,4.764853477478027,4.786189079284668,4.76997184753418,0.01621723175048828,4.060117244720459
T1,2160,2,1,5.292076587677002,5.2921142578125,5.3134942054748535,5.312256813049316,0.0012373924255371094,3.7600955963134766
T1,2160,3,1,4.410687446594238,4.445443630218506,4.425392150878906,4.462431907653809,-0.037039756774902344,9.698990821838379
T1,2160,4,2,3.773491621017456,3.789945125579834,3.809891700744629,3.8222875595092773,-0.012395858764648438,-3.294952630996704
T1,2160,5,2,3.630082845687866,3.555783748626709,3.665903329849243,3.5921502113342285,0.07375311851501465,2.051807165145874
T1,2160,6,2,3.5661463737487793,3.459038734436035,3.576807975769043,3.4754674434661865,0.10134053230285645,4.485422134399414
T1,2160,7,3,3.7106893062591553,3.5436644554138184,3.7136406898498535,3.5629124641418457,0.1507282257080078,0.19706282019615173
T1,2160,8,3,4.125845909118652,3.930178165435791,4.174895286560059,3.976327896118164,0.19856739044189453,-0.35627591609954834
T1,2160,9,3,4.074431419372559,3.800916910171509,4.091033458709717,3.794179916381836,0.29685354232788086,-0.13775897026062012
T1,2180,1,1,4.55975341796875,4.574489116668701,4.561376094818115,4.576913356781006,-0.015537261962890625,4.060117244720459
T1,2180,2,1,5.148583889007568,5.155584812164307,5.149608612060547,5.15810489654541,-0.008496284484863281,3.7600955963134766
T1,2180,3,1,4.596739768981934,4.649512767791748,4.59529447555542,4.643952369689941,-0.048657894134521484,9.698990821838379
T1,2180,4,2,3.6068408489227295,3.6551287174224854,3.6033992767333984,3.6411845684051514,-0.03778529167175293,-3.294952630996704
T1,2180,5,2,3.843522071838379,3.743690013885498,3.7918028831481934,3.7027554512023926,0.08904743194580078,2.051807165145874
T1,2180,6,2,3.4794609546661377,3.2500481605529785,3.4896907806396484,3.254298448562622,0.23539233207702637,4.485422134399414
T1,2180,7,3,3.9372823238372803,3.8386757373809814,3.9243435859680176,3.8287084102630615,0.09563517570495605,0.19706282019615173
T1,2180,8,3,3.49365496635437,3.572655439376831,3.5340380668640137,3.580923557281494,-0.04688549041748047,-0.35627591609954834
T1,2180,9,3,3.8633415699005127,3.918386220932007,3.8295364379882812,3.882535934448242,-0.05299949645996094,-0.13775897026062012
T1,2200,1,1,4.741170883178711,4.757574081420898,4.748423099517822,4.765164375305176,-0.016741275787353516,4.060117244720459
T1,2200,2,1,5.040534496307373,5.047922611236572,5.046984672546387,5.057009220123291,-0.010024547576904297,3.7600955963134766
T1,2200,3,1,4.517758369445801,4.558027267456055,4.497248649597168,4.535890102386475,-0.03864145278930664,9.698990821838379
T1,2200,4,2,3.568938732147217,3.687929391860962,3.5612032413482666,3.685365915298462,-0.12416267395019531,-3.294952630996704
T1,2200,5,2,4.658113956451416,4.465546131134033,4.646490097045898,4.448988437652588,0.19750165939331055,2.051807165145874
T1,2200,6,2,3.6969339847564697,3.5881266593933105,3.6817502975463867,3.5620923042297363,0.11965799331665039,4.485422134399414
T1,2200,7,3,3.608281373977661,3.654877185821533,3.6181440353393555,3.654839277267456,-0.036695241928100586,0.19706282019615173
T1,2200,8,3,3.2899091243743896,3.34700608253479,3.2717490196228027,3.3566267490386963,-0.08487772941589355,-0.35627591609954834
T1,2200,9,3,4.169486045837402,3.952395439147949,4.142268657684326,3.9459071159362793,0.19636154174804688,-0.13775897026062012
T1,2220,1,1,4.898628234863281,4.899613380432129,4.910557270050049,4.911844253540039,-0.0012869834899902344,4.060117244720459
T1,2220,2,1,4.93311882019043,4.9415507316589355,4.948346138000488,4.951338768005371,-0.0029926300048828125,3.7600955963134766
T1,2220,3,1,4.202291011810303,4.277887344360352,4.225069522857666,4.293709754943848,-0.06864023208618164,9.698990821838379
T1,2220,4,2,3.824328899383545,3.7351012229919434,3.819014072418213,3.7470574378967285,0.07195663452148438,-3.294952630996704
T1,2220,5,2,4.5455241203308105,4.42343807220459,4.558769226074219,4.422604560852051,0.13616466522216797,2.051807165145874
T1,2220,6,2,3.7726504802703857,3.8929169178009033,3.7523813247680664,3.881396770477295,-0.12901544570922852,4.485422134399414
T1,2220,7,3,3.4010612964630127,3.3262643814086914,3.4245080947875977,3.37544846534729,0.04905962944030762,0.19706282019615173
T1,2220,8,3,3.388014554977417,3.184608221054077,3.3924360275268555,3.1908488273620605,0.20158720016479492,-0.35627591609954834
T1,2220,9,3,4.330069541931152,3.9925382137298584,4.32330846786499,4.0003132820129395,0.3229951858520508,-0.13775897026062012
T1,2240,1,1,4.960704803466797,4.9512434005737305,4.920882701873779,4.9153008460998535,0.005581855773925781,4.060117244720459
T1,2240,2,1,5.0658721923828125,5.053324222564697,5.062804222106934,5.047319412231445,0.015484809875488281,3.7600955963134766
T1,2240,3,1,4.507779598236084,4.550415992736816,4.418543815612793,4.456787586212158,-0.038243770599365234,9.698990821838379
T1,2240,4,2,3.9876697063446045,3.9152700901031494,3.9885432720184326,3.903627395629883,0.0849158763885498,-3.294952630996704
T1,2240,5,2,3.9391942024230957,3.970231771469116,3.959564685821533,3.988011598587036,-0.02844691276550293,2.051807165145874
T1,2240,6,2,3.924232244491577,3.8927409648895264,3.934119701385498,3.912109136581421,0.02201056480407715,4.485422134399414
T1,2240,7,3,3.569366931915283,3.4579050540924072,3.527549982070923,3.4079742431640625,0.11957573890686035,0.19706282019615173
T1,2240,8,3,3.7699460983276367,3.408456563949585,3.6995136737823486,3.348799705505371,0.35071396827697754,-0.35627591609954834
T1,2240,9,3,3.8173093795776367,3.648698329925537,3.8714351654052734,3.6841681003570557,0.18726706504821777,-0.13775897026062012
T1,2260,1,1,5.0592498779296875,5.039475440979004,5.038938999176025,5.01777458190918,0.021164417266845703,4.060117244720459
T1,2260,2,1,4.911471843719482,4.909014701843262,4.941511631011963,4.942002296447754,-0.0004906654357910156,3.7600955963134766
T1,2260,3,1,5.522380828857422,5.618226051330566,5.504551887512207,5.595382213592529,-0.09083032608032227,9.698990821838379
T1,2260,4,2,3.9457504749298096,3.9632792472839355,3.952441453933716,3.966569185256958,-0.014127731323242188,-3.294952630996704
T1,2260,5,2,3.9653451442718506,3.959618330001831,3.94649076461792,3.935248374938965,0.011242389678955078,2.051807165145874
T1,2260,6,2,3.8811309337615967,3.701215982437134,3.8977127075195312,3.7141385078430176,0.18357419967651367,4.485422134399414
T1,2260,7,3,4.307574272155762,4.135159969329834,4.2494940757751465,4.116271018981934,0.1332230567932129,0.19706282019615173
T1,2260,8,3,4.320544719696045,3.8870773315429688,4.303926467895508,3.871501922607422,0.43242454528808594,-0.35627591609954834
T1,2260,9,3,3.526472568511963,3.320277690887451,3.527341365814209,3.315974235534668,0.21136713027954102,-0.13775897026062012
T1,2280,1,1,5.145320892333984,5.181788444519043,5.120395183563232,5.159368515014648,-0.038973331451416016,4.060117244720459
T1,2280,2,1,4.783695697784424,4.797346115112305,4.787293910980225,4.802021026611328,-0.014727115631103516,3.7600955963134766
T1,2280,3,1,5.545953750610352,5.592013835906982,5.542533874511719,5.5989484786987305,-0.05641460418701172,9.698990821838379
T1,2280,4,2,3.761850595474243,3.7465872764587402,3.792508363723755,3.7799017429351807,0.012606620788574219,-3.294952630996704
T1,2280,5,2,3.8606977462768555,3.8623738288879395,3.896613359451294,3.897883653640747,-0.001270294189453125,2.051807165145874
T1,2280,6,2,3.617583751678467,3.4737160205841064,3.632657051086426,3.4792585372924805,0.1533985137939453,4.485422134399414
T1,2280,7,3,4.727873802185059,4.498635292053223,4.75839376449585,4.534214496612549,0.22417926788330078,0.19706282019615173
T1,2280,8,3,4.571108341217041,4.444730758666992,4.584560871124268,4.447686672210693,0.13687419891357422,-0.35627591609954834
T1,2280,9,3,3.739778995513916,3.6473186016082764,3.6941699981689453,3.620499849319458,0.0736701488494873,-0.13775897026062012
T2,0,1,1,4.886066913604736,4.886066913604736,4.88062047958374,4.88062047958374,0.0,0.0
T2,0,2,1,5.586182594299316,5.586182594299316,5.5723466873168945,5.5723466873168945,0.0,0.0
T2,0,3,1,6.1705169677734375,6.1705169677734375,6.193253517150879,6.193253517150879,0.0,0.0
T2,0,4,2,3.7355003356933594,3.7355003356933594,3.6379687786102295,3.6379687786102295,0.0,0.0
T2,0,5,2,4.700892925262451,4.700892925262451,4.752811908721924,4.752811908721924,0.0,0.0
T2,0,6,2,3.5074076652526855,3.5074076652526855,3.5303096771240234,3.5303096771240234,0.0,0.0
T2,0,7,3,4.622700214385986,4.622700214385986,4.685848236083984,4.685848236083984,0.0,0.0
T2,0,8,3,4.4317946434021,4.4317946434021,4.437893867492676,4.437893867492676,0.0,0.0
T2,0,9,3,4.665956020355225,4.665956020355225,4.658987998962402,4.658987998962402,0.0,0.0
T2,20,1,1,5.1442341804504395,5.1442341804504395,5.14360237121582,5.14360237121582,0.0,0.0
T2,20,2,1,5.945239543914795,5.945239543914795,5.980560302734375,5.980560302734375,0.0,0.0
T2,20,3,1,6.026275634765625,6.026275634765625,6.054131507873535,6.054131507873535,0.0,0.0
T2,20,4,2,4.146670818328857,4.146670818328857,4.176164627075195,4.176164627075195,0.0,0.0
T2,20,5,2,4.551693916320801,4.551693916320801,4.559038162231445,4.559038162231445,0.0,0.0
T2,20,6,2,3.60551118850708,3.60551118850708,3.5835533142089844,3.5835533142089844,0.0,0.0
T2,20,7,3,4.513194561004639,4.513194561004639,4.514192581176758,4.514192581176758,0.0,0.0
T2,20,8,3,4.654906272888184,4.654906272888184,4.669468402862549,4.669468402862549,0.0,0.0
T2,20,9,3,4.327362537384033,4.327362537384033,4.294341564178467,4.294341564178467,0.0,0.0
T2,40,1,1,5.707964897155762,5.707964897155762,5.6463117599487305,5.6463117599487305,0.0,0.0
T2,40,2,1,5.522387504577637,5.522387504577637,5.542132377624512,5.542132377624512,0.0,0.0
T2,40,3,1,6.113459587097168,6.113459587097168,6.1160430908203125,6.1160430908203125,0.0,0.0
T2,40,4,2,4.241514682769775,4.241514682769775,4.2294464111328125,4.2294464111328125,0.0,0.0
T2,40,5,2,5.07789421081543,5.07789421081543,4.986282825469971,4.986282825469971,0.0,0.0
T2,40,6,2,4.195436477661133,4.195436477661133,4.149087905883789,4.149087905883789,0.0,0.0
T2,40,7,3,4.583153247833252,4.583153247833252,4.4951605796813965,4.4951605796813965,0.0,0.0
T2,40,8,3,4.099128246307373,4.099128246307373,4.098913669586182,4.098913669586182,0.0,0.0
T2,40,9,3,4.517261505126953,4.517261505126953,4.514986515045166,4.514986515045166,0.0,0.0
T2,60,1,1,6.060222148895264,6.060222148895264,6.081674575805664,6.081674575805664,0.0,0.0
T2,60,2,1,6.2441086769104,6.2441086769104,6.177586555480957,6.177586555480957,0.0,0.0
T2,60,3,1,6.149662494659424,6.149662494659424,6.127174377441406,6.127174377441406,0.0,0.0
T2,60,4,2,4.024627685546875,4.024627685546875,3.966735363006592,3.966735363006592,0.0,0.0
T2,60,5,2,4.512942314147949,4.512942314147949,4.469986438751221,4.469986438751221,0.0,0.0
T2,60,6,2,4.346114158630371,4.346114158630371,4.3763837814331055,4.3763837814331055,0.0,0.0
T2,60,7,3,4.575045108795166,4.575045108795166,4.607080459594727,4.607080459594727,0.0,0.0
T2,60,8,3,4.319661617279053,4.319661617279053,4.326887607574463,4.326887607574463,0.0,0.0
T2,60,9,3,4.635466575622559,4.635466575622559,4.536471843719482,4.536471843719482,0.0,0.0
T2,80,1,1,5.83907413482666,5.83907413482666,5.827052593231201,5.827052593231201,0.0,0.0
T2,80,2,1,6.163607120513916,6.163607120513916,6.180539131164551,6.180539131164551,0.0,0.0
T2,80,3,1,6.097469329833984,6.097469329833984,6.109045028686523,6.109045028686523,0.0,0.0
T2,80,4,2,4.834125518798828,4.834125518798828,4.833976745605469,4.833976745605469,0.0,0.0
T2,80,5,2,4.607866287231445,4.607866287231445,4.6134209632873535,4.6134209632873535,0.0,0.0
T2,80,6,2,4.097569465637207,4.097569465637207,4.124236106872559,4.124236106872559,0.0,0.0
T2,80,7,3,4.063750743865967,4.063750743865967,4.0677924156188965,4.0677924156188965,0.0,0.0
T2,80,8,3,5.667651653289795,5.667651653289795,5.635460376739502,5.635460376739502,0.0,0.0
T2,80,9,3,5.042720317840576,5.042720317840576,5.044564247131348,5.044564247131348,0.0,0.0
T2,100,1,1,6.052004814147949,6.052004814147949,5.991332054138184,5.991332054138184,0.0,0.0
T2,100,2,1,6.092630863189697,6.092630863189697,6.097049713134766,6.097049713134766,0.0,0.0
T2,100,3,1,6.102330207824707,6.102330207824707,6.10164737701416,6.10164737701416,0.0,0.0
T2,100,4,2,4.489443302154541,4.489443302154541,4.490231037139893,4.490231037139893,0.0,0.0
T2,100,5,2,4.003327369689941,4.003327369689941,4.041107177734375,4.041107177734375,0.0,0.0
T2,100,6,2,4.485814094543457,4.485814094543457,4.462021827697754,4.462021827697754,0.0,0.0
T2,100,7,3,4.318913459777832,4.318913459777832,4.364960670471191,4.364960670471191,0.0,0.0
T2,100,8,3,5.294397354125977,5.294397354125977,5.330768585205078,5.330768585205078,0.0,0.0
T2,100,9,3,4.422097682952881,4.422097682952881,4.462836265563965,4.462836265563965,0.0,0.0
T2,120,1,1,6.298001766204834,6.298001766204834,6.282712459564209,6.282712459564209,0.0,0.0
T2,120,2,1,5.94796895980835,5.94796895980835,5.952312469482422,5.952312469482422,0.0,0.0
T2,120,3,1,6.564213752746582,6.564213752746582,6.590356826782227,6.590356826782227,0.0,0.0
T2,120,4,2,4.057893753051758,4.057893753051758,4.090244293212891,4.090244293212891,0.0,0.0
T2,120,5,2,4.6485772132873535,4.6485772132873535,4.647259712219238,4.647259712219238,0.0,0.0
T2,120,6,2,4.192501544952393,4.192501544952393,4.222134590148926,4.222134590148926,0.0,0.0
T2,120,7,3,3.9676361083984375,3.9676361083984375,3.9866995811462402,3.9866995811462402,0.0,0.0
T2,120,8,3,4.479060173034668,4.479060173034668,4.56667423248291,4.56667423248291,0.0,0.0
T2,120,9,3,3.923459768295288,3.923459768295288,3.9694602489471436,3.9694602489471436,0.0,0.0
T2,140,1,1,6.18722677230835,6.18722677230835,6.132472038269043,6.132472038269043,0.0,0.0
T2,140,2,1,5.522988319396973,5.522988319396973,5.5511064529418945,5.5511064529418945,0.0,0.0
T2,140,3,1,6.372348785400391,6.372348785400391,6.408970355987549,6.408970355987549,0.0,0.0
T2,140,4,2,3.6517181396484375,3.6517181396484375,3.6658544540405273,3.6658544540405273,0.0,0.0
T2,140,5,2,4.198616027832031,4.198616027832031,4.211085319519043,4.211085319519043,0.0,0.0
T2,140,6,2,3.9856338500976562,3.9856338500976562,3.968400001525879,3.968400001525879,0.0,0.0
T2,140,7,3,3.7511141300201416,3.7511141300201416,3.708780527114868,3.708780527114868,0.0,0.0
T2,140,8,3,4.583962440490723,4.583962440490723,4.586413860321045,4.586413860321045,0.0,0.0
T2,140,9,3,3.5205297470092773,3.5205297470092773,3.491255283355713,3.491255283355713,0.0,0.0
T2,160,1,1,6.271663665771484,6.271663665771484,6.219030857086182,6.219030857086182,0.0,0.0
T2,160,2,1,5.4954514503479,5.4954514503479,5.4659905433654785,5.4659905433654785,0.0,0.0
T2,160,3,1,6.110260009765625,6.110260009765625,6.110560417175293,6.110560417175293,0.0,0.0
T2,160,4,2,3.903261423110962,3.903261423110962,3.8797764778137207,3.8797764778137207,0.0,0.0
T2,160,5,2,4.222875118255615,4.222875118255615,4.197887420654297,4.197887420654297,0.0,0.0
T2,160,6,2,4.186533451080322,4.186533451080322,4.181046009063721,4.181046009063721,0.0,0.0
T2,160,7,3,4.310584545135498,4.310584545135498,4.288097381591797,4.288097381591797,0.0,0.0
T2,160,8,3,4.12757682800293,4.12757682800293,4.117966651916504,4.117966651916504,0.0,0.0
T2,160,9,3,4.21535587310791,4.21535587310791,4.266912937164307,4.266912937164307,0.0,0.0
T2,180,1,1,6.409496784210205,6.409496784210205,6.400107383728027,6.400107383728027,0.0,0.0
T2,180,2,1,5.492956638336182,5.492956638336182,5.488158702850342,5.488158702850342,0.0,0.0
T2,180,3,1,5.87461519241333,5.87461519241333,5.906970024108887,5.906970024108887,0.0,0.0
T2,180,4,2,3.9454681873321533,3.9454681873321533,3.948306083679199,3.948306083679199,0.0,0.0
T2,180,5,2,4.235620498657227,4.235620498657227,4.257633209228516,4.257633209228516,0.0,0.0
T2,180,6,2,4.513296127319336,4.513296127319336,4.519909381866455,4.519909381866455,0.0,0.0
T2,180,7,3,4.6274733543396,4.6274733543396,4.625035285949707,4.625035285949707,0.0,0.0
T2,180,8,3,4.42569637298584,4.42569637298584,4.432152271270752,4.432152271270752,0.0,0.0
T2,180,9,3,4.3129682540893555,4.3129682540893555,4.345263481140137,4.345263481140137,0.0,0.0
T2,200,1,1,6.047488689422607,6.046378135681152,6.080380439758301,6.078882217407227,0.0014982223510742188,-0.5281493663787842
T2,200,2,1,5.67399787902832,5.672255516052246,5.646329879760742,5.645142555236816,0.0011873245239257812,0.892677903175354
T2,200,3,1,5.760469436645508,5.765279769897461,5.722811222076416,5.724140167236328,-0.0013289451599121094,2.48862624168396
T2,200,4,2,3.7885210514068604,3.817033052444458,3.7507758140563965,3.775104522705078,-0.02432870864868164,-2.7989137172698975
T2,200,5,2,4.104825496673584,4.112250804901123,4.105861663818359,4.112478256225586,-0.0066165924072265625,-1.328797698020935
T2,200,6,2,4.2708940505981445,4.268732070922852,4.2814764976501465,4.279162406921387,0.0023140907287597656,0.29630953073501587
T2,200,7,3,5.003541946411133,5.009527683258057,4.983973979949951,4.9897780418396,-0.0058040618896484375,0.4677150249481201
T2,200,8,3,4.336306571960449,4.3372931480407715,4.292174816131592,4.292956829071045,-0.000782012939453125,0.14051634073257446
T2,200,9,3,3.738091230392456,3.739948034286499,3.782697916030884,3.7851080894470215,-0.0024101734161376953,-1.3526667356491089
T2,220,1,1,6.707726955413818,6.711008548736572,6.52064847946167,6.524356365203857,-0.0037078857421875,-0.5281493663787842
T2,220,2,1,6.369773864746094,6.365371227264404,6.408536434173584,6.405383110046387,0.0031533241271972656,0.892677903175354
T2,220,3,1,5.536609172821045,5.536985397338867,5.5695366859436035,5.572477340698242,-0.002940654754638672,2.48862624168396
T2,220,4,2,4.336162090301514,4.3647637367248535,4.318476676940918,4.347228050231934,-0.028751373291015625,-2.7989137172698975
T2,220,5,2,4.406859874725342,4.418434143066406,4.395572185516357,4.406463146209717,-0.010890960693359375,-1.328797698020935
T2,220,6,2,4.796783447265625,4.799288272857666,4.758321762084961,4.76101016998291,-0.0026884078979492188,0.29630953073501587
T2,220,7,3,4.687499523162842,4.679498672485352,4.716196060180664,4.708194732666016,0.008001327514648438,0.4677150249481201
T2,220,8,3,4.7194437980651855,4.719419479370117,4.7330145835876465,4.73342227935791,-0.0004076957702636719,0.14051634073257446
T2,220,9,3,4.044995307922363,4.054001331329346,3.992617130279541,4.001114845275879,-0.00849771499633789,-1.3526667356491089
T2,240,1,1,6.961582183837891,6.961647033691406,6.935114860534668,6.935089111328125,2.574920654296875e-05,-0.5281493663787842
T2,240,2,1,6.260781288146973,6.254250526428223,6.261518478393555,6.255804538726807,0.005713939666748047,0.892677903175354
T2,240,3,1,5.723663806915283,5.724972248077393,5.6837005615234375,5.68131685256958,0.002383708953857422,2.48862624168396
T2,240,4,2,4.96744441986084,4.961511611938477,4.943107604980469,4.9426774978637695,0.00043010711669921875,-2.7989137172698975
T2,240,5,2,4.668517589569092,4.656186103820801,4.662060737609863,4.649761199951172,0.012299537658691406,-1.328797698020935
T2,240,6,2,4.427427768707275,4.426731109619141,4.482478618621826,4.4821062088012695,0.0003724098205566406,0.29630953073501587
T2,240,7,3,4.340861797332764,4.332456111907959,4.3395867347717285,4.331398010253906,0.008188724517822266,0.4677150249481201
T2,240,8,3,4.600672245025635,4.600264072418213,4.588976860046387,4.588479042053223,0.0004978179931640625,0.14051634073257446
T2,240,9,3,3.9918630123138428,3.9917304515838623,4.025862216949463,4.025043964385986,0.0008182525634765625,-1.3526667356491089
T2,260,1,1,6.552654266357422,6.5547776222229,6.590305805206299,6.59260892868042,-0.0023031234741210938,-0.5281493663787842
T2,260,2,1,6.166257381439209,6.167423725128174,6.16892671585083,6.16957426071167,-0.0006475448608398438,0.892677903175354
T2,260,3,1,5.9095282554626465,5.9203572273254395,5.910482406616211,5.9204020500183105,-0.00991964340209961,2.48862624168396
T2,260,4,2,4.520185470581055,4.493189811706543,4.505895137786865,4.479159355163574,0.026735782623291016,-2.7989137172698975
T2,260,5,2,4.169214248657227,4.171740531921387,4.238661289215088,4.242659568786621,-0.003998279571533203,-1.328797698020935
T2,260,6,2,4.3551506996154785,4.356909275054932,4.340004920959473,4.341950416564941,-0.00194549560546875,0.29630953073501587
T2,260,7,3,3.836970806121826,3.8351798057556152,3.875382661819458,3.873413562774658,0.0019690990447998047,0.4677150249481201
T2,260,8,3,4.706598281860352,4.705800533294678,4.769109725952148,4.768514633178711,0.0005950927734375,0.14051634073257446
T2,260,9,3,4.069113254547119,4.057779312133789,4.054520606994629,4.046157360076904,0.00836324691772461,-1.3526667356491089
T2,280,1,1,5.646883487701416,5.6489996910095215,5.733807563781738,5.734922409057617,-0.0011148452758789062,-0.5281493663787842
T2,280,2,1,5.687939167022705,5.687984466552734,5.705136299133301,5.705082893371582,5.340576171875e-05,0.892677903175354
T2,280,3,1,6.032316207885742,6.048094272613525,6.035626411437988,6.051021099090576,-0.01539468765258789,2.48862624168396
T2,280,4,2,4.97701358795166,4.983341693878174,4.966900825500488,4.972265720367432,-0.005364894866943359,-2.7989137172698975
T2,280,5,2,4.044633865356445,4.049975872039795,4.004519462585449,4.008193016052246,-0.003673553466796875,-1.328797698020935
T2,280,6,2,4.50859260559082,4.4959940910339355,4.500858783721924,4.490474224090576,0.010384559631347656,0.29630953073501587
T2,280,7,3,4.796802043914795,4.805727481842041,4.741175651550293,4.7527594566345215,-0.011583805084228516,0.4677150249481201
T2,280,8,3,4.224393844604492,4.219543933868408,4.226058006286621,4.221613883972168,0.004444122314453125,0.14051634073257446
T2,280,9,3,4.534170627593994,4.535248756408691,4.519571781158447,4.519633769989014,-6.198883056640625e-05,-1.3526667356491089
T2,300,1,1,5.972729682922363,5.968455791473389,5.954226493835449,5.9529194831848145,0.0013070106506347656,-0.5281493663787842
T2,300,2,1,5.664587020874023,5.665362358093262,5.660502910614014,5.661437034606934,-0.0009341239929199219,0.892677903175354
T2,300,3,1,5.7899627685546875,5.7984700202941895,5.774289131164551,5.78218936920166,-0.007900238037109375,2.48862624168396
T2,300,4,2,4.724526405334473,4.710874557495117,4.737262725830078,4.720844268798828,0.01641845703125,-2.7989137172698975
T2,300,5,2,4.219909191131592,4.226949691772461,4.2290940284729,4.237391471862793,-0.008297443389892578,-1.328797698020935
T2,300,6,2,4.016716480255127,3.9816341400146484,4.054942607879639,4.021366596221924,0.033576011657714844,0.29630953073501587
T2,300,7,3,4.318971157073975,4.3235063552856445,4.3749237060546875,4.380125045776367,-0.0052013397216796875,0.4677150249481201
T2,300,8,3,4.261201858520508,4.271127223968506,4.276967525482178,4.284885883331299,-0.007918357849121094,0.14051634073257446
T2,300,9,3,4.056083679199219,4.05640983581543,4.0638298988342285,4.062973499298096,0.0008563995361328125,-1.3526667356491089
T2,320,1,1,5.642764568328857,5.640516757965088,5.662190914154053,5.65982723236084,0.0023636817932128906,-0.5281493663787842
T2,320,2,1,5.474844932556152,5.479936599731445,5.484952926635742,5.489471435546875,-0.0045185089111328125,0.892677903175354
T2,320,3,1,6.528254508972168,6.556219577789307,6.490183353424072,6.515662670135498,-0.02547931671142578,2.48862624168396
T2,320,4,2,4.44164514541626,4.468053817749023,4.395354270935059,4.424169540405273,-0.028815269470214844,-2.7989137172698975
T2,320,5,2,4.886900424957275,4.933013439178467,4.799991607666016,4.8484039306640625,-0.048412322998046875,-1.328797698020935
T2,320,6,2,4.001237869262695,3.9584310054779053,4.0013427734375,3.9603757858276367,0.04096698760986328,0.29630953073501587
T2,320,7,3,4.6466474533081055,4.584438323974609,4.548076152801514,4.4913411140441895,0.05673503875732422,0.4677150249481201
T2,320,8,3,3.9303085803985596,3.92952299118042,3.955805778503418,3.9578065872192383,-0.0020008087158203125,0.14051634073257446
T2,320,9,3,4.673727989196777,4.685652732849121,4.64201545715332,4.656246185302734,-0.014230728149414062,-1.3526667356491089
T2,340,1,1,5.483331680297852,5.483396530151367,5.468555927276611,5.469947814941406,-0.0013918876647949219,-0.5281493663787842
T2,340,2,1,5.456867694854736,5.464047431945801,5.447400093078613,5.4538397789001465,-0.006439685821533203,0.892677903175354
T2,340,3,1,6.103816509246826,6.08675479888916,6.112642765045166,6.095412254333496,0.017230510711669922,2.48862624168396
T2,340,4,2,4.901320934295654,4.907016277313232,4.89765739440918,4.9022321701049805,-0.004574775695800781,-2.7989137172698975
T2,340,5,2,5.5526442527771,5.595898151397705,5.54148006439209,5.587016582489014,-0.04553651809692383,-1.328797698020935
T2,340,6,2,4.092139720916748,4.018962383270264,4.095705509185791,4.02474308013916,0.07096242904663086,0.29630953073501587
T2,340,7,3,5.007171154022217,4.936202049255371,4.987890720367432,4.92079496383667,0.06709575653076172,0.4677150249481201
T2,340,8,3,4.508989334106445,4.52227783203125,4.472340106964111,4.482105255126953,-0.009765148162841797,0.14051634073257446
T2,340,9,3,4.7600579261779785,4.759521961212158,4.80034875869751,4.801409721374512,-0.0010609626770019531,-1.3526667356491089
T2,360,1,1,6.638817310333252,6.635300159454346,6.559605121612549,6.555903434753418,0.0037016868591308594,-0.5281493663787842
T2,360,2,1,5.082037925720215,5.077774524688721,5.102248668670654,5.09757661819458,0.004672050476074219,0.892677903175354
T2,360,3,1,6.554719924926758,6.551806926727295,6.549057483673096,6.546990394592285,0.002067089080810547,2.48862624168396
T2,360,4,2,4.849236965179443,4.8604350090026855,4.783604621887207,4.800824165344238,-0.01721954345703125,-2.7989137172698975
T2,360,5,2,4.839572429656982,4.841136932373047,4.9066243171691895,4.911497592926025,-0.0048732757568359375,-1.328797698020935
T2,360,6,2,4.081121444702148,4.023047924041748,4.062621116638184,4.004396438598633,0.05822467803955078,0.29630953073501587
T2,360,7,3,5.309708118438721,5.331546783447266,5.345113754272461,5.363728046417236,-0.01861429214477539,0.4677150249481201
T2,360,8,3,4.988618850708008,5.010004997253418,4.984594345092773,5.008329391479492,-0.02373504638671875,0.14051634073257446
T2,360,9,3,4.316720008850098,4.313261032104492,4.320676326751709,4.3145623207092285,0.006114006042480469,-1.3526667356491089
T2,380,1,1,6.542198181152344,6.541264057159424,6.563927173614502,6.562547206878662,0.0013799667358398438,-0.5281493663787842
T2,380,2,1,5.406185626983643,5.40815544128418,5.373863220214844,5.376646041870117,-0.0027828216552734375,0.892677903175354
T2,380,3,1,6.0558857917785645,6.057259559631348,6.061336994171143,6.061992168426514,-0.0006551742553710938,2.48862624168396
T2,380,4,2,4.683536052703857,4.697690486907959,4.6578688621521,4.662744045257568,-0.00487518310546875,-2.7989137172698975
T2,380,5,2,4.305959224700928,4.288547992706299,4.305090427398682,4.284821510314941,0.020268917083740234,-1.328797698020935
T2,380,6,2,4.648063659667969,4.582175254821777,4.642940998077393,4.580284118652344,0.06265687942504883,0.29630953073501587
T2,380,7,3,5.26112174987793,5.2993035316467285,5.287775039672852,5.32715368270874,-0.03937864303588867,0.4677150249481201
T2,380,8,3,4.6391282081604,4.616507530212402,4.683134078979492,4.661905765533447,0.021228313446044922,0.14051634073257446
T2,380,9,3,4.1863250732421875,4.182912349700928,4.175627708435059,4.174195766448975,0.0014319419860839844,-1.3526667356491089
T2,400,1,1,6.521747589111328,6.522497177124023,6.514904499053955,6.513284206390381,0.0016202926635742188,-3.343648910522461
T2,400,2,1,5.533694267272949,5.535179138183594,5.562718391418457,5.563596725463867,-0.0008783340454101562,-1.4432939291000366
T2,400,3,1,5.874849796295166,5.876030445098877,5.9133992195129395,5.914675712585449,-0.0012764930725097656,-0.2380964756011963
T2,400,4,2,4.921264171600342,4.921120643615723,4.961821556091309,4.960090637207031,0.0017309188842773438,0.5401339530944824
T2,400,5,2,4.168520927429199,4.164188385009766,4.213942050933838,4.207878112792969,0.006063938140869141,-1.350163221359253
T2,400,6,2,4.063838958740234,4.064926624298096,4.104869842529297,4.093796730041504,0.011073112487792969,-3.44977068901062
T2,400,7,3,4.639608383178711,4.62705135345459,4.65167236328125,4.636391639709473,0.015280723571777344,-3.3932714462280273
T2,400,8,3,4.64691686630249,4.675336837768555,4.610528945922852,4.64542818069458,-0.034899234771728516,-3.736762046813965
T2,400,9,3,3.787158727645874,3.932858943939209,3.7765207290649414,3.901536226272583,-0.1250154972076416,-5.202547550201416
T2,420,1,1,6.519853591918945,6.542151927947998,6.49561071395874,6.521605491638184,-0.02599477767944336,-3.343648910522461
T2,420,2,1,6.182514190673828,6.1782660484313965,6.141729354858398,6.13466215133667,0.007067203521728516,-1.4432939291000366
T2,420,3,1,5.762226581573486,5.763345241546631,5.736281871795654,5.737404823303223,-0.0011229515075683594,-0.2380964756011963
T2,420,4,2,4.556560039520264,4.566061973571777,4.593596458435059,4.602764129638672,-0.009167671203613281,0.5401339530944824
T2,420,5,2,4.2987470626831055,4.296504497528076,4.300004005432129,4.3018670082092285,-0.0018630027770996094,-1.350163221359253
T2,420,6,2,4.052916049957275,3.936203718185425,4.032801628112793,3.9314675331115723,0.1013340950012207,-3.44977068901062
T2,420,7,3,4.473690986633301,4.451207160949707,4.4968791007995605,4.4768571853637695,0.020021915435791016,-3.3932714462280273
T2,420,8,3,5.254776954650879,5.346824645996094,5.142902851104736,5.224307060241699,-0.08140420913696289,-3.736762046813965
T2,420,9,3,4.534171104431152,4.46917724609375,4.508871078491211,4.455999374389648,0.0528717041015625,-5.202547550201416
T2,440,1,1,6.217807769775391,6.22136116027832,6.263469696044922,6.268597602844238,-0.005127906799316406,-3.343648910522461
T2,440,2,1,6.06174373626709,6.07015323638916,6.088730335235596,6.095635890960693,-0.006905555725097656,-1.4432939291000366
T2,440,3,1,5.936769485473633,5.934177875518799,5.97036600112915,5.96774959564209,0.002616405487060547,-0.2380964756011963
T2,440,4,2,4.571353912353516,4.572533130645752,4.595602035522461,4.596001625061035,-0.00039958953857421875,0.5401339530944824
T2,440,5,2,4.281893253326416,4.260805606842041,4.2824835777282715,4.261120796203613,0.021362781524658203,-1.350163221359253
T2,440,6,2,4.237658977508545,4.132878303527832,4.27846622467041,4.153280735015869,0.12518548965454102,-3.44977068901062
T2,440,7,3,4.272355079650879,4.338649272918701,4.3337202072143555,4.397460460662842,-0.06374025344848633,-3.3932714462280273
T2,440,8,3,5.417588710784912,5.445120811462402,5.514427661895752,5.54843282699585,-0.034005165100097656,-3.736762046813965
T2,440,9,3,4.824265003204346,4.778620719909668,4.800294876098633,4.720823764801025,0.07947111129760742,-5.202547550201416
T2,460,1,1,5.833470344543457,5.821713924407959,5.804110527038574,5.799171447753906,0.004939079284667969,-3.343648910522461
T2,460,2,1,5.808713436126709,5.813187122344971,5.839602470397949,5.8439836502075195,-0.0043811798095703125,-1.4432939291000366
T2,460,3,1,5.728713512420654,5.727147102355957,5.723687648773193,5.721972942352295,0.0017147064208984375,-0.2380964756011963
T2,460,4,2,5.971019744873047,5.984565258026123,5.951312065124512,5.963578224182129,-0.012266159057617188,0.5401339530944824
T2,460,5,2,4.613935470581055,4.586668491363525,4.57794189453125,4.551645278930664,0.026296615600585938,-1.350163221359253
T2,460,6,2,4.837550640106201,4.931668281555176,4.812047004699707,4.904995918273926,-0.09294891357421875,-3.44977068901062
T2,460,7,3,4.219576835632324,4.202683448791504,4.220194339752197,4.224250316619873,-0.004055976867675781,-3.3932714462280273
T2,460,8,3,5.244073867797852,5.206763744354248,5.289179801940918,5.25181770324707,0.037362098693847656,-3.736762046813965
T2,460,9,3,4.389301300048828,4.312112808227539,4.426568031311035,4.363004684448242,0.06356334686279297,-5.202547550201416
T2,480,1,1,5.806407451629639,5.815008163452148,5.803685665130615,5.80973482131958,-0.006049156188964844,-3.343648910522461
T2,480,2,1,5.7869133949279785,5.778727054595947,5.790505409240723,5.782259941101074,0.008245468139648438,-1.4432939291000366
T2,480,3,1,5.764380931854248,5.762331485748291,5.795674800872803,5.793509483337402,0.0021653175354003906,-0.2380964756011963
T2,480,4,2,5.220242977142334,5.2342047691345215,5.283623695373535,5.304533004760742,-0.02090930938720703,0.5401339530944824
T2,480,5,2,3.9346559047698975,3.941704511642456,3.937776803970337,3.9446890354156494,-0.0069122314453125,-1.350163221359253
T2,480,6,2,4.389581203460693,4.4953083992004395,4.406174659729004,4.511394500732422,-0.10521984100341797,-3.44977068901062
T2,480,7,3,4.128741264343262,4.097401142120361,4.112386703491211,4.083014488220215,0.029372215270996094,-3.3932714462280273
T2,480,8,3,4.950514316558838,4.8980536460876465,4.994756698608398,4.937816143035889,0.056940555572509766,-3.736762046813965
T2,480,9,3,4.512670040130615,4.462340831756592,4.503952503204346,4.457652568817139,0.04629993438720703,-5.202547550201416
T2,500,1,1,6.145310878753662,6.12619161605835,6.077634334564209,6.056117057800293,0.021517276763916016,-3.343648910522461
T2,500,2,1,6.067142009735107,6.042994022369385,6.043554306030273,6.021236419677734,0.022317886352539062,-1.4432939291000366
T2,500,3,1,5.686920642852783,5.685667514801025,5.670243263244629,5.668644428253174,0.0015988349914550781,-0.2380964756011963
T2,500,4,2,4.385524749755859,4.378780364990234,4.434937000274658,4.420651435852051,0.014285564422607422,0.5401339530944824
T2,500,5,2,3.7860286235809326,3.7783093452453613,3.8071069717407227,3.797410726547241,0.009696245193481445,-1.350163221359253
T2,500,6,2,4.211695671081543,4.219858646392822,4.217418670654297,4.229560375213623,-0.012141704559326172,-3.44977068901062
T2,500,7,3,4.484868049621582,4.437103271484375,4.47515344619751,4.418622970581055,0.05653047561645508,-3.3932714462280273
T2,500,8,3,4.471733570098877,4.42232084274292,4.472983360290527,4.4326581954956055,0.040325164794921875,-3.736762046813965
T2,500,9,3,4.7403435707092285,4.851604461669922,4.644035816192627,4.749347686767578,-0.10531187057495117,-5.202547550201416
T2,520,1,1,6.316784381866455,6.2472052574157715,6.316991329193115,6.253814220428467,0.06317710876464844,-3.343648910522461
T2,520,2,1,6.150199890136719,6.143805503845215,6.116837501525879,6.108615398406982,0.008222103118896484,-1.4432939291000366
T2,520,3,1,5.7504425048828125,5.747444152832031,5.780848026275635,5.778163433074951,0.0026845932006835938,-0.2380964756011963
T2,520,4,2,4.299283504486084,4.271907806396484,4.298659324645996,4.269741058349609,0.02891826629638672,0.5401339530944824
T2,520,5,2,3.851099729537964,3.877241849899292,3.846118927001953,3.871274471282959,-0.02515554428100586,-1.350163221359253
T2,520,6,2,4.2253193855285645,4.2059807777404785,4.192183971405029,4.177777290344238,0.014406681060791016,-3.44977068901062
T2,520,7,3,4.928297519683838,4.959075450897217,4.938949108123779,4.974865436553955,-0.03591632843017578,-3.3932714462280273
T2,520,8,3,4.223547458648682,4.2726826667785645,4.24072790145874,4.28709602355957,-0.04636812210083008,-3.736762046813965
T2,520,9,3,4.315720558166504,4.475314140319824,4.326735019683838,4.468674182891846,-0.1419391632080078,-5.202547550201416
T2,540,1,1,6.425025939941406,6.4000139236450195,6.4335737228393555,6.4073166847229,0.026257038116455078,-3.343648910522461
T2,540,2,1,6.244307041168213,6.231770992279053,6.2691450119018555,6.257172107696533,0.011972904205322266,-1.4432939291000366
T2,540,3,1,5.360716819763184,5.357612609863281,5.378692150115967,5.3756279945373535,0.0030641555786132812,-0.2380964756011963
T2,540,4,2,4.371657848358154,4.396921157836914,4.296921253204346,4.30466365814209,-0.007742404937744141,0.5401339530944824
T2,540,5,2,4.10787296295166,4.119968414306641,4.125420570373535,4.137287616729736,-0.011867046356201172,-1.350163221359253
T2,540,6,2,5.378981590270996,5.308507919311523,5.271517276763916,5.2100090980529785,0.0615081787109375,-3.44977068901062
T2,540,7,3,4.734612941741943,4.769737720489502,4.644038677215576,4.684305191040039,-0.04026651382446289,-3.3932714462280273
T2,540,8,3,3.873234510421753,3.856786012649536,3.8990068435668945,3.8811166286468506,0.017890214920043945,-3.736762046813965
T2,540,9,3,3.9849278926849365,3.8605759143829346,3.994910955429077,3.8519465923309326,0.14296436309814453,-5.202547550201416
T2,560,1,1,6.439260959625244,6.396617889404297,6.406611919403076,6.365915775299072,0.040696144104003906,-3.343648910522461
T2,560,2,1,5.948470115661621,5.938086032867432,5.936400413513184,5.928327560424805,0.008072853088378906,-1.4432939291000366
T2,560,3,1,5.806308746337891,5.802914142608643,5.7628655433654785,5.759281635284424,0.0035839080810546875,-0.2380964756011963
T2,560,4,2,5.846858501434326,5.962303161621094,5.851770401000977,5.9652910232543945,-0.11352062225341797,0.5401339530944824
T2,560,5,2,3.707228422164917,3.7290468215942383,3.7061400413513184,3.726480484008789,-0.020340442657470703,-1.350163221359253
T2,560,6,2,6.051620960235596,6.035924434661865,6.038285255432129,6.017655372619629,0.0206298828125,-3.44977068901062
T2,560,7,3,5.70021390914917,5.7577691078186035,5.649580955505371,5.696901321411133,-0.04732036590576172,-3.3932714462280273
T2,560,8,3,4.009454727172852,3.9385147094726562,4.001613140106201,3.9385247230529785,0.06308841705322266,-3.736762046813965
T2,560,9,3,3.9385082721710205,3.9265897274017334,3.9240188598632812,3.914186716079712,0.009832143783569336,-5.202547550201416
T2,580,1,1,6.205923080444336,6.166795253753662,6.237285614013672,6.201720237731934,0.03556537628173828,-3.343648910522461
T2,580,2,1,6.556903839111328,6.546535015106201,6.5254669189453125,6.5156025886535645,0.009864330291748047,-1.4432939291000366
T2,580,3,1,6.012069225311279,6.0078840255737305,5.98232889175415,5.978261947631836,0.004066944122314453,-0.2380964756011963
T2,580,4,2,6.090127468109131,6.152788162231445,6.09666109085083,6.162389755249023,-0.06572866439819336,0.5401339530944824
T2,580,5,2,3.9718356132507324,4.010839939117432,3.9253387451171875,3.9657399654388428,-0.04040122032165527,-1.350163221359253
T2,580,6,2,5.57796573638916,5.547990798950195,5.5298075675964355,5.506101131439209,0.023706436157226562,-3.44977068901062
T2,580,7,3,5.7428998947143555,5.6920576095581055,5.77578067779541,5.720269680023193,0.0555109977722168,-3.3932714462280273
T2,580,8,3,3.9172699451446533,3.9035744667053223,3.9098386764526367,3.886056423187256,0.02378225326538086,-3.736762046813965
T2,580,9,3,4.8543314933776855,4.873958587646484,4.770001411437988,4.778122901916504,-0.008121490478515625,-5.202547550201416
T2,600,1,1,5.745806694030762,5.764610767364502,5.744375228881836,5.764505386352539,-0.020130157470703125,0.4850003719329834
T2,600,2,1,6.148705959320068,6.100017547607422,6.197636604309082,6.147513389587402,0.05012321472167969,-4.8771891593933105
T2,600,3,1,6.151227951049805,6.123234748840332,6.158583164215088,6.132844924926758,0.025738239288330078,-3.8921637535095215
T2,600,4,2,6.238898754119873,6.381341457366943,6.2511515617370605,6.399265766143799,-0.14811420440673828,2.738422393798828
T2,600,5,2,4.901479721069336,4.868722438812256,4.82893180847168,4.795832633972168,0.03309917449951172,-4.963669776916504
T2,600,6,2,6.033714771270752,6.032929420471191,6.112178325653076,6.099381923675537,0.012796401977539062,-3.3700191974639893
T2,600,7,3,4.805455684661865,4.888689041137695,4.81718111038208,4.914308071136475,-0.09712696075439453,-7.277385234832764
T2,600,8,3,3.7796568870544434,3.9226796627044678,3.795717716217041,3.9386990070343018,-0.14298129081726074,-7.67236852645874
T2,600,9,3,5.000293254852295,5.064892768859863,5.008880615234375,5.070964813232422,-0.062084197998046875,-8.996445655822754
T2,620,1,1,6.390315532684326,6.395503997802734,6.388689041137695,6.394039154052734,-0.0053501129150390625,0.4850003719329834
T2,620,2,1,5.685763359069824,5.60087251663208,5.6877360343933105,5.612127780914307,0.0756082534790039,-4.8771891593933105
T2,620,3,1,5.845165252685547,5.81008243560791,5.8559160232543945,5.826620101928711,0.029295921325683594,-3.8921637535095215
T2,620,4,2,6.980299949645996,7.057817459106445,6.960324287414551,7.048827648162842,-0.08850336074829102,2.738422393798828
T2,620,5,2,5.053595066070557,5.075671672821045,5.041685104370117,5.059975624084473,-0.01829051971435547,-4.963669776916504
T2,620,6,2,5.123171329498291,5.113583564758301,5.218080997467041,5.208404541015625,0.009676456451416016,-3.3700191974639893
T2,620,7,3,4.151077747344971,4.260025501251221,4.243316173553467,4.343512058258057,-0.10019588470458984,-7.277385234832764
T2,620,8,3,3.915889263153076,3.999704360961914,3.8966517448425293,3.9685781002044678,-0.07192635536193848,-7.67236852645874
T2,620,9,3,4.461532115936279,4.361674785614014,4.47108793258667,4.326369285583496,0.14471864700317383,-8.996445655822754
T2,640,1,1,6.351119041442871,6.3604350090026855,6.371765613555908,6.380711555480957,-0.008945941925048828,0.4850003719329834
T2,640,2,1,5.409508228302002,5.378201007843018,5.422991752624512,5.38984489440918,0.03314685821533203,-4.8771891593933105
T2,640,3,1,6.017126083374023,5.9814958572387695,6.009710788726807,5.971873760223389,0.03783702850341797,-3.8921637535095215
T2,640,4,2,6.761643409729004,6.822882652282715,6.811018943786621,6.871589660644531,-0.060570716857910156,2.738422393798828
T2,640,5,2,4.689760684967041,4.734560489654541,4.730743408203125,4.776012420654297,-0.045269012451171875,-4.963669776916504
T2,640,6,2,5.952542781829834,5.894065856933594,5.856139659881592,5.799824237823486,0.05631542205810547,-3.3700191974639893
T2,640,7,3,5.026854515075684,4.9599151611328125,4.903236389160156,4.844531536102295,0.05870485305786133,-7.277385234832764
T2,640,8,3,4.000514030456543,4.09917688369751,4.015203475952148,4.10781717300415,-0.09261369705200195,-7.67236852645874
T2,640,9,3,5.935632705688477,5.849315166473389,5.921103000640869,5.866384029388428,0.054718971252441406,-8.996445655822754
T2,660,1,1,6.1949076652526855,6.201943397521973,6.211528778076172,6.2188215255737305,-0.007292747497558594,0.4850003719329834
T2,660,2,1,5.497766494750977,5.447885990142822,5.475223541259766,5.423482418060303,0.05174112319946289,-4.8771891593933105
T2,660,3,1,6.077629566192627,6.016462802886963,6.107452869415283,6.046633720397949,0.060819149017333984,-3.8921637535095215
T2,660,4,2,6.5761003494262695,6.660922050476074,6.620579242706299,6.709139823913574,-0.08856058120727539,2.738422393798828
T2,660,5,2,4.8890557289123535,4.8890485763549805,4.877696514129639,4.884451866149902,-0.006755352020263672,-4.963669776916504
T2,660,6,2,6.3489227294921875,6.3201093673706055,6.355711936950684,6.330791473388672,0.02492046356201172,-3.3700191974639893
T2,660,7,3,6.6660332679748535,6.5119452476501465,6.628654479980469,6.464456081390381,0.1641983985900879,-7.277385234832764
T2,660,8,3,3.64485764503479,3.7263309955596924,3.657280921936035,3.730867624282837,-0.07358670234680176,-7.67236852645874
T2,660,9,3,6.905122756958008,6.834782123565674,6.83840799331665,6.764006614685059,0.0744013786315918,-8.996445655822754
T2,680,1,1,6.430020809173584,6.435516834259033,6.376797676086426,6.381171226501465,-0.0043735504150390625,0.4850003719329834
T2,680,2,1,5.606488227844238,5.560140609741211,5.6624298095703125,5.616594314575195,0.04583549499511719,-4.8771891593933105
T2,680,3,1,5.626545429229736,5.569861888885498,5.6390767097473145,5.582911491394043,0.056165218353271484,-3.8921637535095215
T2,680,4,2,6.277285575866699,6.383431911468506,6.267083168029785,6.371407508850098,-0.1043243408203125,2.738422393798828
T2,680,5,2,5.009247779846191,4.987852573394775,5.015172004699707,4.988776206970215,0.026395797729492188,-4.963669776916504
T2,680,6,2,5.673577308654785,5.654186725616455,5.669380187988281,5.648804187774658,0.020576000213623047,-3.3700191974639893
T2,680,7,3,6.797729969024658,6.747330665588379,6.804394245147705,6.740077018737793,0.06431722640991211,-7.277385234832764
T2,680,8,3,4.391890525817871,4.282848834991455,4.231389045715332,4.143616199493408,0.08777284622192383,-7.67236852645874
T2,680,9,3,6.827544212341309,6.893208980560303,6.817574501037598,6.8785247802734375,-0.060950279235839844,-8.996445655822754
T2,700,1,1,6.631678581237793,6.6406354904174805,6.678609848022461,6.688011169433594,-0.009401321411132812,0.4850003719329834
T2,700,2,1,5.021095275878906,4.974189281463623,5.019991397857666,4.961503982543945,0.0584874153137207,-4.8771891593933105
T2,700,3,1,5.65805196762085,5.613423824310303,5.668233394622803,5.62581729888916,0.04241609573364258,-3.8921637535095215
T2,700,4,2,5.932365894317627,5.967308521270752,5.975011348724365,6.0154008865356445,-0.0403895378112793,2.738422393798828
T2,700,5,2,4.656062126159668,4.654433250427246,4.702622413635254,4.701910018920898,0.0007123947143554688,-4.963669776916504
T2,700,6,2,5.677268028259277,5.723388671875,5.677204132080078,5.708415508270264,-0.031211376190185547,-3.3700191974639893
T2,700,7,3,6.757315635681152,6.558932304382324,6.7226715087890625,6.533786773681641,0.18888473510742188,-7.277385234832764
T2,700,8,3,5.7675652503967285,5.770742893218994,5.797794818878174,5.803799629211426,-0.006004810333251953,-7.67236852645874
T2,700,9,3,6.633254528045654,6.654423236846924,6.611749172210693,6.63295841217041,-0.021209239959716797,-8.996445655822754
T2,720,1,1,6.193224906921387,6.202572822570801,6.145604610443115,6.154595851898193,-0.008991241455078125,0.4850003719329834
T2,720,2,1,5.342728137969971,5.313910961151123,5.340439796447754,5.313498497009277,0.026941299438476562,-4.8771891593933105
T2,720,3,1,4.990310192108154,4.962472438812256,5.02252721786499,4.99489164352417,0.027635574340820312,-3.8921637535095215
T2,720,4,2,5.350852012634277,5.395573616027832,5.404987812042236,5.447463512420654,-0.04247570037841797,2.738422393798828
T2,720,5,2,4.653647422790527,4.608566761016846,4.625201225280762,4.580162525177002,0.045038700103759766,-4.963669776916504
T2,720,6,2,6.031316757202148,6.066862106323242,6.016587734222412,6.058351516723633,-0.0417637825012207,-3.3700191974639893
T2,720,7,3,6.88759183883667,6.618600368499756,6.926937580108643,6.6551055908203125,0.2718319892883301,-7.277385234832764
T2,720,8,3,5.197456359863281,5.125198841094971,5.178440093994141,5.103157043457031,0.07528305053710938,-7.67236852645874
T2,720,9,3,6.384885787963867,6.401575088500977,6.391299247741699,6.400384426116943,-0.00908517837524414,-8.996445655822754
T2,740,1,1,6.5957350730896,6.601363182067871,6.565521717071533,6.570990562438965,-0.005468845367431641,0.4850003719329834
T2,740,2,1,5.419950485229492,5.3592047691345215,5.394505500793457,5.336256980895996,0.05824851989746094,-4.8771891593933105
T2,740,3,1,5.515176296234131,5.475846767425537,5.473118782043457,5.437654972076416,0.035463809967041016,-3.8921637535095215
T2,740,4,2,5.546935558319092,5.519115447998047,5.520639419555664,5.488061428070068,0.0325779914855957,2.738422393798828
T2,740,5,2,4.925004005432129,4.854822635650635,4.947405815124512,4.879395961761475,0.06800985336303711,-4.963669776916504
T2,740,6,2,5.6456804275512695,5.6411519050598145,5.665342330932617,5.651411056518555,0.0139312744140625,-3.3700191974639893
T2,740,7,3,6.329479694366455,6.24837064743042,6.368958950042725,6.2890625,0.07989645004272461,-7.277385234832764
T2,740,8,3,5.104743957519531,5.160994052886963,5.103201389312744,5.161901950836182,-0.0587005615234375,-7.67236852645874
T2,740,9,3,6.2507171630859375,6.153205871582031,6.217653274536133,6.1275248527526855,0.09012842178344727,-8.996445655822754
T2,760,1,1,6.032663822174072,6.036453723907471,6.05579137802124,6.0602946281433105,-0.0045032501220703125,0.4850003719329834
T2,760,2,1,5.412261962890625,5.347168445587158,5.422100067138672,5.3536529541015625,0.06844711303710938,-4.8771891593933105
T2,760,3,1,5.13860559463501,5.090796947479248,5.193356513977051,5.143494606018066,0.049861907958984375,-3.8921637535095215
T2,760,4,2,6.346960067749023,6.365849494934082,6.32495641708374,6.342902660369873,-0.017946243286132812,2.738422393798828
T2,760,5,2,4.777679920196533,4.742522239685059,4.735268592834473,4.697482109069824,0.03778648376464844,-4.963669776916504
T2,760,6,2,6.3427252769470215,6.31788444519043,6.344216823577881,6.32264518737793,0.021571636199951172,-3.3700191974639893
T2,760,7,3,6.037456512451172,5.9327239990234375,6.001741886138916,5.893378257751465,0.10836362838745117,-7.277385234832764
T2,760,8,3,5.5833539962768555,5.580480098724365,5.566563606262207,5.563916206359863,0.00264739990234375,-7.67236852645874
T2,760,9,3,6.058440208435059,6.02147102355957,6.099855422973633,6.05999231338501,0.03986310958862305,-8.996445655822754
T2,780,1,1,6.369561672210693,6.377377986907959,6.331292629241943,6.339893341064453,-0.008600711822509766,0.4850003719329834
T2,780,2,1,5.481901168823242,5.415462017059326,5.443717956542969,5.37678861618042,0.06692934036254883,-4.8771891593933105
T2,780,3,1,5.756690502166748,5.700450897216797,5.7386794090271,5.685160160064697,0.053519248962402344,-3.8921637535095215
T2,780,4,2,6.5322394371032715,6.581477642059326,6.532870292663574,6.580902099609375,-0.04803180694580078,2.738422393798828
T2,780,5,2,5.141279220581055,5.115511894226074,5.104925155639648,5.079538822174072,0.025386333465576172,-4.963669776916504
T2,780,6,2,6.114298343658447,6.085615634918213,6.162276268005371,6.1315789222717285,0.030697345733642578,-3.3700191974639893
T2,780,7,3,6.054699897766113,5.942330360412598,6.053389549255371,5.966670989990234,0.08671855926513672,-7.277385234832764
T2,780,8,3,5.9385480880737305,5.865478992462158,5.895725250244141,5.848647594451904,0.04707765579223633,-7.67236852645874
T2,780,9,3,5.8849310874938965,5.768347263336182,5.881948947906494,5.774075508117676,0.10787343978881836,-8.996445655822754
T2,800,1,1,6.229154586791992,6.266866207122803,6.222937107086182,6.26059627532959,-0.0376591682434082,2.1117889881134033
T2,800,2,1,5.6877007484436035,5.665232181549072,5.701298236846924,5.680938243865967,0.02035999298095703,-2.5745112895965576
T2,800,3,1,5.5901408195495605,5.581186771392822,5.600583553314209,5.592000961303711,0.008582592010498047,-1.011064052581787
T2,800,4,2,6.705493450164795,6.688336372375488,6.798667907714844,6.780599117279053,0.018068790435791016,-0.016257762908935547
T2,800,5,2,5.105103969573975,5.073200702667236,5.165504455566406,5.135149002075195,0.030355453491210938,-5.935301780700684
T2,800,6,2,5.714297294616699,5.719771385192871,5.759018898010254,5.763734817504883,-0.004715919494628906,-3.285876512527466
T2,800,7,3,5.928737640380859,5.80667781829834,5.925260543823242,5.823157787322998,0.10210275650024414,-10.12943172454834
T2,800,8,3,5.874683380126953,5.804360866546631,5.912753105163574,5.83549690246582,0.0772562026977539,-10.54827880859375
T2,800,9,3,5.725092887878418,5.703001499176025,5.729401588439941,5.7094221115112305,0.019979476928710938,-10.029332160949707
T2,820,1,1,6.260089874267578,6.288606643676758,6.247809410095215,6.274761199951172,-0.02695178985595703,2.1117889881134033
T2,820,2,1,5.677764415740967,5.653361797332764,5.632835865020752,5.608066558837891,0.024769306182861328,-2.5745112895965576
T2,820,3,1,5.353372097015381,5.353567600250244,5.385680198669434,5.38451623916626,0.0011639595031738281,-1.011064052581787
T2,820,4,2,6.49011754989624,6.463730335235596,6.484009742736816,6.45894193649292,0.025067806243896484,-0.016257762908935547
T2,820,5,2,4.757115840911865,4.736081600189209,4.745441436767578,4.721593379974365,0.02384805679321289,-5.935301780700684
T2,820,6,2,5.412124156951904,5.421921253204346,5.397035598754883,5.407780170440674,-0.010744571685791016,-3.285876512527466
T2,820,7,3,5.9759202003479,5.880726337432861,5.979339122772217,5.901608943939209,0.07773017883300781,-10.12943172454834
T2,820,8,3,5.330962657928467,5.230298042297363,5.353832244873047,5.253501892089844,0.10033035278320312,-10.54827880859375
T2,820,9,3,6.135117053985596,6.067597389221191,6.133685111999512,6.070008277893066,0.06367683410644531,-10.029332160949707
T2,840,1,1,6.235532760620117,6.248709201812744,6.20815896987915,6.222232341766357,-0.014073371887207031,2.1117889881134033
T2,840,2,1,5.735372066497803,5.697297096252441,5.769469261169434,5.733264923095703,0.03620433807373047,-2.5745112895965576
T2,840,3,1,5.448808193206787,5.437477111816406,5.406252861022949,5.394173622131348,0.012079238891601562,-1.011064052581787
T2,840,4,2,7.138090133666992,7.13062858581543,7.134721755981445,7.12636137008667,0.00836038589477539,-0.016257762908935547
T2,840,5,2,4.758476734161377,4.853276252746582,4.7542033195495605,4.840888023376465,-0.0866847038269043,-5.935301780700684
T2,840,6,2,5.651839256286621,5.705124378204346,5.664102554321289,5.715384483337402,-0.05128192901611328,-3.285876512527466
T2,840,7,3,6.129913806915283,5.996085166931152,6.18574333190918,6.058497905731201,0.12724542617797852,-10.12943172454834
T2,840,8,3,5.014768123626709,4.991579055786133,5.033511638641357,5.012365818023682,0.02114582061767578,-10.54827880859375
T2,840,9,3,5.650272369384766,5.577900409698486,5.664895057678223,5.593351364135742,0.07154369354248047,-10.029332160949707
T2,860,1,1,6.020453453063965,6.054781913757324,6.031956195831299,6.064144611358643,-0.03218841552734375,2.1117889881134033
T2,860,2,1,5.732775688171387,5.713127613067627,5.730435848236084,5.707393646240234,0.02304220199584961,-2.5745112895965576
T2,860,3,1,5.798218250274658,5.787591934204102,5.823684215545654,5.812076091766357,0.011608123779296875,-1.011064052581787
T2,860,4,2,6.707217216491699,6.692975044250488,6.760992050170898,6.7476701736450195,0.013321876525878906,-0.016257762908935547
T2,860,5,2,4.612124919891357,4.630533695220947,4.6293230056762695,4.657557964324951,-0.02823495864868164,-5.935301780700684
T2,860,6,2,5.979971885681152,5.981771945953369,5.998822212219238,6.0001983642578125,-0.0013761520385742188,-3.285876512527466
T2,860,7,3,6.283201694488525,6.257760524749756,6.266120910644531,6.239242076873779,0.026878833770751953,-10.12943172454834
T2,860,8,3,4.964755058288574,4.98154878616333,4.968595504760742,4.979779243469238,-0.011183738708496094,-10.54827880859375
T2,860,9,3,5.5007781982421875,5.4637980461120605,5.520929336547852,5.459176540374756,0.0617527961730957,-10.029332160949707
T2,880,1,1,6.568760395050049,6.5937700271606445,6.578810214996338,6.603870868682861,-0.025060653686523438,2.1117889881134033
T2,880,2,1,5.610439777374268,5.591291427612305,5.616351127624512,5.59749698638916,0.018854141235351562,-2.5745112895965576
T2,880,3,1,5.569339275360107,5.554183483123779,5.562858581542969,5.548089981079102,0.014768600463867188,-1.011064052581787
T2,880,4,2,6.603841781616211,6.58988094329834,6.600552082061768,6.586490631103516,0.014061450958251953,-0.016257762908935547
T2,880,5,2,5.006106376647949,4.925955295562744,4.993809700012207,4.912410736083984,0.08139896392822266,-5.935301780700684
T2,880,6,2,6.00463342666626,5.974332332611084,6.018955230712891,5.989098072052002,0.029857158660888672,-3.285876512527466
T2,880,7,3,6.698306560516357,6.609677791595459,6.670266628265381,6.587137222290039,0.0831294059753418,-10.12943172454834
T2,880,8,3,4.774599075317383,4.8674163818359375,4.775359630584717,4.860952377319336,-0.08559274673461914,-10.54827880859375
T2,880,9,3,5.513306617736816,5.537322521209717,5.515312671661377,5.532914161682129,-0.017601490020751953,-10.029332160949707
T2,900,1,1,6.090009689331055,6.127427101135254,6.137701511383057,6.171470642089844,-0.03376913070678711,2.1117889881134033
T2,900,2,1,6.016228199005127,6.00705099105835,6.0066046714782715,5.995562553405762,0.011042118072509766,-2.5745112895965576
T2,900,3,1,5.255958557128906,5.243930339813232,5.291097640991211,5.2795915603637695,0.011506080627441406,-1.011064052581787
T2,900,4,2,6.477390766143799,6.4151835441589355,6.444664001464844,6.38364839553833,0.06101560592651367,-0.016257762908935547
T2,900,5,2,5.0879292488098145,5.021293640136719,5.093803882598877,5.032843589782715,0.06096029281616211,-5.935301780700684
T2,900,6,2,5.699746131896973,5.65933895111084,5.683597564697266,5.641027927398682,0.042569637298583984,-3.285876512527466
T2,900,7,3,6.883623123168945,6.84445858001709,6.923138618469238,6.874607086181641,0.048531532287597656,-10.12943172454834
T2,900,8,3,4.949817657470703,4.913172245025635,4.939277172088623,4.912037372589111,0.02723979949951172,-10.54827880859375
T2,900,9,3,5.475419521331787,5.481418609619141,5.408099174499512,5.4223175048828125,-0.014218330383300781,-10.029332160949707
T2,920,1,1,6.2238993644714355,6.251776695251465,6.238525867462158,6.264951229095459,-0.02642536163330078,2.1117889881134033
T2,920,2,1,6.045393466949463,6.014523029327393,6.032115936279297,6.005958080291748,0.026157855987548828,-2.5745112895965576
T2,920,3,1,5.182983875274658,5.169745445251465,5.199398040771484,5.186324119567871,0.013073921203613281,-1.011064052581787
T2,920,4,2,6.560352802276611,6.548899173736572,6.546172618865967,6.537177085876465,0.008995532989501953,-0.016257762908935547
T2,920,5,2,5.041780471801758,5.001387119293213,5.047203063964844,5.009871482849121,0.037331581115722656,-5.935301780700684
T2,920,6,2,5.606220245361328,5.5545220375061035,5.610897064208984,5.557559967041016,0.05333709716796875,-3.285876512527466
T2,920,7,3,5.859158992767334,5.899684429168701,5.815988063812256,5.8696112632751465,-0.053623199462890625,-10.12943172454834
T2,920,8,3,5.262735366821289,5.247917175292969,5.211060047149658,5.202695846557617,0.008364200592041016,-10.54827880859375
T2,920,9,3,5.663651466369629,5.568918228149414,5.657745838165283,5.57037353515625,0.0873723030090332,-10.029332160949707
T2,940,1,1,6.521658420562744,6.54912805557251,6.408112525939941,6.432738780975342,-0.02462625503540039,2.1117889881134033
T2,940,2,1,6.118017196655273,6.090094566345215,6.109619140625,6.080752849578857,0.028866291046142578,-2.5745112895965576
T2,940,3,1,5.280919551849365,5.269978046417236,5.279693603515625,5.268838405609131,0.01085519790649414,-1.011064052581787
T2,940,4,2,6.168773174285889,6.140066146850586,6.1950578689575195,6.167473793029785,0.027584075927734375,-0.016257762908935547
T2,940,5,2,4.930291652679443,4.845335483551025,4.968523025512695,4.880776882171631,0.08774614334106445,-5.935301780700684
T2,940,6,2,5.673652648925781,5.645316123962402,5.6504597663879395,5.626298904418945,0.02416086196899414,-3.285876512527466
T2,940,7,3,7.151869297027588,7.027775764465332,7.111841678619385,6.978254318237305,0.13358736038208008,-10.12943172454834
T2,940,8,3,5.240281581878662,5.24153470993042,5.241146564483643,5.234845161437988,0.006301403045654297,-10.54827880859375
T2,940,9,3,5.757019519805908,5.7267255783081055,5.784295082092285,5.750561237335205,0.03373384475708008,-10.029332160949707
T2,960,1,1,6.496837139129639,6.529175758361816,6.511360168457031,6.541247844696045,-0.029887676239013672,2.1117889881134033
T2,960,2,1,5.823482990264893,5.7906012535095215,5.8588337898254395,5.823922157287598,0.0349116325378418,-2.5745112895965576
T2,960,3,1,5.69458532333374,5.68418025970459,5.681326866149902,5.671621799468994,0.009705066680908203,-1.011064052581787
T2,960,4,2,6.011967182159424,5.9667887687683105,5.992031574249268,5.950571537017822,0.04146003723144531,-0.016257762908935547
T2,960,5,2,4.752059459686279,4.74385929107666,4.770288467407227,4.756957054138184,0.013331413269042969,-5.935301780700684
T2,960,6,2,5.4415740966796875,5.407038688659668,5.470526218414307,5.4358930587768555,0.03463315963745117,-3.285876512527466
T2,960,7,3,6.743104934692383,6.687237739562988,6.791226863861084,6.724103927612305,0.0671229362487793,-10.12943172454834
T2,960,8,3,5.357815265655518,5.44050407409668,5.363884925842285,5.438111305236816,-0.07422637939453125,-10.54827880859375
T2,960,9,3,5.198122978210449,5.139941215515137,5.157339096069336,5.110492706298828,0.04684638977050781,-10.029332160949707
T2,980,1,1,5.799671649932861,5.835500240325928,5.800206184387207,5.837625503540039,-0.03741931915283203,2.1117889881134033
T2,980,2,1,5.979197025299072,5.954699993133545,5.952882289886475,5.924675941467285,0.028206348419189453,-2.5745112895965576
T2,980,3,1,6.1868767738342285,6.182275772094727,6.1766462326049805,6.171385765075684,0.005260467529296875,-1.011064052581787
T2,980,4,2,6.399053573608398,6.335209846496582,6.3775200843811035,6.3137664794921875,0.06375360488891602,-0.016257762908935547
T2,980,5,2,4.725500106811523,4.704767227172852,4.733799934387207,4.7101664543151855,0.023633480072021484,-5.935301780700684
T2,980,6,2,5.194155216217041,5.176820278167725,5.158734321594238,5.1411566734313965,0.017577648162841797,-3.285876512527466
T2,980,7,3,5.9116363525390625,5.854758262634277,5.930882453918457,5.882205963134766,0.048676490783691406,-10.12943172454834
T2,980,8,3,6.23396110534668,6.1272759437561035,6.217862606048584,6.112090110778809,0.10577249526977539,-10.54827880859375
T2,980,9,3,6.0209550857543945,5.9287028312683105,6.0139899253845215,5.923037052154541,0.09095287322998047,-10.029332160949707
T2,1000,1,1,6.181795120239258,6.236043453216553,6.162954807281494,6.219996452331543,-0.05704164505004883,2.9482498168945312
T2,1000,2,1,6.1643805503845215,6.191978931427002,6.171364784240723,6.198667526245117,-0.02730274200439453,1.1678967475891113
T2,1000,3,1,6.006828784942627,6.0248026847839355,6.0210280418396,6.038549423217773,-0.017521381378173828,1.2134895324707031
T2,1000,4,2,6.775701522827148,6.706687927246094,6.822958946228027,6.750733375549316,0.07222557067871094,-2.57651686668396
T2,1000,5,2,4.724094867706299,4.765758514404297,4.709799766540527,4.751863956451416,-0.04206418991088867,-2.0566632747650146
T2,1000,6,2,5.3953022956848145,5.403679847717285,5.438771724700928,5.447312831878662,-0.008541107177734375,0.42043089866638184
T2,1000,7,3,6.165598392486572,6.104793071746826,6.138846397399902,6.072583198547363,0.06626319885253906,-10.790538787841797
T2,1000,8,3,6.646796226501465,6.539185047149658,6.6632795333862305,6.546955108642578,0.11632442474365234,-11.160933494567871
T2,1000,9,3,6.162448883056641,6.112652778625488,6.16105318069458,6.0988311767578125,0.06222200393676758,-10.611364364624023
T2,1020,1,1,6.1378703117370605,6.205244541168213,6.17844295501709,6.247920989990234,-0.06947803497314453,2.9482498168945312
T2,1020,2,1,6.011453151702881,6.021897792816162,6.016623497009277,6.026553630828857,-0.009930133819580078,1.1678967475891113
T2,1020,3,1,5.976873397827148,5.994438171386719,5.946508884429932,5.966928482055664,-0.020419597625732422,1.2134895324707031
T2,1020,4,2,6.597054481506348,6.541200637817383,6.619145393371582,6.55689811706543,0.062247276306152344,-2.57651686668396
T2,1020,5,2,5.043437480926514,5.0284929275512695,5.047022342681885,5.031193733215332,0.015828609466552734,-2.0566632747650146
T2,1020,6,2,5.403212070465088,5.407281398773193,5.3605499267578125,5.365227222442627,-0.004677295684814453,0.42043089866638184
T2,1020,7,3,6.468814373016357,6.480346202850342,6.4713568687438965,6.481025218963623,-0.009668350219726562,-10.790538787841797
T2,1020,8,3,6.610560417175293,6.535872936248779,6.623813152313232,6.530536651611328,0.0932765007019043,-11.160933494567871
T2,1020,9,3,5.771971225738525,5.729029178619385,5.791815280914307,5.736495018005371,0.05532026290893555,-10.611364364624023
T2,1040,1,1,5.676786422729492,5.713411331176758,5.676509380340576,5.7099289894104,-0.03341960906982422,2.9482498168945312
T2,1040,2,1,5.760334491729736,5.777768611907959,5.771523952484131,5.790070056915283,-0.018546104431152344,1.1678967475891113
T2,1040,3,1,6.395432472229004,6.406152725219727,6.37976598739624,6.3909149169921875,-0.011148929595947266,1.2134895324707031
T2,1040,4,2,5.806004524230957,5.75246000289917,5.886188983917236,5.835684776306152,0.050504207611083984,-2.57651686668396
T2,1040,5,2,5.071891784667969,5.065065860748291,5.069238662719727,5.065798759460449,0.0034399032592773438,-2.0566632747650146
T2,1040,6,2,5.4293437004089355,5.441781997680664,5.4128804206848145,5.426121234893799,-0.013240814208984375,0.42043089866638184
T2,1040,7,3,6.423789978027344,6.452314376831055,6.36374044418335,6.40562629699707,-0.0418858528137207,-10.790538787841797
T2,1040,8,3,6.574290752410889,6.429983615875244,6.580915927886963,6.471932888031006,0.10898303985595703,-11.160933494567871
T2,1040,9,3,5.663052558898926,5.6862030029296875,5.6912360191345215,5.708469390869141,-0.01723337173461914,-10.611364364624023
T2,1060,1,1,5.6031880378723145,5.682064533233643,5.601053237915039,5.68100118637085,-0.07994794845581055,2.9482498168945312
T2,1060,2,1,5.650024890899658,5.661323547363281,5.6553053855896,5.667849063873291,-0.012543678283691406,1.1678967475891113
T2,1060,3,1,6.158015727996826,6.179138660430908,6.200959205627441,6.2207722663879395,-0.019813060760498047,1.2134895324707031
T2,1060,4,2,5.661117076873779,5.620521545410156,5.644051551818848,5.607275485992432,0.036776065826416016,-2.57651686668396
T2,1060,5,2,5.004141330718994,4.998397350311279,5.034726619720459,5.027912616729736,0.006814002990722656,-2.0566632747650146
T2,1060,6,2,5.443721771240234,5.467019081115723,5.486605167388916,5.5085930824279785,-0.0219879150390625,0.42043089866638184
T2,1060,7,3,6.730462074279785,6.661313056945801,6.7196879386901855,6.651894569396973,0.06779336929321289,-10.790538787841797
T2,1060,8,3,5.961829662322998,5.871005058288574,5.945213794708252,5.88669490814209,0.05851888656616211,-11.160933494567871
T2,1060,9,3,5.227808475494385,5.208535194396973,5.244471073150635,5.234443664550781,0.010027408599853516,-10.611364364624023
T2,1080,1,1,5.834486961364746,5.881556987762451,5.832736968994141,5.8805365562438965,-0.04779958724975586,2.9482498168945312
T2,1080,2,1,5.48335075378418,5.494191646575928,5.5132365226745605,5.524021148681641,-0.010784626007080078,1.1678967475891113
T2,1080,3,1,5.919127464294434,5.936412811279297,5.867297172546387,5.884476661682129,-0.017179489135742188,1.2134895324707031
T2,1080,4,2,6.125120639801025,6.0548529624938965,6.093987464904785,6.016452789306641,0.07753467559814453,-2.57651686668396
T2,1080,5,2,5.040149688720703,5.01960563659668,4.983659744262695,4.964758396148682,0.018901348114013672,-2.0566632747650146
T2,1080,6,2,5.024664878845215,5.063363075256348,5.063810348510742,5.103850364685059,-0.040040016174316406,0.42043089866638184
T2,1080,7,3,6.606566905975342,6.524500370025635,6.624190807342529,6.541826248168945,0.08236455917358398,-10.790538787841797
T2,1080,8,3,5.740264892578125,5.6561102867126465,5.771401405334473,5.700514316558838,0.07088708877563477,-11.160933494567871
T2,1080,9,3,5.237626552581787,5.193931579589844,5.227958679199219,5.179201602935791,0.048757076263427734,-10.611364364624023
T2,1100,1,1,5.781678676605225,5.824087142944336,5.768490791320801,5.807100296020508,-0.03860950469970703,2.9482498168945312
T2,1100,2,1,5.381562232971191,5.405194282531738,5.387463569641113,5.4091997146606445,-0.02173614501953125,1.1678967475891113
T2,1100,3,1,6.275607109069824,6.294843673706055,6.307109832763672,6.327367782592773,-0.020257949829101562,1.2134895324707031
T2,1100,4,2,6.050324440002441,5.9648895263671875,6.084489822387695,5.999893665313721,0.08459615707397461,-2.57651686668396
T2,1100,5,2,5.4549031257629395,5.4300761222839355,5.470353603363037,5.4409871101379395,0.029366493225097656,-2.0566632747650146
T2,1100,6,2,4.792996406555176,4.771530628204346,4.776705265045166,4.758374214172363,0.018331050872802734,0.42043089866638184
T2,1100,7,3,6.647167205810547,6.564572811126709,6.671494007110596,6.580746650695801,0.09074735641479492,-10.790538787841797
T2,1100,8,3,5.525782585144043,5.472114086151123,5.5569071769714355,5.494452953338623,0.0624542236328125,-11.160933494567871
T2,1100,9,3,5.570693016052246,5.571738243103027,5.562728404998779,5.563736915588379,-0.0010085105895996094,-10.611364364624023
T2,1120,1,1,5.842822074890137,5.902718544006348,5.8213396072387695,5.878688812255859,-0.057349205017089844,2.9482498168945312
T2,1120,2,1,5.202642917633057,5.222949981689453,5.1973347663879395,5.218407154083252,-0.0210723876953125,1.1678967475891113
T2,1120,3,1,6.605682849884033,6.617109298706055,6.610474586486816,6.6201300621032715,-0.009655475616455078,1.2134895324707031
T2,1120,4,2,5.784156799316406,5.731024265289307,5.760759353637695,5.7104997634887695,0.05025959014892578,-2.57651686668396
T2,1120,5,2,4.772018909454346,4.733418941497803,4.80932092666626,4.774947166442871,0.03437376022338867,-2.0566632747650146
T2,1120,6,2,5.7620320320129395,5.736454010009766,5.697516918182373,5.670637130737305,0.02687978744506836,0.42043089866638184
T2,1120,7,3,6.44709587097168,6.414599895477295,6.438046932220459,6.399550437927246,0.03849649429321289,-10.790538787841797
T2,1120,8,3,5.852091312408447,5.771416187286377,5.816084384918213,5.736032962799072,0.08005142211914062,-11.160933494567871
T2,1120,9,3,5.810425281524658,5.700835227966309,5.8340349197387695,5.721811294555664,0.11222362518310547,-10.611364364624023
T2,1140,1,1,5.839418888092041,5.888693332672119,5.851436138153076,5.901106357574463,-0.04967021942138672,2.9482498168945312
T2,1140,2,1,5.252284049987793,5.2644524574279785,5.268650054931641,5.2801103591918945,-0.011460304260253906,1.1678967475891113
T2,1140,3,1,6.801089286804199,6.816335678100586,6.781513214111328,6.797284126281738,-0.015770912170410156,1.2134895324707031
T2,1140,4,2,6.190798282623291,6.142000675201416,6.157807350158691,6.107516288757324,0.05029106140136719,-2.57651686668396
T2,1140,5,2,4.892473220825195,4.845335006713867,4.867693901062012,4.819618225097656,0.04807567596435547,-2.0566632747650146
T2,1140,6,2,6.198580741882324,6.174855709075928,6.185856342315674,6.162220001220703,0.023636341094970703,0.42043089866638184
T2,1140,7,3,6.530601978302002,6.477924346923828,6.524627685546875,6.465996265411377,0.05863142013549805,-10.790538787841797
T2,1140,8,3,5.707883834838867,5.645044326782227,5.733782768249512,5.677430629730225,0.05635213851928711,-11.160933494567871
T2,1140,9,3,5.482673645019531,5.465735912322998,5.519917011260986,5.497385501861572,0.022531509399414062,-10.611364364624023
T2,1160,1,1,5.838992118835449,5.882183074951172,5.877237796783447,5.918246746063232,-0.041008949279785156,2.9482498168945312
T2,1160,2,1,5.156539440155029,5.166787147521973,5.123764991760254,5.133798599243164,-0.010033607482910156,1.1678967475891113
T2,1160,3,1,6.881085395812988,6.89786434173584,6.928999900817871,6.945278167724609,-0.01627826690673828,1.2134895324707031
T2,1160,4,2,5.895303726196289,5.857562065124512,5.93085241317749,5.895448207855225,0.035404205322265625,-2.57651686668396
T2,1160,5,2,5.50526762008667,5.4944891929626465,5.455385208129883,5.445272922515869,0.010112285614013672,-2.0566632747650146
T2,1160,6,2,6.134090423583984,6.116699695587158,6.125237941741943,6.110599517822266,0.014638423919677734,0.42043089866638184
T2,1160,7,3,6.033795356750488,6.02587366104126,6.0930891036987305,6.065869331359863,0.027219772338867188,-10.790538787841797
T2,1160,8,3,5.102087020874023,5.114612579345703,5.158201217651367,5.146162033081055,0.0120391845703125,-11.160933494567871
T2,1160,9,3,5.477128028869629,5.432614326477051,5.449737071990967,5.4072489738464355,0.04248809814453125,-10.611364364624023
T2,1180,1,1,5.812917709350586,5.8550705909729,5.8431878089904785,5.883637428283691,-0.04044961929321289,2.9482498168945312
T2,1180,2,1,5.3787431716918945,5.394115924835205,5.35479211807251,5.3703203201293945,-0.015528202056884766,1.1678967475891113
T2,1180,3,1,6.423323631286621,6.440474987030029,6.431731224060059,6.448301792144775,-0.016570568084716797,1.2134895324707031
T2,1180,4,2,5.905333995819092,5.867812156677246,5.891026496887207,5.85316276550293,0.037863731384277344,-2.57651686668396
T2,1180,5,2,5.7402191162109375,5.720733165740967,5.715993404388428,5.695353984832764,0.020639419555664062,-2.0566632747650146
T2,1180,6,2,6.393889427185059,6.392634868621826,6.457647323608398,6.4548211097717285,0.002826213836669922,0.42043089866638184
T2,1180,7,3,6.187833786010742,6.108557224273682,6.200851917266846,6.1342902183532715,0.06656169891357422,-10.790538787841797
T2,1180,8,3,5.112947463989258,5.021117210388184,5.050655364990234,4.968934535980225,0.08172082901000977,-11.160933494567871
T2,1180,9,3,5.1284918785095215,5.132145881652832,5.139245510101318,5.148508548736572,-0.009263038635253906,-10.611364364624023
T2,1200,1,1,5.396422863006592,5.432444095611572,5.422060489654541,5.4579267501831055,-0.03586626052856445,6.137267112731934
T2,1200,2,1,5.307709693908691,5.411908149719238,5.317475318908691,5.425654411315918,-0.10817909240722656,5.156679630279541
T2,1200,3,1,6.379417419433594,6.467456817626953,6.359569072723389,6.449795722961426,-0.09022665023803711,4.094793319702148
T2,1200,4,2,5.462131023406982,5.485941410064697,5.413534641265869,5.438111305236816,-0.024576663970947266,1.3258798122406006
T2,1200,5,2,6.027728080749512,6.0430426597595215,6.006595611572266,6.020429611206055,-0.013833999633789062,1.4536213874816895
T2,1200,6,2,5.823156356811523,5.817789554595947,5.822932243347168,5.818592548370361,0.004339694976806641,0.9065964221954346
T2,1200,7,3,6.270280838012695,6.184919357299805,6.267082214355469,6.186979293823242,0.08010292053222656,-7.876675128936768
T2,1200,8,3,5.147119998931885,5.203128337860107,5.22172212600708,5.275224685668945,-0.053502559661865234,-7.472644805908203
T2,1200,9,3,5.630743503570557,5.535608768463135,5.6091156005859375,5.517029762268066,0.0920858383178711,-6.888609886169434
T2,1220,1,1,5.539140701293945,5.624377250671387,5.541039943695068,5.630695343017578,-0.08965539932250977,6.137267112731934
T2,1220,2,1,4.910993576049805,4.915721893310547,4.923437595367432,4.932892322540283,-0.009454727172851562,5.156679630279541
T2,1220,3,1,6.052886009216309,6.119588375091553,6.078396797180176,6.145232677459717,-0.06683588027954102,4.094793319702148
T2,1220,4,2,5.804715633392334,5.7982096672058105,5.820957660675049,5.817446708679199,0.0035109519958496094,1.3258798122406006
T2,1220,5,2,6.079041481018066,6.096207618713379,6.07525110244751,6.092044353485107,-0.016793251037597656,1.4536213874816895
T2,1220,6,2,5.9920172691345215,5.970038414001465,5.991823196411133,5.971458435058594,0.020364761352539062,0.9065964221954346
T2,1220,7,3,6.000905513763428,5.849897861480713,5.989109516143799,5.839115619659424,0.149993896484375,-7.876675128936768
T2,1220,8,3,5.687763214111328,5.623471260070801,5.5913920402526855,5.5435895919799805,0.04780244827270508,-7.472644805908203
T2,1220,9,3,5.840705394744873,5.783435821533203,5.820599555969238,5.766536712646484,0.054062843322753906,-6.888609886169434
T2,1240,1,1,5.298849582672119,5.354174613952637,5.319618225097656,5.372382164001465,-0.052763938903808594,6.137267112731934
T2,1240,2,1,5.019090175628662,5.08299446105957,5.016378402709961,5.0796427726745605,-0.06326436996459961,5.156679630279541
T2,1240,3,1,6.058099746704102,6.119271278381348,6.047350883483887,6.110507011413574,-0.0631561279296875,4.094793319702148
T2,1240,4,2,5.662474632263184,5.688939571380615,5.70546817779541,5.732097625732422,-0.02662944793701172,1.3258798122406006
T2,1240,5,2,6.437251091003418,6.452868938446045,6.3686299324035645,6.386672019958496,-0.01804208755493164,1.4536213874816895
T2,1240,6,2,5.875040531158447,5.824501037597656,5.9150285720825195,5.865146636962891,0.049881935119628906,0.9065964221954346
T2,1240,7,3,5.811950206756592,5.697279453277588,5.825832366943359,5.714191436767578,0.11164093017578125,-7.876675128936768
T2,1240,8,3,5.636768341064453,5.563112258911133,5.612583160400391,5.526881217956543,0.08570194244384766,-7.472644805908203
T2,1240,9,3,5.7140936851501465,5.756719589233398,5.7423624992370605,5.7721266746521,-0.029764175415039062,-6.888609886169434
T2,1260,1,1,5.218502998352051,5.257941246032715,5.2238945960998535,5.267389297485352,-0.04349470138549805,6.137267112731934
T2,1260,2,1,4.738407611846924,4.770094394683838,4.722966194152832,4.759073257446289,-0.03610706329345703,5.156679630279541
T2,1260,3,1,6.401197910308838,6.427350997924805,6.425807952880859,6.45670223236084,-0.03089427947998047,4.094793319702148
T2,1260,4,2,5.552359580993652,5.556408882141113,5.53153133392334,5.540892601013184,-0.00936126708984375,1.3258798122406006
T2,1260,5,2,5.983139514923096,5.998438358306885,6.030704498291016,6.0453996658325195,-0.014695167541503906,1.4536213874816895
T2,1260,6,2,6.059275150299072,6.0111823081970215,5.977811813354492,5.928850173950195,0.048961639404296875,0.9065964221954346
T2,1260,7,3,5.598864555358887,5.521271228790283,5.604018211364746,5.522406578063965,0.08161163330078125,-7.876675128936768
T2,1260,8,3,5.3674516677856445,5.448838710784912,5.327451229095459,5.426711082458496,-0.09925985336303711,-7.472644805908203
T2,1260,9,3,5.683810234069824,5.64698600769043,5.6943511962890625,5.667107582092285,0.027243614196777344,-6.888609886169434
T2,1280,1,1,5.544682502746582,5.57969856262207,5.507944107055664,5.547690391540527,-0.03974628448486328,6.137267112731934
T2,1280,2,1,5.165053844451904,5.230250835418701,5.156711101531982,5.221649169921875,-0.06493806838989258,5.156679630279541
T2,1280,3,1,6.114398956298828,6.147140979766846,6.106260299682617,6.1456379890441895,-0.039377689361572266,4.094793319702148
T2,1280,4,2,5.669931411743164,5.650221824645996,5.68781042098999,5.667407512664795,0.020402908325195312,1.3258798122406006
T2,1280,5,2,5.966886043548584,5.990076541900635,5.956029891967773,5.981050968170166,-0.025021076202392578,1.4536213874816895
T2,1280,6,2,6.333744525909424,6.326755046844482,6.347740173339844,6.336817741394043,0.010922431945800781,0.9065964221954346
T2,1280,7,3,5.779211044311523,5.699751853942871,5.771651268005371,5.6963791847229,0.0752720832824707,-7.876675128936768
T2,1280,8,3,5.475790977478027,5.47633695602417,5.471225738525391,5.469983100891113,0.0012426376342773438,-7.472644805908203
T2,1280,9,3,5.861328601837158,5.767209053039551,5.872350692749023,5.778924465179443,0.09342622756958008,-6.888609886169434
T2,1300,1,1,5.632129669189453,5.6473774909973145,5.608134746551514,5.632421493530273,-0.024286746978759766,6.137267112731934
T2,1300,2,1,5.4939398765563965,5.539020538330078,5.448263168334961,5.493165016174316,-0.04490184783935547,5.156679630279541
T2,1300,3,1,6.120491981506348,6.156050682067871,6.10405158996582,6.137341022491455,-0.033289432525634766,4.094793319702148
T2,1300,4,2,5.1288299560546875,5.024435997009277,5.161586761474609,5.065782070159912,0.09580469131469727,1.3258798122406006
T2,1300,5,2,5.4229207038879395,5.436567306518555,5.4591064453125,5.4780049324035645,-0.018898487091064453,1.4536213874816895
T2,1300,6,2,6.207353115081787,6.232738494873047,6.2704758644104,6.291946887969971,-0.021471023559570312,0.9065964221954346
T2,1300,7,3,6.139019966125488,6.0864949226379395,6.163083553314209,6.10752010345459,0.05556344985961914,-7.876675128936768
T2,1300,8,3,5.286515712738037,5.305471420288086,5.258895397186279,5.27164888381958,-0.012753486633300781,-7.472644805908203
T2,1300,9,3,5.566262245178223,5.519216060638428,5.6014885902404785,5.555019378662109,0.04646921157836914,-6.888609886169434
T2,1320,1,1,5.921125411987305,5.960598945617676,5.8820037841796875,5.915860176086426,-0.03385639190673828,6.137267112731934
T2,1320,2,1,5.269214153289795,5.249721527099609,5.303734302520752,5.2860589027404785,0.017675399780273438,5.156679630279541
T2,1320,3,1,6.233987808227539,6.27548360824585,6.231014251708984,6.267930030822754,-0.03691577911376953,4.094793319702148
T2,1320,4,2,5.391597747802734,5.272576808929443,5.3844733238220215,5.2573323249816895,0.12714099884033203,1.3258798122406006
T2,1320,5,2,5.409111976623535,5.375004768371582,5.447202205657959,5.416666507720947,0.03053569793701172,1.4536213874816895
T2,1320,6,2,5.982430458068848,5.9686150550842285,6.016956329345703,5.9987077713012695,0.018248558044433594,0.9065964221954346
T2,1320,7,3,6.038169860839844,5.899411678314209,6.038280487060547,5.903496265411377,0.13478422164916992,-7.876675128936768
T2,1320,8,3,6.092238903045654,5.999955177307129,6.046497344970703,5.964272499084473,0.08222484588623047,-7.472644805908203
T2,1320,9,3,5.594555854797363,5.524234294891357,5.554647445678711,5.474869251251221,0.07977819442749023,-6.888609886169434
T2,1340,1,1,5.985337734222412,6.058835983276367,6.021164417266846,6.091461181640625,-0.0702967643737793,6.137267112731934
T2,1340,2,1,5.382155418395996,5.354052543640137,5.354970932006836,5.328781604766846,0.026189327239990234,5.156679630279541
T2,1340,3,1,6.06590461730957,6.076791286468506,6.036428928375244,6.04686975479126,-0.010440826416015625,4.094793319702148
T2,1340,4,2,4.886277675628662,4.802114486694336,4.921675682067871,4.850136756896973,0.07153892517089844,1.3258798122406006
T2,1340,5,2,5.1739678382873535,5.037178993225098,5.158627986907959,5.030853271484375,0.12777471542358398,1.4536213874816895
T2,1340,6,2,6.112477779388428,6.0654520988464355,6.12030029296875,6.077796459197998,0.04250383377075195,0.9065964221954346
T2,1340,7,3,5.7502546310424805,5.648474216461182,5.7802958488464355,5.674159049987793,0.10613679885864258,-7.876675128936768
T2,1340,8,3,6.365251541137695,6.240288734436035,6.309081554412842,6.1923627853393555,0.11671876907348633,-7.472644805908203
T2,1340,9,3,5.622443199157715,5.537839412689209,5.591618537902832,5.5169267654418945,0.0746917724609375,-6.888609886169434
T2,1360,1,1,5.978625297546387,6.001563549041748,5.95688009262085,5.976553916931152,-0.019673824310302734,6.137267112731934
T2,1360,2,1,5.7304277420043945,5.78737735748291,5.729328155517578,5.774019241333008,-0.04469108581542969,5.156679630279541
T2,1360,3,1,6.404114723205566,6.4029035568237305,6.406928062438965,6.403022289276123,0.003905773162841797,4.094793319702148
T2,1360,4,2,4.935544013977051,4.835158824920654,4.95491361618042,4.8489766120910645,0.10593700408935547,1.3258798122406006
T2,1360,5,2,4.707357883453369,4.548554420471191,4.709483623504639,4.5753068923950195,0.13417673110961914,1.4536213874816895
T2,1360,6,2,5.59519624710083,5.498096466064453,5.587809085845947,5.489478588104248,0.09833049774169922,0.9065964221954346
T2,1360,7,3,5.743630886077881,5.66414213180542,5.762320518493652,5.673129558563232,0.08919095993041992,-7.876675128936768
T2,1360,8,3,5.968570709228516,5.840827465057373,6.01705265045166,5.885714530944824,0.13133811950683594,-7.472644805908203
T2,1360,9,3,6.015073776245117,6.031559467315674,5.991539478302002,6.019195556640625,-0.027656078338623047,-6.888609886169434
T2,1380,1,1,5.941920757293701,5.9665398597717285,5.952404022216797,5.977683067321777,-0.02527904510498047,6.137267112731934
T2,1380,2,1,5.4143877029418945,5.4449238777160645,5.444181442260742,5.477104187011719,-0.03292274475097656,5.156679630279541
T2,1380,3,1,6.706406116485596,6.71696662902832,6.66464900970459,6.68098258972168,-0.016333580017089844,4.094793319702148
T2,1380,4,2,4.488992214202881,4.330170154571533,4.525657653808594,4.37198543548584,0.1536722183227539,1.3258798122406006
T2,1380,5,2,4.419381141662598,4.223793029785156,4.490589618682861,4.2862043380737305,0.20438528060913086,1.4536213874816895
T2,1380,6,2,5.095737457275391,5.0375189781188965,5.16987943649292,5.112281322479248,0.057598114013671875,0.9065964221954346
T2,1380,7,3,5.181366443634033,5.093430519104004,5.206197738647461,5.135175704956055,0.07102203369140625,-7.876675128936768
T2,1380,8,3,5.356605052947998,5.31802225112915,5.3878045082092285,5.351363658905029,0.03644084930419922,-7.472644805908203
T2,1380,9,3,6.254494667053223,6.238813877105713,6.20186710357666,6.186250686645508,0.015616416931152344,-6.888609886169434
T2,1400,1,1,5.64486837387085,5.641021728515625,5.648482322692871,5.644697666168213,0.003784656524658203,2.2124311923980713
T2,1400,2,1,5.496249198913574,5.51704216003418,5.524555206298828,5.5497307777404785,-0.02517557144165039,9.052848815917969
T2,1400,3,1,6.642340183258057,6.711939334869385,6.641922950744629,6.711714267730713,-0.06979131698608398,8.074028015136719
T2,1400,4,2,4.202851295471191,3.9910011291503906,4.212394714355469,3.996927261352539,0.2154674530029297,-2.6123509407043457
T2,1400,5,2,4.173943996429443,4.104362487792969,4.133025169372559,4.058663368225098,0.07436180114746094,4.718967437744141
T2,1400,6,2,4.643612861633301,4.503216743469238,4.620899677276611,4.487649440765381,0.13325023651123047,4.878763198852539
T2,1400,7,3,5.1517415046691895,5.069329738616943,5.126382827758789,5.051067352294922,0.07531547546386719,-3.964461326599121
T2,1400,8,3,5.424697399139404,5.363166809082031,5.408005714416504,5.340590000152588,0.06741571426391602,-3.6213669776916504
T2,1400,9,3,5.842252254486084,5.79865837097168,5.853307247161865,5.813920021057129,0.03938722610473633,-3.5134403705596924
T2,1420,1,1,6.065184593200684,6.074178695678711,6.020786762237549,6.033252239227295,-0.012465476989746094,2.2124311923980713
T2,1420,2,1,5.610552787780762,5.639814853668213,5.6183390617370605,5.643490791320801,-0.025151729583740234,9.052848815917969
T2,1420,3,1,6.354630470275879,6.369425296783447,6.361268520355225,6.3794708251953125,-0.01820230484008789,8.074028015136719
T2,1420,4,2,4.278671741485596,4.218806266784668,4.2632293701171875,4.1916680335998535,0.07156133651733398,-2.6123509407043457
T2,1420,5,2,4.859898567199707,4.688196659088135,4.912796974182129,4.739762306213379,0.17303466796875,4.718967437744141
T2,1420,6,2,4.290456295013428,4.236632823944092,4.300845146179199,4.246905326843262,0.0539398193359375,4.878763198852539
T2,1420,7,3,5.465154647827148,5.441084384918213,5.465114593505859,5.432907581329346,0.03220701217651367,-3.964461326599121
T2,1420,8,3,5.196136951446533,5.154641628265381,5.226558685302734,5.186262607574463,0.040296077728271484,-3.6213669776916504
T2,1420,9,3,6.028417587280273,5.942057132720947,6.032935619354248,5.949042797088623,0.083892822265625,-3.5134403705596924
T2,1440,1,1,5.791696071624756,5.781777381896973,5.823763370513916,5.811728000640869,0.012035369873046875,2.2124311923980713
T2,1440,2,1,5.543935775756836,5.618366241455078,5.548348426818848,5.628456115722656,-0.0801076889038086,9.052848815917969
T2,1440,3,1,6.145228862762451,6.210340976715088,6.173814296722412,6.239682197570801,-0.06586790084838867,8.074028015136719
T2,1440,4,2,4.3769145011901855,4.249736785888672,4.396500587463379,4.282379150390625,0.1141214370727539,-2.6123509407043457
T2,1440,5,2,4.749326705932617,4.689988136291504,4.75372314453125,4.679710865020752,0.07401227951049805,4.718967437744141
T2,1440,6,2,4.371448993682861,4.382861137390137,4.362182140350342,4.370701789855957,-0.008519649505615234,4.878763198852539
T2,1440,7,3,4.96189546585083,4.860179901123047,5.000242710113525,4.917928218841553,0.08231449127197266,-3.964461326599121
T2,1440,8,3,4.577194690704346,4.459184646606445,4.571443557739258,4.467963218688965,0.10348033905029297,-3.6213669776916504
T2,1440,9,3,5.719090461730957,5.64409065246582,5.744781970977783,5.685057163238525,0.05972480773925781,-3.5134403705596924
T2,1460,1,1,6.201009273529053,6.2059526443481445,6.138114929199219,6.141698360443115,-0.0035834312438964844,2.2124311923980713
T2,1460,2,1,5.281745433807373,5.331643104553223,5.315771102905273,5.364501953125,-0.04873085021972656,9.052848815917969
T2,1460,3,1,5.794835567474365,5.8392839431762695,5.833564758300781,5.88780403137207,-0.05423927307128906,8.074028015136719
T2,1460,4,2,4.241331577301025,4.068153381347656,4.256704807281494,4.082197666168213,0.17450714111328125,-2.6123509407043457
T2,1460,5,2,4.25525426864624,4.3183698654174805,4.285338401794434,4.341018199920654,-0.0556797981262207,4.718967437744141
T2,1460,6,2,4.49893045425415,4.421692371368408,4.524158954620361,4.440582752227783,0.08357620239257812,4.878763198852539
T2,1460,7,3,4.576855182647705,4.582333564758301,4.594792366027832,4.590106010437012,0.0046863555908203125,-3.964461326599121
T2,1460,8,3,4.67108678817749,4.585618019104004,4.749284267425537,4.665205001831055,0.08407926559448242,-3.6213669776916504
T2,1460,9,3,5.849825859069824,5.726757526397705,5.842674255371094,5.7135138511657715,0.12916040420532227,-3.5134403705596924
T2,1480,1,1,5.930346488952637,5.93812370300293,5.931490421295166,5.935089111328125,-0.0035986900329589844,2.2124311923980713
T2,1480,2,1,5.2396674156188965,5.34401273727417,5.2138991355896,5.287199020385742,-0.07329988479614258,9.052848815917969
T2,1480,3,1,6.144675254821777,6.1834025382995605,6.13309383392334,6.173660755157471,-0.04056692123413086,8.074028015136719
T2,1480,4,2,4.238841533660889,4.133006572723389,4.242648124694824,4.129585266113281,0.11306285858154297,-2.6123509407043457
T2,1480,5,2,4.232668876647949,4.215735912322998,4.212313175201416,4.200920581817627,0.011392593383789062,4.718967437744141
T2,1480,6,2,4.381915092468262,4.279211044311523,4.367938995361328,4.264105319976807,0.10383367538452148,4.878763198852539
T2,1480,7,3,4.850030899047852,4.849965572357178,4.840129375457764,4.834843635559082,0.005285739898681641,-3.964461326599121
T2,1480,8,3,4.7989301681518555,4.788163661956787,4.799190521240234,4.793510913848877,0.005679607391357422,-3.6213669776916504
T2,1480,9,3,5.280699253082275,5.271787643432617,5.279553413391113,5.245865345001221,0.03368806838989258,-3.5134403705596924
T2,1500,1,1,5.564549446105957,5.542651176452637,5.599693298339844,5.578495025634766,0.021198272705078125,2.2124311923980713
T2,1500,2,1,5.582457542419434,5.692148208618164,5.543730735778809,5.658343315124512,-0.11461257934570312,9.052848815917969
T2,1500,3,1,5.874636173248291,5.917967319488525,5.876649856567383,5.923252105712891,-0.04660224914550781,8.074028015136719
T2,1500,4,2,3.952625274658203,3.987194538116455,3.951328754425049,3.983323097229004,-0.03199434280395508,-2.6123509407043457
T2,1500,5,2,3.9389352798461914,3.9487898349761963,3.9605817794799805,3.9659910202026367,-0.00540924072265625,4.718967437744141
T2,1500,6,2,4.945913314819336,4.60242223739624,4.947795867919922,4.608046054840088,0.339749813079834,4.878763198852539
T2,1500,7,3,4.461211204528809,4.298490524291992,4.5335373878479,4.402463436126709,0.1310739517211914,-3.964461326599121
T2,1500,8,3,4.608741283416748,4.427824020385742,4.658595085144043,4.461187362670898,0.19740772247314453,-3.6213669776916504
T2,1500,9,3,5.5592546463012695,5.548599720001221,5.587650299072266,5.549867630004883,0.03778266906738281,-3.5134403705596924
T2,1520,1,1,5.645679473876953,5.650470733642578,5.664067268371582,5.670767307281494,-0.006700038909912109,2.2124311923980713
T2,1520,2,1,5.268002510070801,5.32571268081665,5.304112434387207,5.3740386962890625,-0.06992626190185547,9.052848815917969
T2,1520,3,1,5.926400661468506,5.991950511932373,5.908880233764648,5.976403713226318,-0.06752347946166992,8.074028015136719
T2,1520,4,2,4.203908920288086,4.248818397521973,4.178029537200928,4.2214813232421875,-0.043451786041259766,-2.6123509407043457
T2,1520,5,2,3.9765655994415283,3.883162498474121,3.924804925918579,3.853736400604248,0.07106852531433105,4.718967437744141
T2,1520,6,2,4.740504741668701,4.484259128570557,4.731294631958008,4.455930233001709,0.27536439895629883,4.878763198852539
T2,1520,7,3,3.8762404918670654,3.9184646606445312,3.839301586151123,3.8965399265289307,-0.05723834037780762,-3.964461326599121
T2,1520,8,3,4.641636371612549,4.432878017425537,4.606257915496826,4.410798072814941,0.19545984268188477,-3.6213669776916504
T2,1520,9,3,5.222067832946777,5.214447021484375,5.222261905670166,5.217388153076172,0.004873752593994141,-3.5134403705596924
T2,1540,1,1,5.703854084014893,5.71464204788208,5.745639324188232,5.751020908355713,-0.005381584167480469,2.2124311923980713
T2,1540,2,1,5.488462448120117,5.522890567779541,5.502862453460693,5.530154705047607,-0.027292251586914062,9.052848815917969
T2,1540,3,1,5.863615989685059,5.953153133392334,5.825059413909912,5.901386737823486,-0.07632732391357422,8.074028015136719
T2,1540,4,2,4.0281524658203125,4.093460559844971,4.029656887054443,4.092865943908691,-0.06320905685424805,-2.6123509407043457
T2,1540,5,2,4.830691337585449,4.380547523498535,4.775852680206299,4.339420795440674,0.436431884765625,4.718967437744141
T2,1540,6,2,4.388301372528076,4.34168815612793,4.41955041885376,4.374594688415527,0.04495573043823242,4.878763198852539
T2,1540,7,3,4.562704563140869,4.393118858337402,4.481894493103027,4.342136859893799,0.13975763320922852,-3.964461326599121
T2,1540,8,3,4.684924125671387,4.802553176879883,4.725287437438965,4.802016258239746,-0.07672882080078125,-3.6213669776916504
T2,1540,9,3,4.84763765335083,4.623552322387695,4.963486194610596,4.707826137542725,0.2556600570678711,-3.5134403705596924
T2,1560,1,1,6.085829257965088,6.098406791687012,6.00768518447876,6.012071132659912,-0.004385948181152344,2.2124311923980713
T2,1560,2,1,5.2972588539123535,5.352907657623291,5.308446884155273,5.35770320892334,-0.049256324768066406,9.052848815917969
T2,1560,3,1,5.781383037567139,5.80440616607666,5.836819648742676,5.853490829467773,-0.016671180725097656,8.074028015136719
T2,1560,4,2,4.808376312255859,4.9004058837890625,4.7969970703125,4.8966474533081055,-0.09965038299560547,-2.6123509407043457
T2,1560,5,2,4.705436706542969,4.517971515655518,4.722315788269043,4.527695655822754,0.19462013244628906,4.718967437744141
T2,1560,6,2,4.289321422576904,4.041476726531982,4.305271148681641,4.0498857498168945,0.2553853988647461,4.878763198852539
T2,1560,7,3,4.742370128631592,4.5612406730651855,4.8379693031311035,4.62848424911499,0.20948505401611328,-3.964461326599121
T2,1560,8,3,4.855620384216309,4.904147624969482,4.865621566772461,4.901585102081299,-0.03596353530883789,-3.6213669776916504
T2,1560,9,3,4.464132308959961,4.5408148765563965,4.410520553588867,4.497612953186035,-0.08709239959716797,-3.5134403705596924
T2,1580,1,1,6.0943403244018555,6.096592903137207,6.154726028442383,6.163880348205566,-0.009154319763183594,2.2124311923980713
T2,1580,2,1,5.150217056274414,5.241949081420898,5.15787935256958,5.253932952880859,-0.0960536003112793,9.052848815917969
T2,1580,3,1,5.401340007781982,5.401009559631348,5.425501346588135,5.416525840759277,0.008975505828857422,8.074028015136719
T2,1580,4,2,4.709519863128662,4.71112585067749,4.733756065368652,4.734657287597656,-0.0009012222290039062,-2.6123509407043457
T2,1580,5,2,4.3093671798706055,4.369451522827148,4.344829082489014,4.374358654022217,-0.029529571533203125,4.718967437744141
T2,1580,6,2,4.699127197265625,4.758049964904785,4.664477348327637,4.708436012268066,-0.04395866394042969,4.878763198852539
T2,1580,7,3,4.183852672576904,4.247252464294434,4.18588924407959,4.2694010734558105,-0.0835118293762207,-3.964461326599121
T2,1580,8,3,4.4476847648620605,4.330882549285889,4.486116409301758,4.3607587814331055,0.12535762786865234,-3.6213669776916504
T2,1580,9,3,5.1095428466796875,4.888768672943115,5.077022552490234,4.8658647537231445,0.21115779876708984,-3.5134403705596924
T2,1600,1,1,5.74241304397583,5.737872123718262,5.795652866363525,5.792807579040527,0.002845287322998047,-1.7843730449676514
T2,1600,2,1,4.710554599761963,4.813594341278076,4.727822303771973,4.826573371887207,-0.09875106811523438,9.494335174560547
T2,1600,3,1,5.393141269683838,5.527426719665527,5.392217636108398,5.52611780166626,-0.13390016555786133,11.483469009399414
T2,1600,4,2,4.08768367767334,4.175298690795898,4.099367618560791,4.175679683685303,-0.07631206512451172,-5.7994818687438965
T2,1600,5,2,4.743082523345947,4.6074042320251465,4.683692932128906,4.567488670349121,0.11620426177978516,1.3741745948791504
T2,1600,6,2,4.682066440582275,4.58457612991333,4.666921615600586,4.58188009262085,0.08504152297973633,2.8253586292266846
T2,1600,7,3,4.325106143951416,4.33881950378418,4.31940221786499,4.313482761383057,0.005919456481933594,-0.2915010452270508
T2,1600,8,3,4.175360679626465,4.0930070877075195,4.216105937957764,4.120906829833984,0.0951991081237793,-1.1986708641052246
T2,1600,9,3,5.124442100524902,4.791597366333008,5.1160125732421875,4.765584468841553,0.35042810440063477,-0.22169733047485352
T2,1620,1,1,5.882848262786865,5.878005504608154,5.800957679748535,5.796110153198242,0.004847526550292969,-1.7843730449676514
T2,1620,2,1,5.18906307220459,5.231874465942383,5.181820392608643,5.227199077606201,-0.045378684997558594,9.494335174560547
T2,1620,3,1,5.348168849945068,5.4143829345703125,5.348909378051758,5.416071891784668,-0.06716251373291016,11.483469009399414
T2,1620,4,2,4.424407958984375,4.56041145324707,4.3940043449401855,4.5336809158325195,-0.13967657089233398,-5.7994818687438965
T2,1620,5,2,4.900979518890381,4.6143364906311035,4.954214096069336,4.667659759521484,0.28655433654785156,1.3741745948791504
T2,1620,6,2,4.792637348175049,4.651876449584961,4.790977478027344,4.656999111175537,0.13397836685180664,2.8253586292266846
T2,1620,7,3,4.57717752456665,4.434055805206299,4.607390403747559,4.456644058227539,0.15074634552001953,-0.2915010452270508
T2,1620,8,3,4.383026599884033,4.212210655212402,4.365196228027344,4.193440914154053,0.17175531387329102,-1.1986708641052246
T2,1620,9,3,4.801645755767822,4.50847053527832,4.865303039550781,4.597463130950928,0.2678399085998535,-0.22169733047485352
T2,1640,1,1,6.066875457763672,6.070010662078857,6.096401214599609,6.1027960777282715,-0.006394863128662109,-1.7843730449676514
T2,1640,2,1,4.811563968658447,4.872087001800537,4.826059818267822,4.891471862792969,-0.06541204452514648,9.494335174560547
T2,1640,3,1,5.319431781768799,5.3904619216918945,5.320614337921143,5.37819242477417,-0.057578086853027344,11.483469009399414
T2,1640,4,2,3.964662790298462,4.056837558746338,4.009942531585693,4.099694728851318,-0.089752197265625,-5.7994818687438965
T2,1640,5,2,4.274250030517578,4.202642440795898,4.2847723960876465,4.193946838378906,0.09082555770874023,1.3741745948791504
T2,1640,6,2,4.413396835327148,4.15831184387207,4.417926788330078,4.180361747741699,0.2375650405883789,2.8253586292266846
T2,1640,7,3,4.435115814208984,4.579407691955566,4.444807052612305,4.580849647521973,-0.13604259490966797,-0.2915010452270508
T2,1640,8,3,4.983150482177734,4.482274055480957,4.971419811248779,4.416784286499023,0.5546355247497559,-1.1986708641052246
T2,1640,9,3,3.9609079360961914,4.986481666564941,3.8719213008880615,4.807229995727539,-0.9353086948394775,-0.22169733047485352
T2,1660,1,1,6.028524875640869,6.035175800323486,6.046396732330322,6.0528244972229,-0.006427764892578125,-1.7843730449676514
T2,1660,2,1,5.171722888946533,5.191611289978027,5.137537002563477,5.147335052490234,-0.009798049926757812,9.494335174560547
T2,1660,3,1,5.609835147857666,5.662846565246582,5.562887668609619,5.620677947998047,-0.057790279388427734,11.483469009399414
T2,1660,4,2,4.097431659698486,4.081985950469971,4.080096244812012,4.0667619705200195,0.013334274291992188,-5.7994818687438965
T2,1660,5,2,4.562661170959473,4.667173385620117,4.554269790649414,4.6582536697387695,-0.10398387908935547,1.3741745948791504
T2,1660,6,2,4.689013481140137,4.440352916717529,4.713560104370117,4.431578636169434,0.2819814682006836,2.8253586292266846
T2,1660,7,3,4.356203079223633,4.334197044372559,4.352789878845215,4.325827598571777,0.0269622802734375,-0.2915010452270508
T2,1660,8,3,5.190958499908447,5.30255126953125,5.16724157333374,5.245594501495361,-0.0783529281616211,-1.1986708641052246
T2,1660,9,3,4.2520751953125,4.183319091796875,4.319387912750244,4.289700508117676,0.02968740463256836,-0.22169733047485352
T2,1680,1,1,5.577018737792969,5.583863258361816,5.603085041046143,5.611186981201172,-0.008101940155029297,-1.7843730449676514
T2,1680,2,1,5.293348789215088,5.366357803344727,5.302205562591553,5.372189044952393,-0.06998348236083984,9.494335174560547
T2,1680,3,1,5.654942989349365,5.706512928009033,5.688631534576416,5.746280670166016,-0.05764913558959961,11.483469009399414
T2,1680,4,2,4.45887565612793,4.4515838623046875,4.437291622161865,4.427632808685303,0.0096588134765625,-5.7994818687438965
T2,1680,5,2,4.606986999511719,4.556225299835205,4.587698459625244,4.551031589508057,0.0366668701171875,1.3741745948791504
T2,1680,6,2,4.369004249572754,4.341025352478027,4.405453681945801,4.3693013191223145,0.03615236282348633,2.8253586292266846
T2,1680,7,3,4.665266513824463,4.7074294090271,4.649518966674805,4.685865879058838,-0.0363469123840332,-0.2915010452270508
T2,1680,8,3,5.023154258728027,4.6917314529418945,5.070996284484863,4.7477827072143555,0.3232135772705078,-1.1986708641052246
T2,1680,9,3,4.257541656494141,3.769122838973999,4.245572090148926,3.816056251525879,0.4295158386230469,-0.22169733047485352
T2,1700,1,1,5.370769023895264,5.3817524909973145,5.365320682525635,5.374646186828613,-0.009325504302978516,-1.7843730449676514
T2,1700,2,1,5.386216640472412,5.439418315887451,5.351832389831543,5.411620140075684,-0.059787750244140625,9.494335174560547
T2,1700,3,1,5.413700580596924,5.4631876945495605,5.40685510635376,5.459437847137451,-0.052582740783691406,11.483469009399414
T2,1700,4,2,4.008716106414795,4.038551330566406,4.00700044631958,4.032183647155762,-0.02518320083618164,-5.7994818687438965
T2,1700,5,2,4.319098949432373,4.281457901000977,4.385373115539551,4.343819618225098,0.041553497314453125,1.3741745948791504
T2,1700,6,2,4.080881118774414,4.0147857666015625,4.071130275726318,4.006361484527588,0.06476879119873047,2.8253586292266846
T2,1700,7,3,4.304427146911621,4.398802280426025,4.355602264404297,4.466462135314941,-0.11085987091064453,-0.2915010452270508
T2,1700,8,3,4.5514373779296875,4.3244218826293945,4.587463855743408,4.376265048980713,0.2111988067626953,-1.1986708641052246
T2,1700,9,3,4.79525089263916,4.312031269073486,4.727011203765869,4.245838165283203,0.481173038482666,-0.22169733047485352
T2,1720,1,1,5.894515037536621,5.890544891357422,5.8736443519592285,5.870578765869141,0.0030655860900878906,-1.7843730449676514
T2,1720,2,1,5.227659702301025,5.337274551391602,5.224416255950928,5.3255696296691895,-0.10115337371826172,9.494335174560547
T2,1720,3,1,5.525355815887451,5.593847274780273,5.560452461242676,5.6128668785095215,-0.0524144172668457,11.483469009399414
T2,1720,4,2,4.518740177154541,4.505908966064453,4.421274662017822,4.4271063804626465,-0.005831718444824219,-5.7994818687438965
T2,1720,5,2,4.2569169998168945,4.064190864562988,4.187144756317139,4.008842945098877,0.17830181121826172,1.3741745948791504
T2,1720,6,2,4.2533769607543945,3.9733598232269287,4.2493767738342285,3.985856533050537,0.2635202407836914,2.8253586292266846
T2,1720,7,3,4.660121917724609,4.713339805603027,4.646753311157227,4.699951171875,-0.05319786071777344,-0.2915010452270508
T2,1720,8,3,4.509157657623291,4.269322872161865,4.485576152801514,4.241556644439697,0.2440195083618164,-1.1986708641052246
T2,1720,9,3,5.495384693145752,5.351607799530029,5.543403148651123,5.333112716674805,0.21029043197631836,-0.22169733047485352
T2,1740,1,1,5.770729064941406,5.771446228027344,5.8009443283081055,5.801670074462891,-0.0007257461547851562,-1.7843730449676514
T2,1740,2,1,5.185940265655518,5.310423851013184,5.180640697479248,5.309444427490234,-0.12880373001098633,9.494335174560547
T2,1740,3,1,4.935624599456787,5.01205587387085,4.985133647918701,5.053047180175781,-0.06791353225708008,11.483469009399414
T2,1740,4,2,4.868619441986084,4.913105010986328,4.860250473022461,4.902024269104004,-0.04177379608154297,-5.7994818687438965
T2,1740,5,2,4.336616039276123,4.089709758758545,4.365169048309326,4.112358570098877,0.2528104782104492,1.3741745948791504
T2,1740,6,2,4.410195350646973,3.958629846572876,4.404975891113281,3.9507503509521484,0.4542255401611328,2.8253586292266846
T2,1740,7,3,4.160143852233887,4.215086460113525,4.138959884643555,4.214794158935547,-0.07583427429199219,-0.2915010452270508
T2,1740,8,3,4.689414024353027,4.440497875213623,4.660841464996338,4.423407077789307,0.23743438720703125,-1.1986708641052246
T2,1740,9,3,4.755672931671143,4.9864277839660645,4.778425693511963,5.0523529052734375,-0.2739272117614746,-0.22169733047485352
T2,1760,1,1,6.2950005531311035,6.314002513885498,6.274925708770752,6.293851375579834,-0.01892566680908203,-1.7843730449676514
T2,1760,2,1,5.410190582275391,5.46513557434082,5.4366326332092285,5.47437858581543,-0.03774595260620117,9.494335174560547
T2,1760,3,1,5.649485111236572,5.698439598083496,5.545812606811523,5.601789951324463,-0.05597734451293945,11.483469009399414
T2,1760,4,2,4.715834140777588,4.722893714904785,4.772797584533691,4.772431373596191,0.0003662109375,-5.7994818687438965
T2,1760,5,2,3.849781036376953,3.7118773460388184,3.851907253265381,3.7218778133392334,0.13002943992614746,1.3741745948791504
T2,1760,6,2,4.427571773529053,3.896012783050537,4.398650646209717,3.8651790618896484,0.5334715843200684,2.8253586292266846
T2,1760,7,3,4.555239677429199,4.382371425628662,4.576725006103516,4.424532890319824,0.1521921157836914,-0.2915010452270508
T2,1760,8,3,4.21027135848999,4.455994129180908,4.216741561889648,4.470362186431885,-0.25362062454223633,-1.1986708641052246
T2,1760,9,3,4.188075065612793,4.385497570037842,4.203431606292725,4.422163963317871,-0.21873235702514648,-0.22169733047485352
T2,1780,1,1,6.2734880447387695,6.28065824508667,6.316010475158691,6.324214458465576,-0.008203983306884766,-1.7843730449676514
T2,1780,2,1,5.107372283935547,5.1314191818237305,5.118495941162109,5.156035900115967,-0.03753995895385742,9.494335174560547
T2,1780,3,1,6.102391242980957,6.159229755401611,6.103301525115967,6.163398742675781,-0.06009721755981445,11.483469009399414
T2,1780,4,2,4.227873802185059,4.240633487701416,4.257510185241699,4.267714023590088,-0.010203838348388672,-5.7994818687438965
T2,1780,5,2,3.6834182739257812,3.633005142211914,3.71802020072937,3.6601624488830566,0.05785775184631348,1.3741745948791504
T2,1780,6,2,4.424781799316406,4.170689582824707,4.458779811859131,4.194823741912842,0.26395606994628906,2.8253586292266846
T2,1780,7,3,4.166275501251221,4.260789394378662,4.15110969543457,4.249049663543701,-0.09793996810913086,-0.2915010452270508
T2,1780,8,3,4.386626720428467,4.339471817016602,4.3804216384887695,4.36311674118042,0.01730489730834961,-1.1986708641052246
T2,1780,9,3,4.533740997314453,4.648092746734619,4.55015754699707,4.634721755981445,-0.084564208984375,-0.22169733047485352
T2,1800,1,1,6.123612403869629,6.121743679046631,6.14207649230957,6.140947341918945,0.001129150390625,2.1490249633789062
T2,1800,2,1,5.461256980895996,5.442603588104248,5.4424214363098145,5.426111698150635,0.016309738159179688,6.517259120941162
T2,1800,3,1,5.915564060211182,5.987858295440674,5.9310407638549805,5.998084545135498,-0.06704378128051758,7.6756205558776855
T2,1800,4,2,4.009007453918457,4.008570194244385,4.022429466247559,4.020587921142578,0.0018415451049804688,-3.1983609199523926
T2,1800,5,2,3.9472568035125732,3.6769745349884033,3.964829444885254,3.6872787475585938,0.27755069732666016,-2.0105020999908447
T2,1800,6,2,3.91619610786438,4.010110855102539,3.9320731163024902,4.0191330909729,-0.08705997467041016,6.266973495483398
T2,1800,7,3,4.19305419921875,3.5571675300598145,4.212150573730469,3.5729024410247803,0.6392481327056885,-0.9388108253479004
T2,1800,8,3,4.727501392364502,4.567379474639893,4.72407341003418,4.552183628082275,0.1718897819519043,-1.0320417881011963
T2,1800,9,3,4.685676574707031,4.483044624328613,4.621749401092529,4.447073936462402,0.17467546463012695,-0.33632323145866394
T2,1820,1,1,6.059916019439697,6.075372219085693,6.065025806427002,6.080996036529541,-0.015970230102539062,2.1490249633789062
T2,1820,2,1,5.7930006980896,5.757901191711426,5.848949909210205,5.813283920288086,0.03566598892211914,6.517259120941162
T2,1820,3,1,5.860499382019043,5.954070091247559,5.834592819213867,5.932418346405029,-0.09782552719116211,7.6756205558776855
T2,1820,4,2,4.381169319152832,4.396838665008545,4.366841793060303,4.378706455230713,-0.011864662170410156,-3.1983609199523926
T2,1820,5,2,4.381165981292725,4.279806613922119,4.336259841918945,4.232836723327637,0.1034231185913086,-2.0105020999908447
T2,1820,6,2,4.397294998168945,4.619239807128906,4.352509021759033,4.558418273925781,-0.20590925216674805,6.266973495483398
T2,1820,7,3,4.9271650314331055,4.605780601501465,4.865600109100342,4.591920375823975,0.2736797332763672,-0.9388108253479004
T2,1820,8,3,4.255965232849121,4.2796125411987305,4.245641231536865,4.287801742553711,-0.0421605110168457,-1.0320417881011963
T2,1820,9,3,4.6179304122924805,4.677828788757324,4.64225959777832,4.654300689697266,-0.012041091918945312,-0.33632323145866394
T2,1840,1,1,5.805090427398682,5.812915325164795,5.803576946258545,5.8079400062561035,-0.004363059997558594,2.1490249633789062
T2,1840,2,1,5.407110214233398,5.4280524253845215,5.386625289916992,5.408056259155273,-0.02143096923828125,6.517259120941162
T2,1840,3,1,6.594756126403809,6.615729331970215,6.510359287261963,6.539151668548584,-0.028792381286621094,7.6756205558776855
T2,1840,4,2,3.887010097503662,3.8611552715301514,3.8597898483276367,3.829038381576538,0.030751466751098633,-3.1983609199523926
T2,1840,5,2,4.714906215667725,4.440795421600342,4.692882537841797,4.416729927062988,0.2761526107788086,-2.0105020999908447
T2,1840,6,2,4.413898468017578,4.427661418914795,4.451369762420654,4.454710006713867,-0.0033402442932128906,6.266973495483398
T2,1840,7,3,4.974653244018555,4.746075630187988,4.896132946014404,4.6862030029296875,0.2099299430847168,-0.9388108253479004
T2,1840,8,3,4.075092792510986,4.117091178894043,4.088188171386719,4.1302490234375,-0.04206085205078125,-1.0320417881011963
T2,1840,9,3,4.964845657348633,4.572768688201904,4.927816390991211,4.603416919708252,0.324399471282959,-0.33632323145866394
T2,1860,1,1,6.533815860748291,6.539491653442383,6.5105977058410645,6.515294075012207,-0.004696369171142578,2.1490249633789062
T2,1860,2,1,5.160611152648926,5.169119834899902,5.156750679016113,5.1619343757629395,-0.005183696746826172,6.517259120941162
T2,1860,3,1,6.416450023651123,6.415793418884277,6.455307483673096,6.457470893859863,-0.002163410186767578,7.6756205558776855
T2,1860,4,2,4.326150417327881,4.319664478302002,4.280787944793701,4.275775909423828,0.005012035369873047,-3.1983609199523926
T2,1860,5,2,4.520170211791992,4.28856897354126,4.53101110458374,4.29367733001709,0.2373337745666504,-2.0105020999908447
T2,1860,6,2,3.6995322704315186,3.7285985946655273,3.701603651046753,3.729626178741455,-0.02802252769470215,6.266973495483398
T2,1860,7,3,4.614736080169678,4.525966644287109,4.702755928039551,4.611222267150879,0.09153366088867188,-0.9388108253479004
T2,1860,8,3,4.539705753326416,4.402655601501465,4.529775142669678,4.406681060791016,0.12309408187866211,-1.0320417881011963
T2,1860,9,3,4.758279800415039,4.2896246910095215,4.782570838928223,4.308810234069824,0.47376060485839844,-0.33632323145866394
T2,1880,1,1,5.873873710632324,5.870920181274414,5.8688273429870605,5.872182369232178,-0.0033550262451171875,2.1490249633789062
T2,1880,2,1,6.060581207275391,6.125669002532959,6.008692264556885,6.072626113891602,-0.0639338493347168,6.517259120941162
T2,1880,3,1,6.1124467849731445,6.161629676818848,6.107107162475586,6.1447224617004395,-0.037615299224853516,7.6756205558776855
T2,1880,4,2,4.631146430969238,4.607618808746338,4.619306564331055,4.595318794250488,0.023987770080566406,-3.1983609199523926
T2,1880,5,2,4.5550456047058105,4.381831645965576,4.562911033630371,4.379307746887207,0.18360328674316406,-2.0105020999908447
T2,1880,6,2,4.060893535614014,4.042486667633057,4.093288898468018,4.0579633712768555,0.03532552719116211,6.266973495483398
T2,1880,7,3,4.672412395477295,4.636390209197998,4.652413845062256,4.624229907989502,0.028183937072753906,-0.9388108253479004
T2,1880,8,3,4.32879638671875,4.230770111083984,4.361343860626221,4.215175628662109,0.14616823196411133,-1.0320417881011963
T2,1880,9,3,4.648314476013184,4.704205513000488,4.680498123168945,4.575541973114014,0.10495615005493164,-0.33632323145866394
T2,1900,1,1,5.906263828277588,5.913244247436523,5.931735038757324,5.93665885925293,-0.004923820495605469,2.1490249633789062
T2,1900,2,1,6.115611553192139,6.144008159637451,6.159762382507324,6.183206558227539,-0.023444175720214844,6.517259120941162
T2,1900,3,1,5.865392684936523,5.9355902671813965,5.844064235687256,5.907150745391846,-0.06308650970458984,7.6756205558776855
T2,1900,4,2,4.339006423950195,4.298677921295166,4.361647605895996,4.323456764221191,0.03819084167480469,-3.1983609199523926
T2,1900,5,2,3.738710403442383,3.6654298305511475,3.7981390953063965,3.7171332836151123,0.08100581169128418,-2.0105020999908447
T2,1900,6,2,4.565784931182861,4.567133903503418,4.521020889282227,4.520683765411377,0.0003371238708496094,6.266973495483398
T2,1900,7,3,4.002359867095947,4.060986042022705,4.000983238220215,4.070496082305908,-0.06951284408569336,-0.9388108253479004
T2,1900,8,3,4.533169269561768,4.42988395690918,4.531681060791016,4.357303142547607,0.1743779182434082,-1.0320417881011963
T2,1900,9,3,4.395687103271484,4.311722278594971,4.424702167510986,4.351140975952148,0.07356119155883789,-0.33632323145866394
T2,1920,1,1,5.461754322052002,5.472103595733643,5.456735134124756,5.465728282928467,-0.008993148803710938,2.1490249633789062
T2,1920,2,1,6.117375373840332,6.1310811042785645,6.077704906463623,6.095576286315918,-0.017871379852294922,6.517259120941162
T2,1920,3,1,6.132626056671143,6.177031517028809,6.164231300354004,6.189513206481934,-0.025281906127929688,7.6756205558776855
T2,1920,4,2,4.149718284606934,4.145926475524902,4.149724006652832,4.1424641609191895,0.007259845733642578,-3.1983609199523926
T2,1920,5,2,3.753945827484131,3.884550094604492,3.742924213409424,3.85982608795166,-0.11690187454223633,-2.0105020999908447
T2,1920,6,2,4.396198749542236,4.298086166381836,4.378211975097656,4.288076877593994,0.09013509750366211,6.266973495483398
T2,1920,7,3,4.926627159118652,4.9583001136779785,4.961832523345947,4.986496448516846,-0.024663925170898438,-0.9388108253479004
T2,1920,8,3,4.777971267700195,4.691686630249023,4.774827003479004,4.702202796936035,0.07262420654296875,-1.0320417881011963
T2,1920,9,3,4.379474639892578,3.545876979827881,4.32150936126709,3.5585241317749023,0.7629852294921875,-0.33632323145866394
T2,1940,1,1,5.565795421600342,5.571001052856445,5.556249618530273,5.561338901519775,-0.005089282989501953,2.1490249633789062
T2,1940,2,1,5.73408842086792,5.747180938720703,5.777655601501465,5.796611785888672,-0.01895618438720703,6.517259120941162
T2,1940,3,1,5.954195976257324,6.016852855682373,5.947924613952637,6.010647296905518,-0.06272268295288086,7.6756205558776855
T2,1940,4,2,3.939467430114746,3.959099531173706,3.992091655731201,4.012431621551514,-0.0203399658203125,-3.1983609199523926
T2,1940,5,2,3.860807180404663,4.004894256591797,3.855954647064209,4.001084327697754,-0.14512968063354492,-2.0105020999908447
T2,1940,6,2,4.8807902336120605,5.015628814697266,4.902219295501709,5.018889904022217,-0.11667060852050781,6.266973495483398
T2,1940,7,3,4.183592796325684,4.120129108428955,4.171847343444824,4.134987831115723,0.03685951232910156,-0.9388108253479004
T2,1940,8,3,4.350275993347168,4.233347415924072,4.383773326873779,4.311893463134766,0.07187986373901367,-1.0320417881011963
T2,1940,9,3,4.413033962249756,4.226593017578125,4.368825435638428,4.17537260055542,0.1934528350830078,-0.33632323145866394
T2,1960,1,1,5.301177024841309,5.308893203735352,5.354639053344727,5.361022472381592,-0.006383419036865234,2.1490249633789062
T2,1960,2,1,5.730762481689453,5.790456771850586,5.705693244934082,5.762121200561523,-0.056427955627441406,6.517259120941162
T2,1960,3,1,6.015038013458252,6.055561065673828,6.03554630279541,6.072857856750488,-0.037311553955078125,7.6756205558776855
T2,1960,4,2,4.191156387329102,4.208481311798096,4.163784027099609,4.167483806610107,-0.003699779510498047,-3.1983609199523926
T2,1960,5,2,3.7491133213043213,3.884394407272339,3.7730815410614014,3.916243076324463,-0.14316153526306152,-2.0105020999908447
T2,1960,6,2,5.263850212097168,5.4760050773620605,5.298430442810059,5.515353679656982,-0.21692323684692383,6.266973495483398
T2,1960,7,3,5.0707855224609375,4.950998783111572,5.00914192199707,4.876876354217529,0.13226556777954102,-0.9388108253479004
T2,1960,8,3,4.198622226715088,3.8045814037323,4.137515544891357,3.794121026992798,0.34339451789855957,-1.0320417881011963
T2,1960,9,3,4.786696910858154,4.303852558135986,4.763270854949951,4.3089470863342285,0.45432376861572266,-0.33632323145866394
T2,1980,1,1,5.366419792175293,5.373602867126465,5.398313045501709,5.405985355377197,-0.007672309875488281,2.1490249633789062
T2,1980,2,1,5.526069164276123,5.503589630126953,5.504960060119629,5.4713544845581055,0.03360557556152344,6.517259120941162
T2,1980,3,1,5.882259368896484,5.931405067443848,5.883969306945801,5.940600395202637,-0.05663108825683594,7.6756205558776855
T2,1980,4,2,4.44291353225708,4.467444896697998,4.47003698348999,4.498128890991211,-0.028091907501220703,-3.1983609199523926
T2,1980,5,2,4.464907169342041,4.472146034240723,4.439884185791016,4.4590020179748535,-0.01911783218383789,-2.0105020999908447
T2,1980,6,2,4.388860702514648,4.5467610359191895,4.408227920532227,4.577977657318115,-0.16974973678588867,6.266973495483398
T2,1980,7,3,5.280134201049805,5.415189743041992,5.275337219238281,5.417544364929199,-0.14220714569091797,-0.9388108253479004
T2,1980,8,3,4.615261554718018,4.6443328857421875,4.644125461578369,4.645092964172363,-0.0009675025939941406,-1.0320417881011963
T2,1980,9,3,4.40662145614624,4.124304294586182,4.472917556762695,4.128676414489746,0.3442411422729492,-0.33632323145866394
T2,2000,1,1,5.187193393707275,5.198918342590332,5.193561553955078,5.2051215171813965,-0.01155996322631836,2.1490249633789062
T2,2000,2,1,5.205886363983154,5.286683082580566,5.211640357971191,5.280965328216553,-0.06932497024536133,6.517259120941162
T2,2000,3,1,5.824681758880615,5.863977432250977,5.82911491394043,5.873208522796631,-0.04409360885620117,7.6756205558776855
T2,2000,4,2,4.086757659912109,4.085000038146973,4.104268550872803,4.0992817878723145,0.004986763000488281,-3.1983609199523926
T2,2000,5,2,4.007558822631836,3.9968101978302,4.032196998596191,4.016584396362305,0.015612602233886719,-2.0105020999908447
T2,2000,6,2,4.309234619140625,4.323646068572998,4.301485061645508,4.31758975982666,-0.016104698181152344,6.266973495483398
T2,2000,7,3,5.708665370941162,5.700406074523926,5.7289018630981445,5.715167999267578,0.013733863830566406,-0.9388108253479004
T2,2000,8,3,3.7704296112060547,3.8837335109710693,3.812105178833008,3.943185329437256,-0.13108015060424805,-1.0320417881011963
T2,2000,9,3,4.187707901000977,4.210633754730225,4.176416873931885,4.265122890472412,-0.08870601654052734,-0.33632323145866394
T2,2020,1,1,5.5084147453308105,5.531515598297119,5.502506732940674,5.525763511657715,-0.023256778717041016,2.1490249633789062
T2,2020,2,1,5.320089817047119,5.370672702789307,5.253072261810303,5.300851345062256,-0.047779083251953125,6.517259120941162
T2,2020,3,1,5.235981464385986,5.259441375732422,5.260836124420166,5.290602684020996,-0.029766559600830078,7.6756205558776855
T2,2020,4,2,4.031825542449951,4.058748722076416,4.030050754547119,4.051869869232178,-0.021819114685058594,-3.1983609199523926
T2,2020,5,2,3.8334946632385254,3.815613031387329,3.8312761783599854,3.8009774684906006,0.030298709869384766,-2.0105020999908447
T2,2020,6,2,4.491445064544678,4.38706636428833,4.481249809265137,4.377869606018066,0.10338020324707031,6.266973495483398
T2,2020,7,3,4.6818647384643555,4.7893853187561035,4.743967056274414,4.828124046325684,-0.08415699005126953,-0.9388108253479004
T2,2020,8,3,4.366044044494629,4.1180243492126465,4.317162990570068,4.07767915725708,0.23948383331298828,-1.0320417881011963
T2,2020,9,3,4.8027215003967285,4.490877151489258,4.781130790710449,4.427469730377197,0.35366106033325195,-0.33632323145866394
T2,2040,1,1,5.444766998291016,5.449624061584473,5.445916652679443,5.452005386352539,-0.006088733673095703,2.1490249633789062
T2,2040,2,1,5.91226863861084,5.930413246154785,5.912971019744873,5.939280986785889,-0.026309967041015625,6.517259120941162
T2,2040,3,1,5.334031581878662,5.417863845825195,5.308262348175049,5.389108180999756,-0.08084583282470703,7.6756205558776855
T2,2040,4,2,4.087625503540039,4.10737419128418,4.111943244934082,4.135287761688232,-0.02334451675415039,-3.1983609199523926
T2,2040,5,2,4.2237868309021,4.208400726318359,4.186304569244385,4.183001518249512,0.003303050994873047,-2.0105020999908447
T2,2040,6,2,4.7735066413879395,4.650696277618408,4.763182640075684,4.660870552062988,0.10231208801269531,6.266973495483398
T2,2040,7,3,3.9915382862091064,4.020221710205078,4.005208969116211,4.044991493225098,-0.03978252410888672,-0.9388108253479004
T2,2040,8,3,4.23419189453125,4.194778919219971,4.245041847229004,4.212332725524902,0.03270912170410156,-1.0320417881011963
T2,2040,9,3,4.96433687210083,4.7016730308532715,4.9344587326049805,4.692164421081543,0.2422943115234375,-0.33632323145866394
T2,2060,1,1,5.531346321105957,5.524767875671387,5.50906229019165,5.502614974975586,0.006447315216064453,2.1490249633789062
T2,2060,2,1,5.968071460723877,6.051595687866211,5.944596290588379,6.023995399475098,-0.07939910888671875,6.517259120941162
T2,2060,3,1,5.65969705581665,5.705411434173584,5.6870646476745605,5.7292094230651855,-0.042144775390625,7.6756205558776855
T2,2060,4,2,4.205810070037842,4.216806888580322,4.223171710968018,4.233530044555664,-0.010358333587646484,-3.1983609199523926
T2,2060,5,2,4.092264652252197,4.1908955574035645,4.127143383026123,4.206909656524658,-0.07976627349853516,-2.0105020999908447
T2,2060,6,2,4.534822940826416,4.219974994659424,4.545873641967773,4.234652519226074,0.3112211227416992,6.266973495483398
T2,2060,7,3,4.311704158782959,4.20601749420166,4.274691104888916,4.190208435058594,0.08448266983032227,-0.9388108253479004
T2,2060,8,3,3.7255656719207764,3.977973222732544,3.8355555534362793,3.9584648609161377,-0.1229093074798584,-1.0320417881011963
T2,2060,9,3,5.0726542472839355,5.19337272644043,5.144762992858887,5.195745468139648,-0.05098247528076172,-0.33632323145866394
T2,2080,1,1,6.159589767456055,6.164371967315674,6.100959777832031,6.107020378112793,-0.006060600280761719,2.1490249633789062
T2,2080,2,1,6.212083339691162,6.264500141143799,6.2210235595703125,6.28007698059082,-0.05905342102050781,6.517259120941162
T2,2080,3,1,5.727320194244385,5.748358726501465,5.738936424255371,5.750959396362305,-0.012022972106933594,7.6756205558776855
T2,2080,4,2,4.533936023712158,4.461559295654297,4.499955654144287,4.4311957359313965,0.06875991821289062,-3.1983609199523926
T2,2080,5,2,4.08020544052124,4.129749774932861,4.0711669921875,4.132698059082031,-0.06153106689453125,-2.0105020999908447
T2,2080,6,2,4.615545749664307,4.294743537902832,4.626958847045898,4.299457550048828,0.3275012969970703,6.266973495483398
T2,2080,7,3,4.214285850524902,4.265221118927002,4.221943378448486,4.260839939117432,-0.03889656066894531,-0.9388108253479004
T2,2080,8,3,4.079680919647217,4.232261657714844,4.005234718322754,4.183072090148926,-0.17783737182617188,-1.0320417881011963
T2,2080,9,3,4.845876693725586,4.931792259216309,4.804396152496338,4.926724910736084,-0.1223287582397461,-0.33632323145866394
T2,2100,1,1,5.959644794464111,5.977625370025635,6.010427951812744,6.028204441070557,-0.0177764892578125,2.1490249633789062
T2,2100,2,1,6.071005344390869,6.111448287963867,6.085776329040527,6.12114953994751,-0.03537321090698242,6.517259120941162
T2,2100,3,1,5.68682336807251,5.723419666290283,5.695443630218506,5.725307941436768,-0.02986431121826172,7.6756205558776855
T2,2100,4,2,4.305583477020264,4.241434097290039,4.315864086151123,4.253454208374023,0.06240987777709961,-3.1983609199523926
T2,2100,5,2,3.9637503623962402,3.924851417541504,3.9230949878692627,3.893828868865967,0.0292661190032959,-2.0105020999908447
T2,2100,6,2,4.401862621307373,4.175520420074463,4.4438862800598145,4.218859672546387,0.22502660751342773,6.266973495483398
T2,2100,7,3,4.28284215927124,4.211421966552734,4.320858955383301,4.238705158233643,0.0821537971496582,-0.9388108253479004
T2,2100,8,3,4.909332752227783,4.932965278625488,4.877322196960449,4.893424034118652,-0.016101837158203125,-1.0320417881011963
T2,2100,9,3,5.251699447631836,5.048133373260498,5.273372173309326,5.034447193145752,0.23892498016357422,-0.33632323145866394
T2,2120,1,1,5.535351276397705,5.5395307540893555,5.489053726196289,5.4923224449157715,-0.003268718719482422,2.1490249633789062
T2,2120,2,1,6.250186443328857,6.243453502655029,6.287623405456543,6.279934406280518,0.007688999176025391,6.517259120941162
T2,2120,3,1,5.535196304321289,5.587886810302734,5.546786785125732,5.601156711578369,-0.05436992645263672,7.6756205558776855
T2,2120,4,2,4.461133003234863,4.374804973602295,4.42865514755249,4.344015121459961,0.0846400260925293,-3.1983609199523926
T2,2120,5,2,4.337638854980469,4.172883033752441,4.296436309814453,4.13348388671875,0.16295242309570312,-2.0105020999908447
T2,2120,6,2,4.167996883392334,4.050511837005615,4.151060581207275,4.024984836578369,0.12607574462890625,6.266973495483398
T2,2120,7,3,4.360113620758057,4.251930236816406,4.358703136444092,4.286316871643066,0.07238626480102539,-0.9388108253479004
T2,2120,8,3,4.371321678161621,4.159364700317383,4.434325695037842,4.239136695861816,0.1951889991760254,-1.0320417881011963
T2,2120,9,3,4.4328765869140625,4.277832984924316,4.5467658042907715,4.364457607269287,0.18230819702148438,-0.33632323145866394
T2,2140,1,1,5.796448707580566,5.79276180267334,5.815917015075684,5.8121843338012695,0.0037326812744140625,2.1490249633789062
T2,2140,2,1,6.155228137969971,6.184682369232178,6.174602031707764,6.194212436676025,-0.01961040496826172,6.517259120941162
T2,2140,3,1,5.307333946228027,5.355010032653809,5.3310017585754395,5.380925178527832,-0.04992341995239258,7.6756205558776855
T2,2140,4,2,4.364447593688965,4.375156879425049,4.406848430633545,4.412615776062012,-0.005767345428466797,-3.1983609199523926
T2,2140,5,2,4.2373127937316895,4.132655143737793,4.26842737197876,4.160095691680908,0.10833168029785156,-2.0105020999908447
T2,2140,6,2,4.092690467834473,4.014041423797607,4.096822261810303,4.030001640319824,0.06682062149047852,6.266973495483398
T2,2140,7,3,4.343103885650635,4.166872024536133,4.3600897789001465,4.179271697998047,0.1808180809020996,-0.9388108253479004
T2,2140,8,3,4.061465740203857,4.070690631866455,4.068844318389893,4.093740940093994,-0.024896621704101562,-1.0320417881011963
T2,2140,9,3,4.679856777191162,4.755773544311523,4.652851104736328,4.7280659675598145,-0.07521486282348633,-0.33632323145866394
T2,2160,1,1,5.407643795013428,5.403590202331543,5.418380260467529,5.412548542022705,0.005831718444824219,2.1490249633789062
T2,2160,2,1,5.947720527648926,5.993370532989502,5.970198154449463,6.011470794677734,-0.041272640228271484,6.517259120941162
T2,2160,3,1,5.108914375305176,5.119734287261963,5.078177452087402,5.090473175048828,-0.012295722961425781,7.6756205558776855
T2,2160,4,2,4.154682159423828,4.166041374206543,4.121312141418457,4.132230758666992,-0.010918617248535156,-3.1983609199523926
T2,2160,5,2,4.574534893035889,4.295461654663086,4.4759039878845215,4.228870868682861,0.24703311920166016,-2.0105020999908447
T2,2160,6,2,3.8874216079711914,3.709130048751831,3.904010534286499,3.7174739837646484,0.18653655052185059,6.266973495483398
T2,2160,7,3,4.103854179382324,4.108676910400391,4.113270282745361,4.128755569458008,-0.015485286712646484,-0.9388108253479004
T2,2160,8,3,3.843756914138794,3.9106104373931885,3.850313663482666,3.9210472106933594,-0.07073354721069336,-1.0320417881011963
T2,2160,9,3,4.9862260818481445,4.636415481567383,4.98496150970459,4.647699356079102,0.3372621536254883,-0.33632323145866394
T2,2180,1,1,5.400925636291504,5.407889366149902,5.341150283813477,5.348324775695801,-0.007174491882324219,2.1490249633789062
T2,2180,2,1,5.88023042678833,5.86680269241333,5.873254776000977,5.868123531341553,0.005131244659423828,6.517259120941162
T2,2180,3,1,5.218345642089844,5.222599029541016,5.23753547668457,5.252246856689453,-0.014711380004882812,7.6756205558776855
T2,2180,4,2,4.109899520874023,4.225482940673828,4.11954927444458,4.235323429107666,-0.11577415466308594,-3.1983609199523926
T2,2180,5,2,5.761845111846924,5.346848964691162,5.7605767250061035,5.307590007781982,0.4529867172241211,-2.0105020999908447
T2,2180,6,2,4.3736186027526855,4.314223289489746,4.3632659912109375,4.293002605438232,0.07026338577270508,6.266973495483398
T2,2180,7,3,3.9581024646759033,3.938015937805176,3.977306365966797,3.9413223266601562,0.035984039306640625,-0.9388108253479004
T2,2180,8,3,4.30615758895874,4.082235336303711,4.314973831176758,4.072882652282715,0.24209117889404297,-1.0320417881011963
T2,2180,9,3,4.919086456298828,4.547386646270752,4.924656391143799,4.535580635070801,0.38907575607299805,-0.33632323145866394
T2,2200,1,1,5.346027851104736,5.352869033813477,5.365878105163574,5.3728251457214355,-0.006947040557861328,2.1490249633789062
T2,2200,2,1,5.7421464920043945,5.749147415161133,5.7473249435424805,5.7596845626831055,-0.012359619140625,6.517259120941162
T2,2200,3,1,5.239130973815918,5.249119758605957,5.232095241546631,5.247262477874756,-0.015167236328125,7.6756205558776855
T2,2200,4,2,4.689092636108398,4.626817226409912,4.665630340576172,4.619665145874023,0.04596519470214844,-3.1983609199523926
T2,2200,5,2,5.160032272338867,5.051662921905518,5.244986057281494,5.078735828399658,0.16625022888183594,-2.0105020999908447
T2,2200,6,2,4.165337562561035,4.317789077758789,4.152072906494141,4.310762882232666,-0.1586899757385254,6.266973495483398
T2,2200,7,3,4.402663707733154,4.306417465209961,4.400081157684326,4.3021135330200195,0.09796762466430664,-0.9388108253479004
T2,2200,8,3,4.185787200927734,4.019743919372559,4.151632308959961,4.028383731842041,0.12324857711791992,-1.0320417881011963
T2,2200,9,3,4.33681058883667,4.176342964172363,4.39384126663208,4.213128089904785,0.18071317672729492,-0.33632323145866394
T2,2220,1,1,5.475563049316406,5.474020481109619,5.512144565582275,5.510168075561523,0.001976490020751953,2.1490249633789062
T2,2220,2,1,5.525681972503662,5.5578742027282715,5.5422587394714355,5.578551292419434,-0.03629255294799805,6.517259120941162
T2,2220,3,1,4.697722434997559,4.755817890167236,4.7371320724487305,4.7971296310424805,-0.05999755859375,7.6756205558776855
T2,2220,4,2,4.335419654846191,4.33730936050415,4.341207504272461,4.3397040367126465,0.0015034675598144531,-3.1983609199523926
T2,2220,5,2,4.536577224731445,4.54056453704834,4.527535438537598,4.551811695098877,-0.024276256561279297,-2.0105020999908447
T2,2220,6,2,4.3913750648498535,4.371196746826172,4.401462554931641,4.404236793518066,-0.0027742385864257812,6.266973495483398
T2,2220,7,3,4.351988792419434,4.274986743927002,4.346800327301025,4.258535385131836,0.08826494216918945,-0.9388108253479004
T2,2220,8,3,4.920103073120117,4.785210609436035,4.868037700653076,4.713372707366943,0.1546649932861328,-1.0320417881011963
T2,2220,9,3,3.8432137966156006,3.6768202781677246,3.8562746047973633,3.718865156173706,0.13740944862365723,-0.33632323145866394
T2,2240,1,1,5.867910861968994,5.8548784255981445,5.816464424133301,5.803420066833496,0.013044357299804688,2.1490249633789062
T2,2240,2,1,5.781114101409912,5.805406093597412,5.782050132751465,5.797982692718506,-0.015932559967041016,6.517259120941162
T2,2240,3,1,5.480448246002197,5.520577430725098,5.382627010345459,5.417510032653809,-0.03488302230834961,7.6756205558776855
T2,2240,4,2,4.47224760055542,4.505843162536621,4.494267463684082,4.528825283050537,-0.03455781936645508,-3.1983609199523926
T2,2240,5,2,4.648481369018555,4.5856428146362305,4.639584541320801,4.558832168579102,0.08075237274169922,-2.0105020999908447
T2,2240,6,2,4.357700824737549,4.219493389129639,4.389283180236816,4.247933387756348,0.14134979248046875,6.266973495483398
T2,2240,7,3,4.917008876800537,4.9339447021484375,4.8951005935668945,4.887131690979004,0.007968902587890625,-0.9388108253479004
T2,2240,8,3,5.094379425048828,4.9832353591918945,5.112185001373291,5.051995277404785,0.06018972396850586,-1.0320417881011963
T2,2240,9,3,4.153989315032959,4.04448938369751,4.1279497146606445,4.014976501464844,0.11297321319580078,-0.33632323145866394
T2,2260,1,1,5.960011959075928,5.956895351409912,5.887853145599365,5.879787445068359,0.00806570053100586,2.1490249633789062
T2,2260,2,1,5.5016350746154785,5.453701019287109,5.5315141677856445,5.4970831871032715,0.03443098068237305,6.517259120941162
T2,2260,3,1,6.380640029907227,6.423268795013428,6.390094757080078,6.442352294921875,-0.052257537841796875,7.6756205558776855
T2,2260,4,2,4.220512390136719,4.184376239776611,4.223080158233643,4.1891069412231445,0.03397321701049805,-3.1983609199523926
T2,2260,5,2,4.51107931137085,4.439260005950928,4.541969299316406,4.473752498626709,0.06821680068969727,-2.0105020999908447
T2,2260,6,2,4.079177379608154,3.976489305496216,4.089869022369385,3.980368137359619,0.10950088500976562,6.266973495483398
T2,2260,7,3,4.360837936401367,4.354150772094727,4.41122579574585,4.405074119567871,0.006151676177978516,-0.9388108253479004
T2,2260,8,3,4.162814140319824,3.99865984916687,4.22701358795166,4.016489028930664,0.2105245590209961,-1.0320417881011963
T2,2260,9,3,4.681639671325684,4.556260585784912,4.651763439178467,4.541393280029297,0.11037015914916992,-0.33632323145866394
T2,2280,1,1,5.999399662017822,6.011142253875732,5.974618911743164,5.988072872161865,-0.013453960418701172,2.1490249633789062
T2,2280,2,1,5.358328342437744,5.4048075675964355,5.3840012550354,5.431210041046143,-0.04720878601074219,6.517259120941162
T2,2280,3,1,6.349091529846191,6.372631072998047,6.356198787689209,6.379851818084717,-0.023653030395507812,7.6756205558776855
T2,2280,4,2,3.915513277053833,3.9180705547332764,3.949129343032837,3.952165365219116,-0.003036022186279297,-3.1983609199523926
T2,2280,5,2,4.175355434417725,4.078096866607666,4.2086262702941895,4.097103595733643,0.11152267456054688,-2.0105020999908447
T2,2280,6,2,4.275799751281738,4.356707572937012,4.276813983917236,4.330452919006348,-0.05363893508911133,6.266973495483398
T2,2280,7,3,3.6088147163391113,3.6715586185455322,3.586454153060913,3.6633756160736084,-0.07692146301269531,-0.9388108253479004
T2,2280,8,3,4.99931526184082,4.925790309906006,4.9138593673706055,4.849196434020996,0.06466293334960938,-1.0320417881011963
T2,2280,9,3,4.306875228881836,4.166411399841309,4.3919997215271,4.194812774658203,0.19718694686889648,-0.33632323145866394
