family,arm,case,time_s,net_difference_kwh
T1,MPC,dir_m5,0,0.0
T1,MPC,dir_m5,20,0.0
T1,MPC,dir_m5,40,0.0
T1,MPC,dir_m5,60,0.0
T1,MPC,dir_m5,80,0.0
T1,MPC,dir_m5,100,0.0
T1,MPC,dir_m5,120,0.0
T1,MPC,dir_m5,140,0.0
T1,MPC,dir_m5,160,0.0
T1,MPC,dir_m5,180,0.0
T1,MPC,dir_m5,200,-1.1131307654300266
T1,MPC,dir_m5,220,-1.34694102063836
T1,MPC,dir_m5,240,-1.7304987741105822
T1,MPC,dir_m5,260,-2.2064876543189156
T1,MPC,dir_m5,280,-2.131118003277249
T1,MPC,dir_m5,300,-2.1917170067494713
T1,MPC,dir_m5,320,-2.302256237652249
T1,MPC,dir_m5,340,-2.444418803624471
T1,MPC,dir_m5,360,-2.3406042289716935
T1,MPC,dir_m5,380,-2.181407647374471
T1,MPC,dir_m5,400,-3.6514873837619355
T1,MPC,dir_m5,420,-4.751633685845269
T1,MPC,dir_m5,440,-6.145691949734157
T1,MPC,dir_m5,460,-7.858478178900825
T1,MPC,dir_m5,480,-9.016247230984158
T1,MPC,dir_m5,500,-10.89663801223416
T1,MPC,dir_m5,520,-12.833137602511936
T1,MPC,dir_m5,540,-13.256054026123048
T1,MPC,dir_m5,560,-14.749696932373046
T1,MPC,dir_m5,580,-12.941781595567493
T1,MPC,dir_m5,600,-11.654274398251005
T1,MPC,dir_m5,620,-11.647419995473227
T1,MPC,dir_m5,640,-12.979230769778782
T1,MPC,dir_m5,660,-12.588111231584339
T1,MPC,dir_m5,680,-13.580770742001004
T1,MPC,dir_m5,700,-12.32085179755656
T1,MPC,dir_m5,720,-12.144140832278783
T1,MPC,dir_m5,740,-9.460223276723227
T1,MPC,dir_m5,760,-7.491313915612115
T1,MPC,dir_m5,780,-7.090681408667671
T1,MPC,dir_m5,800,-6.916835659653557
T1,MPC,dir_m5,820,-4.5316718679868915
T1,MPC,dir_m5,840,-5.385368541598003
T1,MPC,dir_m5,860,-6.365185114514669
T1,MPC,dir_m5,880,-6.8992665138202245
T1,MPC,dir_m5,900,-8.229254624931336
T1,MPC,dir_m5,920,-7.555674541598004
T1,MPC,dir_m5,940,-9.239751340209114
T1,MPC,dir_m5,960,-10.003022640556336
T1,MPC,dir_m5,980,-9.397610769028558
T1,MPC,dir_m5,1000,-11.713797937225342
T1,MPC,dir_m5,1020,-9.59538074625312
T1,MPC,dir_m5,1040,-11.046588544864232
T1,MPC,dir_m5,1060,-11.090304739308674
T1,MPC,dir_m5,1080,-11.648080916392008
T1,MPC,dir_m5,1100,-11.618365780975342
T1,MPC,dir_m5,1120,-10.119096008405897
T1,MPC,dir_m5,1140,-7.6594137236836755
T1,MPC,dir_m5,1160,-6.13831368548923
T1,MPC,dir_m5,1180,-3.0463754250725636
T1,MPC,dir_m5,1200,-1.3969681970655654
T1,MPC,dir_m5,1220,-1.4107114626905655
T1,MPC,dir_m5,1240,-2.2296997335238986
T1,MPC,dir_m5,1260,-2.8884939939405654
T1,MPC,dir_m5,1280,-2.3370114626905654
T1,MPC,dir_m5,1300,-2.9997787890794543
T1,MPC,dir_m5,1320,-2.8195840850863987
T1,MPC,dir_m5,1340,-1.085786234391954
T1,MPC,dir_m5,1360,-2.1369343099127875
T1,MPC,dir_m5,1380,-2.923791510433621
T1,MPC,dir_m5,1400,-2.6151878259073893
T1,MPC,dir_m5,1420,-3.149969077643501
T1,MPC,dir_m5,1440,-4.925598484761556
T1,MPC,dir_m5,1460,-5.830628683546279
T1,MPC,dir_m5,1480,-8.206502389275446
T1,MPC,dir_m5,1500,-8.767389557678223
T1,MPC,dir_m5,1520,-8.963145191358779
T1,MPC,dir_m5,1540,-7.327381342400445
T1,MPC,dir_m5,1560,-7.995654958719889
T1,MPC,dir_m5,1580,-8.503235267747668
T1,MPC,dir_m5,1600,-9.44301717493693
T1,MPC,dir_m5,1620,-9.378795989173042
T1,MPC,dir_m5,1640,-10.257046237436931
T1,MPC,dir_m5,1660,-10.816896447506377
T1,MPC,dir_m5,1680,-11.246093287784152
T1,MPC,dir_m5,1700,-11.140203508270265
T1,MPC,dir_m5,1720,-10.851497111568875
T1,MPC,dir_m5,1740,-9.526247296464708
T1,MPC,dir_m5,1760,-7.681151697506375
T1,MPC,dir_m5,1780,-6.943920618513319
T1,MPC,dir_m5,1800,-8.238879756226858
T1,MPC,dir_m5,1820,-7.534969521851858
T1,MPC,dir_m5,1840,-7.845572929837969
T1,MPC,dir_m5,1860,-9.284657975844913
T1,MPC,dir_m5,1880,-9.492660335219913
T1,MPC,dir_m5,1900,-9.195628725844912
T1,MPC,dir_m5,1920,-8.859634229317136
T1,MPC,dir_m5,1940,-6.9255064888657465
T1,MPC,dir_m5,1960,-5.974797568726858
T1,MPC,dir_m5,1980,-5.090092412476857
T1,MPC,dir_m5,2000,-3.1432436451157466
T1,MPC,dir_m5,2020,-0.481388351712968
T1,MPC,dir_m5,2040,0.480713700370365
T1,MPC,dir_m5,2060,0.8645758913425876
T1,MPC,dir_m5,2080,0.6470245493286981
T1,MPC,dir_m5,2100,2.6502255970717545
T1,MPC,dir_m5,2120,3.793093816689809
T1,MPC,dir_m5,2140,2.0375437628703645
T1,MPC,dir_m5,2160,0.42663127328703165
T1,MPC,dir_m5,2180,1.0383931274536984
T1,MPC,dir_m5,2200,0.911610775023143
T1,MPC,dir_m5,2220,-0.7673638933796356
T1,MPC,dir_m5,2240,-2.132793961956024
T1,MPC,dir_m5,2260,-3.9454872683796354
T1,MPC,dir_m5,2280,-5.775701297893525
T1,lookup,dir_m5,0,0.0
T1,lookup,dir_m5,20,0.0
T1,lookup,dir_m5,40,0.0
T1,lookup,dir_m5,60,0.0
T1,lookup,dir_m5,80,0.0
T1,lookup,dir_m5,100,0.0
T1,lookup,dir_m5,120,0.0
T1,lookup,dir_m5,140,0.0
T1,lookup,dir_m5,160,0.0
T1,lookup,dir_m5,180,0.0
T1,lookup,dir_m5,200,-1.1022673189866807
T1,lookup,dir_m5,220,-3.0304156364237467
T1,lookup,dir_m5,240,-6.152331613715278
T1,lookup,dir_m5,260,-9.48227074392361
T1,lookup,dir_m5,280,-11.5551309609375
T1,lookup,dir_m5,300,-13.468379546006945
T1,lookup,dir_m5,320,-15.189310212673611
T1,lookup,dir_m5,340,-16.401245410590278
T1,lookup,dir_m5,360,-17.010477296006947
T1,lookup,dir_m5,380,-17.11319235677083
T1,lookup,dir_m5,400,-18.95898999565972
T1,lookup,dir_m5,420,-21.104638881076387
T1,lookup,dir_m5,440,-24.00513816232639
T1,lookup,dir_m5,460,-27.392015578993057
T1,lookup,dir_m5,480,-27.356456124131945
T1,lookup,dir_m5,500,-28.164708464409724
T1,lookup,dir_m5,520,-28.930825370659726
T1,lookup,dir_m5,540,-27.20015558940972
T1,lookup,dir_m5,560,-28.08939539149306
T1,lookup,dir_m5,580,-25.321867315104168
T1,lookup,dir_m5,600,-23.110082783854168
T1,lookup,dir_m5,620,-21.198003089409724
T1,lookup,dir_m5,640,-20.535487124131944
T1,lookup,dir_m5,660,-19.847438901909722
T1,lookup,dir_m5,680,-18.907007533854166
T1,lookup,dir_m5,700,-14.29715116232639
T1,lookup,dir_m5,720,-10.998786884548611
T1,lookup,dir_m5,740,-8.1015349921875
T1,lookup,dir_m5,760,-3.830580881076389
T1,lookup,dir_m5,780,-2.784905381076389
T1,lookup,dir_m5,800,-1.2745367890625
T1,lookup,dir_m5,820,0.9668185720486111
T1,lookup,dir_m5,840,-4.019674278645834
T1,lookup,dir_m5,860,-7.331130150173612
T1,lookup,dir_m5,880,-9.017593014756944
T1,lookup,dir_m5,900,-8.58009787934028
T1,lookup,dir_m5,920,-8.343644292534723
T1,lookup,dir_m5,940,-11.394147136284722
T1,lookup,dir_m5,960,-11.773080818576389
T1,lookup,dir_m5,980,-12.219002516493056
T1,lookup,dir_m5,1000,-17.624237266493054
T1,lookup,dir_m5,1020,-14.578990301215278
T1,lookup,dir_m5,1040,-16.033297436631944
T1,lookup,dir_m5,1060,-15.483991453993056
T1,lookup,dir_m5,1080,-15.772086801215277
T1,lookup,dir_m5,1100,-14.033613953993056
T1,lookup,dir_m5,1120,-5.055894894965278
T1,lookup,dir_m5,1140,0.9078758723958331
T1,lookup,dir_m5,1160,3.9042506953125002
T1,lookup,dir_m5,1180,7.126436306423612
T1,lookup,dir_m5,1200,12.029029061631945
T1,lookup,dir_m5,1220,13.272646900173612
T1,lookup,dir_m5,1240,13.360893019965278
T1,lookup,dir_m5,1260,12.582397438368057
T1,lookup,dir_m5,1280,12.693016078125
T1,lookup,dir_m5,1300,13.300007413194445
T1,lookup,dir_m5,1320,14.914610312499999
T1,lookup,dir_m5,1340,18.013939091145836
T1,lookup,dir_m5,1360,18.5694732578125
T1,lookup,dir_m5,1380,19.36237303125
T1,lookup,dir_m5,1400,19.808745263020835
T1,lookup,dir_m5,1420,19.289281300347223
T1,lookup,dir_m5,1440,16.45373928125
T1,lookup,dir_m5,1460,14.495417526041667
T1,lookup,dir_m5,1480,11.889310218750001
T1,lookup,dir_m5,1500,11.08664820138889
T1,lookup,dir_m5,1520,12.264953946180556
T1,lookup,dir_m5,1540,16.124538378472224
T1,lookup,dir_m5,1560,16.496547786458333
T1,lookup,dir_m5,1580,16.150524161458335
T1,lookup,dir_m5,1600,15.619850210069444
T1,lookup,dir_m5,1620,16.712631291666668
T1,lookup,dir_m5,1640,16.277246442708332
T1,lookup,dir_m5,1660,15.468988862847223
T1,lookup,dir_m5,1680,15.458382753472222
T1,lookup,dir_m5,1700,16.10437546527778
T1,lookup,dir_m5,1720,16.244911581597222
T1,lookup,dir_m5,1740,18.20727386545139
T1,lookup,dir_m5,1760,20.885060665798612
T1,lookup,dir_m5,1780,21.256986798611113
T1,lookup,dir_m5,1800,19.92661544965278
T1,lookup,dir_m5,1820,21.173105970486112
T1,lookup,dir_m5,1840,22.005205395833336
T1,lookup,dir_m5,1860,22.000532216145835
T1,lookup,dir_m5,1880,22.099220815104168
T1,lookup,dir_m5,1900,21.697749657118056
T1,lookup,dir_m5,1920,22.89433313107639
T1,lookup,dir_m5,1940,26.155033861111114
T1,lookup,dir_m5,1960,26.260728130208335
T1,lookup,dir_m5,1980,26.778366595486112
T1,lookup,dir_m5,2000,28.999107725694444
T1,lookup,dir_m5,2020,32.10531356076389
T1,lookup,dir_m5,2040,33.64603602430556
T1,lookup,dir_m5,2060,34.05684211458334
T1,lookup,dir_m5,2080,32.76700961111111
T1,lookup,dir_m5,2100,34.30367936545139
T1,lookup,dir_m5,2120,34.99460523611111
T1,lookup,dir_m5,2140,34.25124789583334
T1,lookup,dir_m5,2160,33.115453638888894
T1,lookup,dir_m5,2180,33.91075010069445
T1,lookup,dir_m5,2200,33.802632875
T1,lookup,dir_m5,2220,32.12284017013889
T1,lookup,dir_m5,2240,31.27209420920139
T1,lookup,dir_m5,2260,29.558157462673613
T1,lookup,dir_m5,2280,27.917199355034725
T1,MPC,dir_m2,0,0.0
T1,MPC,dir_m2,20,0.0
T1,MPC,dir_m2,40,0.0
T1,MPC,dir_m2,60,0.0
T1,MPC,dir_m2,80,0.0
T1,MPC,dir_m2,100,0.0
T1,MPC,dir_m2,120,0.0
T1,MPC,dir_m2,140,0.0
T1,MPC,dir_m2,160,0.0
T1,MPC,dir_m2,180,0.0
T1,MPC,dir_m2,200,-0.9335771774553061
T1,MPC,dir_m2,220,-1.1408850906497505
T1,MPC,dir_m2,240,-1.5083646375247506
T1,MPC,dir_m2,260,-1.9208893371775284
T1,MPC,dir_m2,280,-1.8648386218997506
T1,MPC,dir_m2,300,-1.8964720628719727
T1,MPC,dir_m2,320,-1.9476257764136395
T1,MPC,dir_m2,340,-2.0366543441219727
T1,MPC,dir_m2,360,-1.9838715125247504
T1,MPC,dir_m2,380,-1.8346345837053062
T1,MPC,dir_m2,400,-3.3300815928002194
T1,MPC,dir_m2,420,-4.3633510025224425
T1,MPC,dir_m2,440,-5.559457818494664
T1,MPC,dir_m2,460,-7.204991210855775
T1,MPC,dir_m2,480,-8.418029867105776
T1,MPC,dir_m2,500,-9.938517509466887
T1,MPC,dir_m2,520,-11.600679113633554
T1,MPC,dir_m2,540,-11.92507363793911
T1,MPC,dir_m2,560,-13.303454641411331
T1,MPC,dir_m2,580,-11.374720485161333
T1,MPC,dir_m2,600,-10.60999251952709
T1,MPC,dir_m2,620,-11.040149363277092
T1,MPC,dir_m2,640,-12.817498457027092
T1,MPC,dir_m2,660,-12.98481371744376
T1,MPC,dir_m2,680,-14.129213929249314
T1,MPC,dir_m2,700,-12.71962635980487
T1,MPC,dir_m2,720,-12.065362877165978
T1,MPC,dir_m2,740,-8.819732498693757
T1,MPC,dir_m2,760,-5.735082825082646
T1,MPC,dir_m2,780,-4.7484593563326465
T1,MPC,dir_m2,800,-5.9926357262281575
T1,MPC,dir_m2,820,-3.713026281783713
T1,MPC,dir_m2,840,-6.225436344283714
T1,MPC,dir_m2,860,-8.932509760950381
T1,MPC,dir_m2,880,-11.109982160255935
T1,MPC,dir_m2,900,-12.001621556089269
T1,MPC,dir_m2,920,-12.311930618589269
T1,MPC,dir_m2,940,-14.960720337339268
T1,MPC,dir_m2,960,-15.63843352657538
T1,MPC,dir_m2,980,-14.901531627269826
T1,MPC,dir_m2,1000,-16.934021867429603
T1,MPC,dir_m2,1020,-12.11915522506849
T1,MPC,dir_m2,1040,-11.967122912568492
T1,MPC,dir_m2,1060,-10.23305591256849
T1,MPC,dir_m2,1080,-9.772608811874047
T1,MPC,dir_m2,1100,-8.688085117429601
T1,MPC,dir_m2,1120,-3.3573189924296005
T1,MPC,dir_m2,1140,0.7394041082648437
T1,MPC,dir_m2,1160,2.6317734277092883
T1,MPC,dir_m2,1180,5.309403861737066
T1,MPC,dir_m2,1200,8.614399788726303
T1,MPC,dir_m2,1220,9.646727257476304
T1,MPC,dir_m2,1240,10.264503444976304
T1,MPC,dir_m2,1260,9.649561856434637
T1,MPC,dir_m2,1280,9.608740192372137
T1,MPC,dir_m2,1300,8.54873891633047
T1,MPC,dir_m2,1320,8.474847536122137
T1,MPC,dir_m2,1340,10.66371822709436
T1,MPC,dir_m2,1360,9.748540362511028
T1,MPC,dir_m2,1380,9.999610714073526
T1,MPC,dir_m2,1400,10.63717253006016
T1,MPC,dir_m2,1420,11.017924807837936
T1,MPC,dir_m2,1440,10.00737434429627
T1,MPC,dir_m2,1460,8.814089461483771
T1,MPC,dir_m2,1480,7.061340957143493
T1,MPC,dir_m2,1500,6.277027214087937
T1,MPC,dir_m2,1520,6.6913457366573805
T1,MPC,dir_m2,1540,8.97728048492127
T1,MPC,dir_m2,1560,9.143057976240714
T1,MPC,dir_m2,1580,8.148595754018492
T1,MPC,dir_m2,1600,6.550739327167856
T1,MPC,dir_m2,1620,5.974699525084523
T1,MPC,dir_m2,1640,4.218828733417855
T1,MPC,dir_m2,1660,3.371555589320634
T1,MPC,dir_m2,1680,2.7878199365428555
T1,MPC,dir_m2,1700,2.5124821691817454
T1,MPC,dir_m2,1720,2.7551049417511893
T1,MPC,dir_m2,1740,3.8855365433136893
T1,MPC,dir_m2,1760,5.424291850605357
T1,MPC,dir_m2,1780,5.229815134459523
T1,MPC,dir_m2,1800,3.172345384660006
T1,MPC,dir_m2,1820,3.314935570423896
T1,MPC,dir_m2,1840,3.40441598361834
T1,MPC,dir_m2,1860,2.9007369271947274
T1,MPC,dir_m2,1880,2.847904788305839
T1,MPC,dir_m2,1900,2.7468604324030617
T1,MPC,dir_m2,1920,4.2810472587919515
T1,MPC,dir_m2,1940,7.3636160704238955
T1,MPC,dir_m2,1960,8.219217066951675
T1,MPC,dir_m2,1980,9.636911066951672
T1,MPC,dir_m2,2000,12.824581714521116
T1,MPC,dir_m2,2020,16.104869485354453
T1,MPC,dir_m2,2040,17.588156811743342
T1,MPC,dir_m2,2060,17.68039385688223
T1,MPC,dir_m2,2080,17.236072329104452
T1,MPC,dir_m2,2100,19.326369281361398
T1,MPC,dir_m2,2120,20.352766506187784
T1,MPC,dir_m2,2140,19.461537671118343
T1,MPC,dir_m2,2160,18.604737973201672
T1,MPC,dir_m2,2180,19.59443370236834
T1,MPC,dir_m2,2200,19.3703414610489
T1,MPC,dir_m2,2220,17.976052504451673
T1,MPC,dir_m2,2240,16.743481967125284
T1,MPC,dir_m2,2260,14.764269694555843
T1,MPC,dir_m2,2280,13.254884906361397
T1,lookup,dir_m2,0,0.0
T1,lookup,dir_m2,20,0.0
T1,lookup,dir_m2,40,0.0
T1,lookup,dir_m2,60,0.0
T1,lookup,dir_m2,80,0.0
T1,lookup,dir_m2,100,0.0
T1,lookup,dir_m2,120,0.0
T1,lookup,dir_m2,140,0.0
T1,lookup,dir_m2,160,0.0
T1,lookup,dir_m2,180,0.0
T1,lookup,dir_m2,200,-1.1022673189866807
T1,lookup,dir_m2,220,-3.0304156364237467
T1,lookup,dir_m2,240,-6.152331613715278
T1,lookup,dir_m2,260,-9.48227074392361
T1,lookup,dir_m2,280,-11.5551309609375
T1,lookup,dir_m2,300,-13.468379546006945
T1,lookup,dir_m2,320,-15.189310212673611
T1,lookup,dir_m2,340,-16.401245410590278
T1,lookup,dir_m2,360,-17.010477296006947
T1,lookup,dir_m2,380,-17.11319235677083
T1,lookup,dir_m2,400,-18.95898999565972
T1,lookup,dir_m2,420,-21.104638881076387
T1,lookup,dir_m2,440,-24.00513816232639
T1,lookup,dir_m2,460,-27.392015578993057
T1,lookup,dir_m2,480,-27.356456124131945
T1,lookup,dir_m2,500,-28.164708464409724
T1,lookup,dir_m2,520,-28.930825370659726
T1,lookup,dir_m2,540,-27.20015558940972
T1,lookup,dir_m2,560,-28.08939539149306
T1,lookup,dir_m2,580,-25.321867315104168
T1,lookup,dir_m2,600,-23.11008351263258
T1,lookup,dir_m2,620,-21.197996641104805
T1,lookup,dir_m2,640,-20.535480547354805
T1,lookup,dir_m2,660,-19.8474329848548
T1,lookup,dir_m2,680,-18.90701071749369
T1,lookup,dir_m2,700,-14.297160752215916
T1,lookup,dir_m2,720,-10.998816714021473
T1,lookup,dir_m2,740,-8.101556457077027
T1,lookup,dir_m2,760,-3.8305834119381377
T1,lookup,dir_m2,780,-2.7848838320770266
T1,lookup,dir_m2,800,-1.274500477522108
T1,lookup,dir_m2,820,0.966825098866781
T1,lookup,dir_m2,840,-4.0197626198832195
T1,lookup,dir_m2,860,-7.331104619883218
T1,lookup,dir_m2,880,-9.017553484466553
T1,lookup,dir_m2,900,-8.580027317799887
T1,lookup,dir_m2,920,-8.343623269188775
T1,lookup,dir_m2,940,-11.394145255299886
T1,lookup,dir_m2,960,-11.773083382035995
T1,lookup,dir_m2,980,-12.218987118147108
T1,lookup,dir_m2,1000,-17.624209346925525
T1,lookup,dir_m2,1020,-14.578740989286635
T1,lookup,dir_m2,1040,-16.033107162897746
T1,lookup,dir_m2,1060,-15.483746905953302
T1,lookup,dir_m2,1080,-15.771839017064414
T1,lookup,dir_m2,1100,-14.03334569761997
T1,lookup,dir_m2,1120,-5.055487197619968
T1,lookup,dir_m2,1140,0.9081727121022545
T1,lookup,dir_m2,1160,3.9045282746022547
T1,lookup,dir_m2,1180,7.126707385713365
T1,lookup,dir_m2,1200,12.029137537143283
T1,lookup,dir_m2,1220,13.272755464226618
T1,lookup,dir_m2,1240,13.360982505893285
T1,lookup,dir_m2,1260,12.582429998948838
T1,lookup,dir_m2,1280,12.693025959886338
T1,lookup,dir_m2,1300,13.30001164738634
T1,lookup,dir_m2,1320,14.914588248080785
T1,lookup,dir_m2,1340,18.014054387837728
T1,lookup,dir_m2,1360,18.56961570207384
T1,lookup,dir_m2,1380,19.362329201205785
T1,lookup,dir_m2,1400,19.80850839217801
T1,lookup,dir_m2,1420,19.28883546769884
T1,lookup,dir_m2,1440,16.453314668219676
T1,lookup,dir_m2,1460,14.49512722377523
T1,lookup,dir_m2,1480,11.889082824469671
T1,lookup,dir_m2,1500,11.086391341830783
T1,lookup,dir_m2,1520,12.264615176900227
T1,lookup,dir_m2,1540,16.124139326205785
T1,lookup,dir_m2,1560,16.496202456414117
T1,lookup,dir_m2,1580,16.150219847039118
T1,lookup,dir_m2,1600,15.619601645650226
T1,lookup,dir_m2,1620,16.71238911787245
T1,lookup,dir_m2,1640,16.277101841830785
T1,lookup,dir_m2,1660,15.468778593566894
T1,lookup,dir_m2,1680,15.458148079678006
T1,lookup,dir_m2,1700,16.104107463358563
T1,lookup,dir_m2,1720,16.24464080363634
T1,lookup,dir_m2,1740,18.206985441657174
T1,lookup,dir_m2,1760,20.884801771518287
T1,lookup,dir_m2,1780,21.256720793219674
T1,lookup,dir_m2,1800,19.926295706414116
T1,lookup,dir_m2,1820,21.172738465094675
T1,lookup,dir_m2,1840,22.004813435580786
T1,lookup,dir_m2,1860,22.000136594434952
T1,lookup,dir_m2,1880,22.098817505893287
T1,lookup,dir_m2,1900,21.697336703809952
T1,lookup,dir_m2,1920,22.89386355797662
T1,lookup,dir_m2,1940,26.154566517178008
T1,lookup,dir_m2,1960,26.260276689053008
T1,lookup,dir_m2,1980,26.77787109530301
T1,lookup,dir_m2,2000,28.998590914747453
T1,lookup,dir_m2,2020,32.104778777594674
T1,lookup,dir_m2,2040,33.64550443384467
T1,lookup,dir_m2,2060,34.05627879148356
T1,lookup,dir_m2,2080,32.76646863696968
T1,lookup,dir_m2,2100,34.303204167351616
T1,lookup,dir_m2,2120,34.99410918384467
T1,lookup,dir_m2,2140,34.250757244608565
T1,lookup,dir_m2,2160,33.11498769078912
T1,lookup,dir_m2,2180,33.91025162134467
T1,lookup,dir_m2,2200,33.802145077941894
T1,lookup,dir_m2,2220,32.122362282803
T1,lookup,dir_m2,2240,31.271628342698843
T1,lookup,dir_m2,2260,29.55773968124051
T1,lookup,dir_m2,2280,27.916803426032175
T1,MPC,dir_p2,0,0.0
T1,MPC,dir_p2,20,0.0
T1,MPC,dir_p2,40,0.0
T1,MPC,dir_p2,60,0.0
T1,MPC,dir_p2,80,0.0
T1,MPC,dir_p2,100,0.0
T1,MPC,dir_p2,120,0.0
T1,MPC,dir_p2,140,0.0
T1,MPC,dir_p2,160,0.0
T1,MPC,dir_p2,180,0.0
T1,MPC,dir_p2,200,-0.9214378976332347
T1,MPC,dir_p2,220,-1.0408138802721236
T1,MPC,dir_p2,240,-1.0729190156887902
T1,MPC,dir_p2,260,-1.0512324531887902
T1,MPC,dir_p2,280,-1.3987925868693458
T1,MPC,dir_p2,300,-1.6422400642999013
T1,MPC,dir_p2,320,-1.8879253872165682
T1,MPC,dir_p2,340,-2.0111617674249014
T1,MPC,dir_p2,360,-2.249227791730457
T1,MPC,dir_p2,380,-2.5677889219387904
T1,MPC,dir_p2,400,-3.7482809490585325
T1,MPC,dir_p2,420,-4.1187633605168665
T1,MPC,dir_p2,440,-4.2935491330863105
T1,MPC,dir_p2,460,-4.299159577530755
T1,MPC,dir_p2,480,-5.238430765030755
T1,MPC,dir_p2,500,-4.0580431400307555
T1,MPC,dir_p2,520,-2.108024997669644
T1,MPC,dir_p2,540,-2.0288816400307548
T1,MPC,dir_p2,560,-0.6972624108640881
T1,MPC,dir_p2,580,-1.7100688205863104
T1,MPC,dir_p2,600,-5.0791201511200805
T1,MPC,dir_p2,620,-2.7124240330645244
T1,MPC,dir_p2,640,0.4828127620743645
T1,MPC,dir_p2,660,0.6975040433243644
T1,MPC,dir_p2,680,-0.5651585295923023
T1,MPC,dir_p2,700,2.100408081518809
T1,MPC,dir_p2,720,0.9432083870743648
T1,MPC,dir_p2,740,2.5389181891576977
T1,MPC,dir_p2,760,5.598767182213255
T1,MPC,dir_p2,780,8.817184428741031
T1,MPC,dir_p2,800,8.18254160453203
T1,MPC,dir_p2,820,10.334665361476475
T1,MPC,dir_p2,840,13.466963368420918
T1,MPC,dir_p2,860,17.324926858004254
T1,MPC,dir_p2,880,18.131503531615365
T1,MPC,dir_p2,900,19.000926436129255
T1,MPC,dir_p2,920,21.32862168439314
T1,MPC,dir_p2,940,22.53542589967092
T1,MPC,dir_p2,960,24.7403342555737
T1,MPC,dir_p2,980,26.978012137518142
T1,MPC,dir_p2,1000,25.154487813734267
T1,MPC,dir_p2,1020,24.15978148387316
T1,MPC,dir_p2,1040,23.0357171158176
T1,MPC,dir_p2,1060,30.965011869289828
T1,MPC,dir_p2,1080,37.29200320609538
T1,MPC,dir_p2,1100,36.57601909498426
T1,MPC,dir_p2,1120,37.822321476928714
T1,MPC,dir_p2,1140,35.04158599428982
T1,MPC,dir_p2,1160,36.709014070678705
T1,MPC,dir_p2,1180,40.33518132415093
T1,MPC,dir_p2,1200,42.698684184150274
T1,MPC,dir_p2,1220,45.81000585776139
T1,MPC,dir_p2,1240,45.247893512275276
T1,MPC,dir_p2,1260,45.73616685776138
T1,MPC,dir_p2,1280,46.61700998710166
T1,MPC,dir_p2,1300,44.95204596626833
T1,MPC,dir_p2,1320,44.51348786904611
T1,MPC,dir_p2,1340,45.78227081696278
T1,MPC,dir_p2,1360,47.81185813640722
T1,MPC,dir_p2,1380,46.60914413380305
T1,MPC,dir_p2,1400,45.027709662879104
T1,MPC,dir_p2,1420,44.12269528440687
T1,MPC,dir_p2,1440,44.31067495107354
T1,MPC,dir_p2,1460,45.7204640239902
T1,MPC,dir_p2,1480,46.91498521669854
T1,MPC,dir_p2,1500,48.36693472190689
T1,MPC,dir_p2,1520,49.40444500142077
T1,MPC,dir_p2,1540,50.941968628156886
T1,MPC,dir_p2,1560,50.16739954829576
T1,MPC,dir_p2,1580,50.99808877746243
T1,MPC,dir_p2,1600,51.70758699648327
T1,MPC,dir_p2,1620,52.1101844374555
T1,MPC,dir_p2,1640,54.86223398606661
T1,MPC,dir_p2,1660,58.01798074474716
T1,MPC,dir_p2,1680,60.678302958288825
T1,MPC,dir_p2,1700,60.321684977386056
T1,MPC,dir_p2,1720,61.523078894052716
T1,MPC,dir_p2,1740,62.70703765012911
T1,MPC,dir_p2,1760,66.13268677686523
T1,MPC,dir_p2,1780,68.54636461974717
T1,MPC,dir_p2,1800,66.86995771631241
T1,MPC,dir_p2,1820,67.27397183436797
T1,MPC,dir_p2,1840,67.52028008610408
T1,MPC,dir_p2,1860,66.64793977273602
T1,MPC,dir_p2,1880,65.82836231874298
T1,MPC,dir_p2,1900,65.73700122152074
T1,MPC,dir_p2,1920,66.22901096631242
T1,MPC,dir_p2,1940,66.48334293419435
T1,MPC,dir_p2,1960,65.30591991509714
T1,MPC,dir_p2,1980,64.12547967724991
T1,MPC,dir_p2,2000,62.81531985433324
T1,MPC,dir_p2,2020,62.60433500884713
T1,MPC,dir_p2,2040,61.43407288558325
T1,MPC,dir_p2,2060,61.31022755919436
T1,MPC,dir_p2,2080,61.32885746891658
T1,MPC,dir_p2,2100,61.904244817006855
T1,MPC,dir_p2,2120,62.126256444611016
T1,MPC,dir_p2,2140,62.26727952099991
T1,MPC,dir_p2,2160,64.23596216509713
T1,MPC,dir_p2,2180,65.93574885954158
T1,MPC,dir_p2,2200,68.00541661388185
T1,MPC,dir_p2,2220,70.08829700884714
T1,MPC,dir_p2,2240,72.20776226318742
T1,MPC,dir_p2,2260,76.12247036735407
T1,MPC,dir_p2,2280,77.75418608263186
T1,lookup,dir_p2,0,0.0
T1,lookup,dir_p2,20,0.0
T1,lookup,dir_p2,40,0.0
T1,lookup,dir_p2,60,0.0
T1,lookup,dir_p2,80,0.0
T1,lookup,dir_p2,100,0.0
T1,lookup,dir_p2,120,0.0
T1,lookup,dir_p2,140,0.0
T1,lookup,dir_p2,160,0.0
T1,lookup,dir_p2,180,0.0
T1,lookup,dir_p2,200,-1.1711029778408475
T1,lookup,dir_p2,220,-2.9040835175001356
T1,lookup,dir_p2,240,-5.098587229166666
T1,lookup,dir_p2,260,-7.200640215277779
T1,lookup,dir_p2,280,-10.009093302083334
T1,lookup,dir_p2,300,-12.267763097222222
T1,lookup,dir_p2,320,-15.012256359375002
T1,lookup,dir_p2,340,-17.305623949652777
T1,lookup,dir_p2,360,-18.776410524305557
T1,lookup,dir_p2,380,-20.344048309027777
T1,lookup,dir_p2,400,-20.263008375000002
T1,lookup,dir_p2,420,-20.36206769097222
T1,lookup,dir_p2,440,-19.017351869791668
T1,lookup,dir_p2,460,-15.642809147569446
T1,lookup,dir_p2,480,-12.460921522569445
T1,lookup,dir_p2,500,-10.670004473958334
T1,lookup,dir_p2,520,-5.501255477430556
T1,lookup,dir_p2,540,-3.9723809635416667
T1,lookup,dir_p2,560,-1.0035839739583332
T1,lookup,dir_p2,580,-3.3949756927083334
T1,lookup,dir_p2,600,-6.193035632393731
T1,lookup,dir_p2,620,2.6901927808007127
T1,lookup,dir_p2,640,13.096813829411825
T1,lookup,dir_p2,660,15.50850430510627
T1,lookup,dir_p2,680,17.889814530800713
T1,lookup,dir_p2,700,23.23965350649516
T1,lookup,dir_p2,720,24.42176116621738
T1,lookup,dir_p2,740,27.738130287745157
T1,lookup,dir_p2,760,32.95701905163405
T1,lookup,dir_p2,780,37.862899489134044
T1,lookup,dir_p2,800,40.97931984805977
T1,lookup,dir_p2,820,47.29899673000421
T1,lookup,dir_p2,840,53.47758770222644
T1,lookup,dir_p2,860,63.62706185847644
T1,lookup,dir_p2,880,67.12943831680977
T1,lookup,dir_p2,900,69.28883006680977
T1,lookup,dir_p2,920,73.73650920569865
T1,lookup,dir_p2,940,74.07722719528199
T1,lookup,dir_p2,960,78.28607185674032
T1,lookup,dir_p2,980,79.95187420396253
T1,lookup,dir_p2,1000,78.74057962191604
T1,lookup,dir_p2,1020,76.87886158372159
T1,lookup,dir_p2,1040,76.30853858892992
T1,lookup,dir_p2,1060,83.82628943267993
T1,lookup,dir_p2,1080,92.64770022087437
T1,lookup,dir_p2,1100,95.29028656115214
T1,lookup,dir_p2,1120,98.2052071792077
T1,lookup,dir_p2,1140,95.77575632156882
T1,lookup,dir_p2,1160,96.7288727417077
T1,lookup,dir_p2,1180,100.20330527642993
T1,lookup,dir_p2,1200,103.94187706938342
T1,lookup,dir_p2,1220,105.16393935410565
T1,lookup,dir_p2,1240,104.41415646695286
T1,lookup,dir_p2,1260,104.3872664079251
T1,lookup,dir_p2,1280,104.54711330289037
T1,lookup,dir_p2,1300,101.79714495045981
T1,lookup,dir_p2,1320,101.57211367355009
T1,lookup,dir_p2,1340,102.51049986799453
T1,lookup,dir_p2,1360,104.2010997673001
T1,lookup,dir_p2,1380,102.52253729160564
T1,lookup,dir_p2,1400,101.11093789750842
T1,lookup,dir_p2,1420,100.72183903900147
T1,lookup,dir_p2,1440,100.75185030115426
T1,lookup,dir_p2,1460,102.04077681677924
T1,lookup,dir_p2,1480,103.84467100775149
T1,lookup,dir_p2,1500,104.90047964143204
T1,lookup,dir_p2,1520,105.98263216052925
T1,lookup,dir_p2,1540,107.63599076990427
T1,lookup,dir_p2,1560,107.12834748691814
T1,lookup,dir_p2,1580,108.38986100775148
T1,lookup,dir_p2,1600,108.3592626362237
T1,lookup,dir_p2,1620,107.81545698344593
T1,lookup,dir_p2,1640,110.58353632545982
T1,lookup,dir_p2,1660,113.48828943136259
T1,lookup,dir_p2,1680,117.25434729768205
T1,lookup,dir_p2,1700,117.34351016400147
T1,lookup,dir_p2,1720,118.55886466400148
T1,lookup,dir_p2,1740,119.63910392528621
T1,lookup,dir_p2,1760,123.20024250514732
T1,lookup,dir_p2,1780,125.45398735670982
T1,lookup,dir_p2,1800,123.64201425254313
T1,lookup,dir_p2,1820,124.11900635150148
T1,lookup,dir_p2,1840,124.12178548518203
T1,lookup,dir_p2,1860,122.63869798170981
T1,lookup,dir_p2,1880,121.2203337534112
T1,lookup,dir_p2,1900,121.17810567528619
T1,lookup,dir_p2,1920,122.02834131938343
T1,lookup,dir_p2,1940,123.0710918237237
T1,lookup,dir_p2,1960,121.84702421608482
T1,lookup,dir_p2,1980,120.37198395740425
T1,lookup,dir_p2,2000,118.91894858761258
T1,lookup,dir_p2,2020,118.98512098518204
T1,lookup,dir_p2,2040,117.77047237754314
T1,lookup,dir_p2,2060,118.24642195219592
T1,lookup,dir_p2,2080,118.23435725427926
T1,lookup,dir_p2,2100,118.5552088159112
T1,lookup,dir_p2,2120,118.66845337754314
T1,lookup,dir_p2,2140,119.00597336365425
T1,lookup,dir_p2,2160,121.14824089664036
T1,lookup,dir_p2,2180,123.31099516920982
T1,lookup,dir_p2,2200,125.4571552924737
T1,lookup,dir_p2,2220,127.49628562407091
T1,lookup,dir_p2,2240,130.40145813709177
T1,lookup,dir_p2,2260,134.1670528627862
T1,lookup,dir_p2,2280,134.4766791145223
T1,MPC,dir_p5,0,0.0
T1,MPC,dir_p5,20,0.0
T1,MPC,dir_p5,40,0.0
T1,MPC,dir_p5,60,0.0
T1,MPC,dir_p5,80,0.0
T1,MPC,dir_p5,100,0.0
T1,MPC,dir_p5,120,0.0
T1,MPC,dir_p5,140,0.0
T1,MPC,dir_p5,160,0.0
T1,MPC,dir_p5,180,0.0
T1,MPC,dir_p5,200,-1.0916305438758003
T1,MPC,dir_p5,220,-1.2706235768619114
T1,MPC,dir_p5,240,-1.306924292139689
T1,MPC,dir_p5,260,-1.2801512973480225
T1,MPC,dir_p5,280,-1.7695285699174668
T1,MPC,dir_p5,300,-2.102976201861911
T1,MPC,dir_p5,320,-2.358938089014689
T1,MPC,dir_p5,340,-2.474004958806356
T1,MPC,dir_p5,360,-2.757887523042467
T1,MPC,dir_p5,380,-3.156761759153578
T1,MPC,dir_p5,400,-4.558677093349881
T1,MPC,dir_p5,420,-4.9977867409193255
T1,MPC,dir_p5,440,-5.191800964877659
T1,MPC,dir_p5,460,-5.418297214877659
T1,MPC,dir_p5,480,-6.559281159322103
T1,MPC,dir_p5,500,-5.289457496127659
T1,MPC,dir_p5,520,-3.5287818676554363
T1,MPC,dir_p5,540,-3.7562437877943253
T1,MPC,dir_p5,560,-2.6025978537665475
T1,MPC,dir_p5,580,-3.975905030849881
T1,MPC,dir_p5,600,-7.264041918474833
T1,MPC,dir_p5,620,-4.602506383752611
T1,MPC,dir_p5,640,-1.3817195920859442
T1,MPC,dir_p5,660,-1.3700788525026109
T1,MPC,dir_p5,680,-2.576141449724833
T1,MPC,dir_p5,700,-0.33165797750261095
T1,MPC,dir_p5,720,-1.6718129566692776
T1,MPC,dir_p5,740,-0.22630339764149943
T1,MPC,dir_p5,760,2.503290831525167
T1,MPC,dir_p5,780,5.1560719391640575
T1,MPC,dir_p5,800,5.151827580321843
T1,MPC,dir_p5,820,8.267691517821843
T1,MPC,dir_p5,840,12.109306113307955
T1,MPC,dir_p5,860,17.128392391085733
T1,MPC,dir_p5,880,18.67791339108573
T1,MPC,dir_p5,900,19.372036861571843
T1,MPC,dir_p5,920,21.886071816432956
T1,MPC,dir_p5,940,23.766809330321845
T1,MPC,dir_p5,960,26.273247717474618
T1,MPC,dir_p5,980,28.691963977891287
T1,MPC,dir_p5,1000,25.739770480634057
T1,MPC,dir_p5,1020,25.252062636884055
T1,MPC,dir_p5,1040,23.04190376709239
T1,MPC,dir_p5,1060,25.22967773931461
T1,MPC,dir_p5,1080,28.307713020564613
T1,MPC,dir_p5,1100,28.95585213167572
T1,MPC,dir_p5,1120,28.924302117786834
T1,MPC,dir_p5,1140,25.544319444175724
T1,MPC,dir_p5,1160,25.986472649036834
T1,MPC,dir_p5,1180,27.722337961536834
T1,MPC,dir_p5,1200,29.40851042091073
T1,MPC,dir_p5,1220,31.38441635667462
T1,MPC,dir_p5,1240,30.83582454243851
T1,MPC,dir_p5,1260,29.686710775077394
T1,MPC,dir_p5,1280,28.447139690876007
T1,MPC,dir_p5,1300,26.537215826292677
T1,MPC,dir_p5,1320,25.547740616223233
T1,MPC,dir_p5,1340,25.442344590181563
T1,MPC,dir_p5,1360,27.29286710233434
T1,MPC,dir_p5,1380,26.631820801119062
T1,MPC,dir_p5,1400,25.894455373931038
T1,MPC,dir_p5,1420,25.304262863514374
T1,MPC,dir_p5,1440,25.551585309694925
T1,MPC,dir_p5,1460,26.792424854833815
T1,MPC,dir_p5,1480,27.213162443375484
T1,MPC,dir_p5,1500,28.410706373931035
T1,MPC,dir_p5,1520,29.587512879139368
T1,MPC,dir_p5,1540,30.752600047542153
T1,MPC,dir_p5,1560,31.26054507879215
T1,MPC,dir_p5,1580,31.72230109788937
T1,MPC,dir_p5,1600,32.08212440494453
T1,MPC,dir_p5,1620,32.14771255077786
T1,MPC,dir_p5,1640,33.62058176431953
T1,MPC,dir_p5,1660,35.228430774736196
T1,MPC,dir_p5,1680,36.58785973480564
T1,MPC,dir_p5,1700,36.03448080945842
T1,MPC,dir_p5,1720,35.707950851125084
T1,MPC,dir_p5,1740,35.797973944007026
T1,MPC,dir_p5,1760,37.6163567999098
T1,MPC,dir_p5,1780,40.11311951431953
T1,MPC,dir_p5,1800,39.40748572490778
T1,MPC,dir_p5,1820,39.84551524053278
T1,MPC,dir_p5,1840,40.69925312942166
T1,MPC,dir_p5,1860,40.87242533862305
T1,MPC,dir_p5,1880,40.259342578206386
T1,MPC,dir_p5,1900,40.016382947998046
T1,MPC,dir_p5,1920,40.695626586886945
T1,MPC,dir_p5,1940,41.81503283081055
T1,MPC,dir_p5,1960,41.14493589851889
T1,MPC,dir_p5,1980,40.38991270060222
T1,MPC,dir_p5,2000,39.217522464491104
T1,MPC,dir_p5,2020,39.230931075602214
T1,MPC,dir_p5,2040,37.90102076831055
T1,MPC,dir_p5,2060,37.59367115459528
T1,MPC,dir_p5,2080,37.57053927612305
T1,MPC,dir_p5,2100,38.33810587421333
T1,MPC,dir_p5,2120,38.405802875081385
T1,MPC,dir_p5,2140,38.442710906331385
T1,MPC,dir_p5,2160,40.09300737334527
T1,MPC,dir_p5,2180,41.02391705216472
T1,MPC,dir_p5,2200,42.078224221435555
T1,MPC,dir_p5,2220,43.67834964417861
T1,MPC,dir_p5,2240,45.59965630824111
T1,MPC,dir_p5,2260,48.62888842456056
T1,MPC,dir_p5,2280,50.58787812247722
T1,lookup,dir_p5,0,0.0
T1,lookup,dir_p5,20,0.0
T1,lookup,dir_p5,40,0.0
T1,lookup,dir_p5,60,0.0
T1,lookup,dir_p5,80,0.0
T1,lookup,dir_p5,100,0.0
T1,lookup,dir_p5,120,0.0
T1,lookup,dir_p5,140,0.0
T1,lookup,dir_p5,160,0.0
T1,lookup,dir_p5,180,0.0
T1,lookup,dir_p5,200,-1.1711029778408475
T1,lookup,dir_p5,220,-2.9040835175001356
T1,lookup,dir_p5,240,-5.098587229166666
T1,lookup,dir_p5,260,-7.200640215277779
T1,lookup,dir_p5,280,-10.009093302083334
T1,lookup,dir_p5,300,-12.267763097222222
T1,lookup,dir_p5,320,-15.012256359375002
T1,lookup,dir_p5,340,-17.305623949652777
T1,lookup,dir_p5,360,-18.776410524305557
T1,lookup,dir_p5,380,-20.344048309027777
T1,lookup,dir_p5,400,-20.263008375000002
T1,lookup,dir_p5,420,-20.36206769097222
T1,lookup,dir_p5,440,-19.017351869791668
T1,lookup,dir_p5,460,-15.642809147569446
T1,lookup,dir_p5,480,-12.460921522569445
T1,lookup,dir_p5,500,-10.670004473958334
T1,lookup,dir_p5,520,-5.501255477430556
T1,lookup,dir_p5,540,-3.9723809635416667
T1,lookup,dir_p5,560,-1.0035839739583332
T1,lookup,dir_p5,580,-3.3949756927083334
T1,lookup,dir_p5,600,-6.193036362847222
T1,lookup,dir_p5,620,2.6901970225694445
T1,lookup,dir_p5,640,13.09682718576389
T1,lookup,dir_p5,660,15.508509258680558
T1,lookup,dir_p5,680,17.889838557291668
T1,lookup,dir_p5,700,23.239719730902777
T1,lookup,dir_p5,720,24.421812657986113
T1,lookup,dir_p5,740,27.73822806076389
T1,lookup,dir_p5,760,32.95708319270833
T1,lookup,dir_p5,780,37.862959682291674
T1,lookup,dir_p5,800,40.97925906076389
T1,lookup,dir_p5,820,47.298807234375005
T1,lookup,dir_p5,840,53.477400744791666
T1,lookup,dir_p5,860,63.62680235243056
T1,lookup,dir_p5,880,67.12905831423612
T1,lookup,dir_p5,900,69.28838934548611
T1,lookup,dir_p5,920,73.73598373090279
T1,lookup,dir_p5,940,74.07672129340278
T1,lookup,dir_p5,960,78.28565362152779
T1,lookup,dir_p5,980,79.95138528125
T1,lookup,dir_p5,1000,78.74006667708333
T1,lookup,dir_p5,1020,76.87832595833333
T1,lookup,dir_p5,1040,76.30795489409724
T1,lookup,dir_p5,1060,83.82584285590278
T1,lookup,dir_p5,1080,92.64729249479169
T1,lookup,dir_p5,1100,95.28999705729167
T1,lookup,dir_p5,1120,98.20499259548612
T1,lookup,dir_p5,1140,95.77556828298611
T1,lookup,dir_p5,1160,96.72867048437502
T1,lookup,dir_p5,1180,100.20317765104168
T1,lookup,dir_p5,1200,103.94168111284723
T1,lookup,dir_p5,1220,105.16365401909722
T1,lookup,dir_p5,1240,104.41390682118056
T1,lookup,dir_p5,1260,104.38709074131945
T1,lookup,dir_p5,1280,104.54686045225695
T1,lookup,dir_p5,1300,101.79692002690973
T1,lookup,dir_p5,1320,101.57187352604167
T1,lookup,dir_p5,1340,102.51026589930557
T1,lookup,dir_p5,1360,104.2008291076389
T1,lookup,dir_p5,1380,102.52228367534724
T1,lookup,dir_p5,1400,101.11070006163195
T1,lookup,dir_p5,1420,100.72163116927084
T1,lookup,dir_p5,1440,100.75169804947917
T1,lookup,dir_p5,1460,102.04052984809027
T1,lookup,dir_p5,1480,103.84427886024307
T1,lookup,dir_p5,1500,104.90007569704862
T1,lookup,dir_p5,1520,105.98216962413196
T1,lookup,dir_p5,1540,107.63544805468752
T1,lookup,dir_p5,1560,107.12773277517361
T1,lookup,dir_p5,1580,108.3891823810764
T1,lookup,dir_p5,1600,108.35856234288195
T1,lookup,dir_p5,1620,107.8147113671875
T1,lookup,dir_p5,1640,110.58282220225695
T1,lookup,dir_p5,1660,113.48756820399306
T1,lookup,dir_p5,1680,117.25362063628474
T1,lookup,dir_p5,1700,117.34280244184029
T1,lookup,dir_p5,1720,118.55812682899307
T1,lookup,dir_p5,1740,119.6383325138889
T1,lookup,dir_p5,1760,123.1994592951389
T1,lookup,dir_p5,1780,125.45321766059028
T1,lookup,dir_p5,1800,123.64128874739583
T1,lookup,dir_p5,1820,124.11833238454862
T1,lookup,dir_p5,1840,124.12112837413196
T1,lookup,dir_p5,1860,122.63810107378472
T1,lookup,dir_p5,1880,121.2197360295139
T1,lookup,dir_p5,1900,121.17751484201389
T1,lookup,dir_p5,1920,122.02766963194445
T1,lookup,dir_p5,1940,123.07040084635416
T1,lookup,dir_p5,1960,121.84627127170138
T1,lookup,dir_p5,1980,120.37121526128473
T1,lookup,dir_p5,2000,118.9181505078125
T1,lookup,dir_p5,2020,118.98426643489584
T1,lookup,dir_p5,2040,117.76960646440973
T1,lookup,dir_p5,2060,118.24556467447917
T1,lookup,dir_p5,2080,118.2334908046875
T1,lookup,dir_p5,2100,118.55442030555557
T1,lookup,dir_p5,2120,118.66765701822916
T1,lookup,dir_p5,2140,119.00510329253473
T1,lookup,dir_p5,2160,121.14732274739583
T1,lookup,dir_p5,2180,123.31005407204862
T1,lookup,dir_p5,2200,125.45619275260417
T1,lookup,dir_p5,2220,127.49532748003472
T1,lookup,dir_p5,2240,130.40049288368056
T1,lookup,dir_p5,2260,134.16602966145834
T1,lookup,dir_p5,2280,134.4756960642361
T1,MPC,speed_m5,0,0.0
T1,MPC,speed_m5,20,0.0
T1,MPC,speed_m5,40,0.0
T1,MPC,speed_m5,60,0.0
T1,MPC,speed_m5,80,0.0
T1,MPC,speed_m5,100,0.0
T1,MPC,speed_m5,120,0.0
T1,MPC,speed_m5,140,0.0
T1,MPC,speed_m5,160,0.0
T1,MPC,speed_m5,180,0.0
T1,MPC,speed_m5,200,-0.6741627500330077
T1,MPC,speed_m5,220,-0.7279551441302299
T1,MPC,speed_m5,240,-0.7816016684357855
T1,MPC,speed_m5,260,-0.8235649809357855
T1,MPC,speed_m5,280,-1.0245200625330078
T1,MPC,speed_m5,300,-1.1967277882274523
T1,MPC,speed_m5,320,-1.3830125538524523
T1,MPC,speed_m5,340,-1.4167439132274522
T1,MPC,speed_m5,360,-1.5228905017691188
T1,MPC,speed_m5,380,-1.6645901962135634
T1,MPC,speed_m5,400,-2.62214139148389
T1,MPC,speed_m5,420,-2.7069777178727783
T1,MPC,speed_m5,440,-2.6237501675255563
T1,MPC,speed_m5,460,-2.1601519071088897
T1,MPC,speed_m5,480,-2.0155851605811117
T1,MPC,speed_m5,500,-1.017880025164445
T1,MPC,speed_m5,520,-0.5233820008588896
T1,MPC,speed_m5,540,-0.7436882821088896
T1,MPC,speed_m5,560,0.7248760165022217
T1,MPC,speed_m5,580,0.14697233941888843
T1,MPC,speed_m5,600,-3.168020339940177
T1,MPC,speed_m5,620,-2.2497412045235103
T1,MPC,speed_m5,640,0.5923448058931564
T1,MPC,speed_m5,660,3.361909222559823
T1,MPC,speed_m5,680,4.399104448254268
T1,MPC,speed_m5,700,6.65171392047649
T1,MPC,speed_m5,720,6.308873392698712
T1,MPC,speed_m5,740,8.800624205198712
T1,MPC,speed_m5,760,13.743176385754268
T1,MPC,speed_m5,780,17.37462837186538
T1,MPC,speed_m5,800,18.059610908783043
T1,MPC,speed_m5,820,21.15413807544971
T1,MPC,speed_m5,840,25.801407804616375
T1,MPC,speed_m5,860,29.12661725600526
T1,MPC,speed_m5,880,28.13240317267193
T1,MPC,speed_m5,900,31.290466700449706
T1,MPC,speed_m5,920,32.8869678237136
T1,MPC,speed_m5,940,32.45384490010248
T1,MPC,speed_m5,960,32.31880746781082
T1,MPC,speed_m5,980,33.71560600600526
T1,MPC,speed_m5,1000,35.56697176904128
T1,MPC,speed_m5,1020,36.43001138362461
T1,MPC,speed_m5,1040,36.151309687444055
T1,MPC,speed_m5,1060,42.84131792702738
T1,MPC,speed_m5,1080,50.57730909716628
T1,MPC,speed_m5,1100,50.885850506888495
T1,MPC,speed_m5,1120,51.01169069265239
T1,MPC,speed_m5,1140,51.4704748975135
T1,MPC,speed_m5,1160,51.90683973431905
T1,MPC,speed_m5,1180,53.65975637320794
T1,MPC,speed_m5,1200,55.36239172648695
T1,MPC,speed_m5,1220,57.95249013447306
T1,MPC,speed_m5,1240,58.861519242111946
T1,MPC,speed_m5,1260,60.128982315028615
T1,MPC,speed_m5,1280,59.52435957544529
T1,MPC,speed_m5,1300,57.65695332110501
T1,MPC,speed_m5,1320,57.264455633605
T1,MPC,speed_m5,1340,56.599626407910556
T1,MPC,speed_m5,1360,57.47449553291056
T1,MPC,speed_m5,1380,58.036145830653616
T1,MPC,speed_m5,1400,57.057532631142614
T1,MPC,speed_m5,1420,56.830059433225955
T1,MPC,speed_m5,1440,57.097516860309284
T1,MPC,speed_m5,1460,58.22133080822595
T1,MPC,speed_m5,1480,58.4495578464204
T1,MPC,speed_m5,1500,58.97208027350373
T1,MPC,speed_m5,1520,59.916763908920394
T1,MPC,speed_m5,1540,61.099902752670396
T1,MPC,speed_m5,1560,61.36573481517039
T1,MPC,speed_m5,1580,61.678543683225946
T1,MPC,speed_m5,1600,62.676061421383274
T1,MPC,speed_m5,1620,63.11092239534161
T1,MPC,speed_m5,1640,63.89049639707772
T1,MPC,speed_m5,1660,65.48041124256383
T1,MPC,speed_m5,1680,67.03445474950828
T1,MPC,speed_m5,1700,66.6610190168694
T1,MPC,speed_m5,1720,66.35782453249439
T1,MPC,speed_m5,1740,66.85217850558467
T1,MPC,speed_m5,1760,67.9452278684319
T1,MPC,speed_m5,1780,68.6130188293694
T1,MPC,speed_m5,1800,67.2346218701015
T1,MPC,speed_m5,1820,66.6810494308654
T1,MPC,speed_m5,1840,66.30747486315707
T1,MPC,speed_m5,1860,66.8918616339904
T1,MPC,speed_m5,1880,67.3071434074279
T1,MPC,speed_m5,1900,66.31669836142095
T1,MPC,speed_m5,1920,66.22122748468485
T1,MPC,speed_m5,1940,66.02963326767095
T1,MPC,speed_m5,1960,65.84959156454595
T1,MPC,speed_m5,1980,65.03373306280983
T1,MPC,speed_m5,2000,64.3391558683654
T1,MPC,speed_m5,2020,64.38994556454595
T1,MPC,speed_m5,2040,64.45868470864318
T1,MPC,speed_m5,2060,64.64864838225428
T1,MPC,speed_m5,2080,65.31380217218484
T1,MPC,speed_m5,2100,65.81150090482373
T1,MPC,speed_m5,2120,64.74033456020567
T1,MPC,speed_m5,2140,64.24099563312234
T1,MPC,speed_m5,2160,66.42861953937233
T1,MPC,speed_m5,2180,67.80666703937234
T1,MPC,speed_m5,2200,68.60952163485845
T1,MPC,speed_m5,2220,70.05614985534456
T1,MPC,speed_m5,2240,71.42914406628206
T1,MPC,speed_m5,2260,72.81332665308761
T1,MPC,speed_m5,2280,73.79605225899039
T1,lookup,speed_m5,0,0.0
T1,lookup,speed_m5,20,0.0
T1,lookup,speed_m5,40,0.0
T1,lookup,speed_m5,60,0.0
T1,lookup,speed_m5,80,0.0
T1,lookup,speed_m5,100,0.0
T1,lookup,speed_m5,120,0.0
T1,lookup,speed_m5,140,0.0
T1,lookup,speed_m5,160,0.0
T1,lookup,speed_m5,180,0.0
T1,lookup,speed_m5,200,-1.1711029778408475
T1,lookup,speed_m5,220,-2.9040835175001356
T1,lookup,speed_m5,240,-5.098587229166666
T1,lookup,speed_m5,260,-7.200640215277779
T1,lookup,speed_m5,280,-10.009093302083334
T1,lookup,speed_m5,300,-12.267763097222222
T1,lookup,speed_m5,320,-15.012256359375002
T1,lookup,speed_m5,340,-17.305623949652777
T1,lookup,speed_m5,360,-18.776410524305557
T1,lookup,speed_m5,380,-20.344048309027777
T1,lookup,speed_m5,400,-20.263008375000002
T1,lookup,speed_m5,420,-20.36206769097222
T1,lookup,speed_m5,440,-19.017351869791668
T1,lookup,speed_m5,460,-15.642809147569446
T1,lookup,speed_m5,480,-12.460921522569445
T1,lookup,speed_m5,500,-10.670004473958334
T1,lookup,speed_m5,520,-5.501255477430556
T1,lookup,speed_m5,540,-3.9723809635416667
T1,lookup,speed_m5,560,-1.0035839739583332
T1,lookup,speed_m5,580,-3.3949756927083334
T1,lookup,speed_m5,600,-6.193036362847222
T1,lookup,speed_m5,620,2.6901970225694445
T1,lookup,speed_m5,640,13.09682718576389
T1,lookup,speed_m5,660,15.508509258680558
T1,lookup,speed_m5,680,17.889838557291668
T1,lookup,speed_m5,700,23.239719730902777
T1,lookup,speed_m5,720,24.421812657986113
T1,lookup,speed_m5,740,27.73822806076389
T1,lookup,speed_m5,760,32.95708319270833
T1,lookup,speed_m5,780,37.862959682291674
T1,lookup,speed_m5,800,40.97925906076389
T1,lookup,speed_m5,820,47.298807234375005
T1,lookup,speed_m5,840,53.477400744791666
T1,lookup,speed_m5,860,63.62680235243056
T1,lookup,speed_m5,880,67.12905831423612
T1,lookup,speed_m5,900,69.28838934548611
T1,lookup,speed_m5,920,73.73598373090279
T1,lookup,speed_m5,940,74.07672129340278
T1,lookup,speed_m5,960,78.28565362152779
T1,lookup,speed_m5,980,79.95138528125
T1,lookup,speed_m5,1000,78.74006667708333
T1,lookup,speed_m5,1020,76.87832595833333
T1,lookup,speed_m5,1040,76.30795489409724
T1,lookup,speed_m5,1060,83.82584285590278
T1,lookup,speed_m5,1080,92.64729249479169
T1,lookup,speed_m5,1100,95.28999705729167
T1,lookup,speed_m5,1120,98.20499259548612
T1,lookup,speed_m5,1140,95.77556828298611
T1,lookup,speed_m5,1160,96.72867048437502
T1,lookup,speed_m5,1180,100.20317765104168
T1,lookup,speed_m5,1200,103.94168111284723
T1,lookup,speed_m5,1220,105.16365401909722
T1,lookup,speed_m5,1240,104.41390682118056
T1,lookup,speed_m5,1260,104.38709074131945
T1,lookup,speed_m5,1280,104.54686045225695
T1,lookup,speed_m5,1300,101.79692002690973
T1,lookup,speed_m5,1320,101.57187352604167
T1,lookup,speed_m5,1340,102.51026589930557
T1,lookup,speed_m5,1360,104.2008291076389
T1,lookup,speed_m5,1380,102.52228367534724
T1,lookup,speed_m5,1400,101.11070006163195
T1,lookup,speed_m5,1420,100.72163116927084
T1,lookup,speed_m5,1440,100.75169804947917
T1,lookup,speed_m5,1460,102.04052984809027
T1,lookup,speed_m5,1480,103.84427886024307
T1,lookup,speed_m5,1500,104.90007569704862
T1,lookup,speed_m5,1520,105.98216962413196
T1,lookup,speed_m5,1540,107.63544805468752
T1,lookup,speed_m5,1560,107.12773277517361
T1,lookup,speed_m5,1580,108.3891823810764
T1,lookup,speed_m5,1600,108.35856234288195
T1,lookup,speed_m5,1620,107.8147113671875
T1,lookup,speed_m5,1640,110.58282220225695
T1,lookup,speed_m5,1660,113.48756820399306
T1,lookup,speed_m5,1680,117.25362063628474
T1,lookup,speed_m5,1700,117.34280244184029
T1,lookup,speed_m5,1720,118.55812682899307
T1,lookup,speed_m5,1740,119.6383325138889
T1,lookup,speed_m5,1760,123.1994592951389
T1,lookup,speed_m5,1780,125.45321766059028
T1,lookup,speed_m5,1800,123.64128874739583
T1,lookup,speed_m5,1820,124.11833238454862
T1,lookup,speed_m5,1840,124.12112837413196
T1,lookup,speed_m5,1860,122.63810107378472
T1,lookup,speed_m5,1880,121.2197360295139
T1,lookup,speed_m5,1900,121.17751484201389
T1,lookup,speed_m5,1920,122.02766963194445
T1,lookup,speed_m5,1940,123.07040084635416
T1,lookup,speed_m5,1960,121.84627127170138
T1,lookup,speed_m5,1980,120.37121526128473
T1,lookup,speed_m5,2000,118.9181505078125
T1,lookup,speed_m5,2020,118.98426643489584
T1,lookup,speed_m5,2040,117.76960646440973
T1,lookup,speed_m5,2060,118.24556467447917
T1,lookup,speed_m5,2080,118.2334908046875
T1,lookup,speed_m5,2100,118.55442030555557
T1,lookup,speed_m5,2120,118.66765701822916
T1,lookup,speed_m5,2140,119.00510329253473
T1,lookup,speed_m5,2160,121.14732274739583
T1,lookup,speed_m5,2180,123.31005407204862
T1,lookup,speed_m5,2200,125.45619275260417
T1,lookup,speed_m5,2220,127.49532748003472
T1,lookup,speed_m5,2240,130.40049288368056
T1,lookup,speed_m5,2260,134.16602966145834
T1,lookup,speed_m5,2280,134.4756960642361
T1,MPC,speed_p5,0,0.0
T1,MPC,speed_p5,20,0.0
T1,MPC,speed_p5,40,0.0
T1,MPC,speed_p5,60,0.0
T1,MPC,speed_p5,80,0.0
T1,MPC,speed_p5,100,0.0
T1,MPC,speed_p5,120,0.0
T1,MPC,speed_p5,140,0.0
T1,MPC,speed_p5,160,0.0
T1,MPC,speed_p5,180,0.0
T1,MPC,speed_p5,200,-0.7814031322155529
T1,MPC,speed_p5,220,-0.8774616964516639
T1,MPC,speed_p5,240,-1.072167510687775
T1,MPC,speed_p5,260,-1.2732777155488861
T1,MPC,speed_p5,280,-1.4766719221461084
T1,MPC,speed_p5,300,-1.634127460340553
T1,MPC,speed_p5,320,-1.7832602051322195
T1,MPC,speed_p5,340,-1.5644963162433307
T1,MPC,speed_p5,360,-1.258102524576664
T1,MPC,speed_p5,380,-1.3379259846461085
T1,MPC,speed_p5,400,-2.494641107737753
T1,MPC,speed_p5,420,-2.6978774410710864
T1,MPC,speed_p5,440,-2.4136920191960867
T1,MPC,speed_p5,460,-1.7732485053071976
T1,MPC,speed_p5,480,-1.5848645955849754
T1,MPC,speed_p5,500,-0.7124643108627531
T1,MPC,speed_p5,520,-0.8712785087794197
T1,MPC,speed_p5,540,-1.2254752310016421
T1,MPC,speed_p5,560,0.584618203026136
T1,MPC,speed_p5,580,1.090536015526136
T1,MPC,speed_p5,600,-1.8320146961525812
T1,MPC,speed_p5,620,-2.7732021336525814
T1,MPC,speed_p5,640,-1.2566697135136922
T1,MPC,speed_p5,660,0.9349882830140859
T1,MPC,speed_p5,680,3.367542078152974
T1,MPC,speed_p5,700,5.63373463370853
T1,MPC,speed_p5,720,5.576957519125197
T1,MPC,speed_p5,740,8.692837432319642
T1,MPC,speed_p5,760,12.633642307319642
T1,MPC,speed_p5,780,15.388326203152976
T1,MPC,speed_p5,800,16.551941293637434
T1,MPC,speed_p5,820,22.750639574887437
T1,MPC,speed_p5,840,28.976741074887435
T1,MPC,speed_p5,860,33.157403755443
T1,MPC,speed_p5,880,33.25575132141522
T1,MPC,speed_p5,900,37.222539130442996
T1,MPC,speed_p5,920,38.32039420683188
T1,MPC,speed_p5,940,36.55541613738744
T1,MPC,speed_p5,960,34.71996150197077
T1,MPC,speed_p5,980,34.69157321724855
T1,MPC,speed_p5,1000,35.72759105267207
T1,MPC,speed_p5,1020,36.32760527836651
T1,MPC,speed_p5,1040,35.15143539294985
T1,MPC,speed_p5,1060,40.95979496933873
T1,MPC,speed_p5,1080,48.17242076794985
T1,MPC,speed_p5,1100,48.65357298322763
T1,MPC,speed_p5,1120,49.67739951447763
T1,MPC,speed_p5,1140,49.86207461517208
T1,MPC,speed_p5,1160,50.73074945197763
T1,MPC,speed_p5,1180,52.91153432350541
T1,MPC,speed_p5,1200,54.693437097280615
T1,MPC,speed_p5,1220,57.05538600873894
T1,MPC,speed_p5,1240,58.58664668235006
T1,MPC,speed_p5,1260,60.44471636464172
T1,MPC,speed_p5,1280,60.69075348182922
T1,MPC,speed_p5,1300,59.68996184207228
T1,MPC,speed_p5,1320,59.35667599658617
T1,MPC,speed_p5,1340,58.70699156776673
T1,MPC,speed_p5,1360,58.295714545197285
T1,MPC,speed_p5,1380,58.368715708391726
T1,MPC,speed_p5,1400,57.67445620029365
T1,MPC,speed_p5,1420,57.353662633453375
T1,MPC,speed_p5,1440,58.011872260189485
T1,MPC,speed_p5,1460,58.732028668175595
T1,MPC,speed_p5,1480,58.67754158831448
T1,MPC,speed_p5,1500,58.903419536231155
T1,MPC,speed_p5,1520,59.632580824425595
T1,MPC,speed_p5,1540,60.394431432064486
T1,MPC,speed_p5,1560,60.871801241092264
T1,MPC,speed_p5,1580,61.46171653970338
T1,MPC,speed_p5,1600,62.04802334210831
T1,MPC,speed_p5,1620,62.10904979870553
T1,MPC,speed_p5,1640,62.37352977439997
T1,MPC,speed_p5,1660,63.58206201224719
T1,MPC,speed_p5,1680,64.60817422405276
T1,MPC,speed_p5,1700,64.12499456780274
T1,MPC,speed_p5,1720,63.70517582735137
T1,MPC,speed_p5,1740,63.89840870842775
T1,MPC,speed_p5,1760,64.5621246216222
T1,MPC,speed_p5,1780,65.27029508516387
T1,MPC,speed_p5,1800,64.31805121649468
T1,MPC,speed_p5,1820,64.1819251730919
T1,MPC,speed_p5,1840,63.63687608802245
T1,MPC,speed_p5,1860,64.0789300107655
T1,MPC,speed_p5,1880,64.6394689482655
T1,MPC,speed_p5,1900,64.14270209757106
T1,MPC,speed_p5,1920,64.15050975555718
T1,MPC,speed_p5,1940,64.13119254895996
T1,MPC,speed_p5,1960,64.12714193611272
T1,MPC,speed_p5,1980,63.55957564097385
T1,MPC,speed_p5,2000,63.097434380557175
T1,MPC,speed_p5,2020,62.8948851670155
T1,MPC,speed_p5,2040,62.955179396182174
T1,MPC,speed_p5,2060,63.38512877465439
T1,MPC,speed_p5,2080,64.30660858541829
T1,MPC,speed_p5,2100,64.86829601250162
T1,MPC,speed_p5,2120,64.6663612763905
T1,MPC,speed_p5,2140,64.71745668784884
T1,MPC,speed_p5,2160,66.3396214309044
T1,MPC,speed_p5,2180,67.1571594795155
T1,MPC,speed_p5,2200,67.4027059013905
T1,MPC,speed_p5,2220,68.30634331458495
T1,MPC,speed_p5,2240,69.62997611580023
T1,MPC,speed_p5,2260,70.73423619392523
T1,MPC,speed_p5,2280,71.84209666614744
T1,lookup,speed_p5,0,0.0
T1,lookup,speed_p5,20,0.0
T1,lookup,speed_p5,40,0.0
T1,lookup,speed_p5,60,0.0
T1,lookup,speed_p5,80,0.0
T1,lookup,speed_p5,100,0.0
T1,lookup,speed_p5,120,0.0
T1,lookup,speed_p5,140,0.0
T1,lookup,speed_p5,160,0.0
T1,lookup,speed_p5,180,0.0
T1,lookup,speed_p5,200,-1.1711029778408475
T1,lookup,speed_p5,220,-2.9040835175001356
T1,lookup,speed_p5,240,-5.098587229166666
T1,lookup,speed_p5,260,-7.200640215277779
T1,lookup,speed_p5,280,-10.009093302083334
T1,lookup,speed_p5,300,-12.267763097222222
T1,lookup,speed_p5,320,-15.012256359375002
T1,lookup,speed_p5,340,-17.305623949652777
T1,lookup,speed_p5,360,-18.776410524305557
T1,lookup,speed_p5,380,-20.344048309027777
T1,lookup,speed_p5,400,-20.263008375000002
T1,lookup,speed_p5,420,-20.36206769097222
T1,lookup,speed_p5,440,-19.017351869791668
T1,lookup,speed_p5,460,-15.642809147569446
T1,lookup,speed_p5,480,-12.460921522569445
T1,lookup,speed_p5,500,-10.670004473958334
T1,lookup,speed_p5,520,-5.501255477430556
T1,lookup,speed_p5,540,-3.9723809635416667
T1,lookup,speed_p5,560,-1.0035839739583332
T1,lookup,speed_p5,580,-3.3949756927083334
T1,lookup,speed_p5,600,-6.929220147957697
T1,lookup,speed_p5,620,1.2939971332923044
T1,lookup,speed_p5,640,11.223209789542306
T1,lookup,speed_p5,660,13.161039744403416
T1,lookup,speed_p5,680,15.238603827736751
T1,lookup,speed_p5,700,20.929796595097862
T1,lookup,speed_p5,720,21.937930709681194
T1,lookup,speed_p5,740,25.253334431903415
T1,lookup,speed_p5,760,30.533597650653416
T1,lookup,speed_p5,780,35.4159658659312
T1,lookup,speed_p5,800,39.11641445351325
T1,lookup,speed_p5,820,45.86013996740214
T1,lookup,speed_p5,840,52.055414540318814
T1,lookup,speed_p5,860,62.5510727729577
T1,lookup,speed_p5,880,65.96839612017993
T1,lookup,speed_p5,900,68.36305250559658
T1,lookup,speed_p5,920,73.56290031462436
T1,lookup,speed_p5,940,74.19167624170771
T1,lookup,speed_p5,960,78.57608212538825
T1,lookup,speed_p5,980,79.90541698649936
T1,lookup,speed_p5,1000,78.54195908102587
T1,lookup,speed_p5,1020,76.48331829630365
T1,lookup,speed_p5,1040,75.8446527737342
T1,lookup,speed_p5,1060,83.67686336053976
T1,lookup,speed_p5,1080,92.38063949248419
T1,lookup,speed_p5,1100,94.77621153067865
T1,lookup,speed_p5,1120,97.74709432234532
T1,lookup,speed_p5,1140,95.34439095081753
T1,lookup,speed_p5,1160,96.3591970688731
T1,lookup,speed_p5,1180,100.01093179803976
T1,lookup,speed_p5,1200,103.90503539487374
T1,lookup,speed_p5,1220,105.15176304591539
T1,lookup,speed_p5,1240,104.68414288445706
T1,lookup,speed_p5,1260,104.91409275772094
T1,lookup,speed_p5,1280,105.46320359192234
T1,lookup,speed_p5,1300,102.94122245650567
T1,lookup,speed_p5,1320,102.75327445563761
T1,lookup,speed_p5,1340,103.77365880806816
T1,lookup,speed_p5,1360,105.38798976119317
T1,lookup,speed_p5,1380,103.60926563966538
T1,lookup,speed_p5,1400,102.18378038272095
T1,lookup,speed_p5,1420,101.86831790702651
T1,lookup,speed_p5,1440,101.94302986709594
T1,lookup,speed_p5,1460,103.22026556848485
T1,lookup,speed_p5,1480,105.02840742265151
T1,lookup,speed_p5,1500,106.09090335320705
T1,lookup,speed_p5,1520,107.17273913098484
T1,lookup,speed_p5,1540,108.82551369001263
T1,lookup,speed_p5,1560,108.31858188619317
T1,lookup,speed_p5,1580,109.58092452681818
T1,lookup,speed_p5,1600,109.55243178549873
T1,lookup,speed_p5,1620,109.00964473688761
T1,lookup,speed_p5,1640,111.7773367507765
T1,lookup,speed_p5,1660,114.68197304765151
T1,lookup,speed_p5,1680,118.44776135147094
T1,lookup,speed_p5,1700,118.53677555459595
T1,lookup,speed_p5,1720,119.7520837334154
T1,lookup,speed_p5,1740,120.83229319956124
T1,lookup,speed_p5,1760,124.393369008589
T1,lookup,speed_p5,1780,126.64694621084594
T1,lookup,speed_p5,1800,124.83510842612372
T1,lookup,speed_p5,1820,125.31223737056818
T1,lookup,speed_p5,1840,125.31505418133206
T1,lookup,speed_p5,1860,123.83207075338066
T1,lookup,speed_p5,1880,122.41375891397095
T1,lookup,speed_p5,1900,122.37147752855428
T1,lookup,speed_p5,1920,123.22164550772095
T1,lookup,speed_p5,1940,124.26443476553345
T1,lookup,speed_p5,1960,123.04026628636677
T1,lookup,speed_p5,1980,121.56517597039456
T1,lookup,speed_p5,2000,120.11216754851957
T1,lookup,speed_p5,2020,120.17832177595012
T1,lookup,speed_p5,2040,118.96371406414455
T1,lookup,speed_p5,2060,119.43971472039456
T1,lookup,speed_p5,2080,119.42764527595011
T1,lookup,speed_p5,2100,119.74849476987373
T1,lookup,speed_p5,2120,119.86170647213068
T1,lookup,speed_p5,2140,120.19921490789456
T1,lookup,speed_p5,2160,122.34143350511678
T1,lookup,speed_p5,2180,124.50415524470012
T1,lookup,speed_p5,2200,126.65027290529038
T1,lookup,speed_p5,2220,128.6893568861932
T1,lookup,speed_p5,2240,131.59455644435292
T1,lookup,speed_p5,2260,135.3601826440057
T1,lookup,speed_p5,2280,135.66987824643624
T2,MPC,dir_m5,0,0.0
T2,MPC,dir_m5,20,0.0
T2,MPC,dir_m5,40,0.0
T2,MPC,dir_m5,60,0.0
T2,MPC,dir_m5,80,0.0
T2,MPC,dir_m5,100,0.0
T2,MPC,dir_m5,120,0.0
T2,MPC,dir_m5,140,0.0
T2,MPC,dir_m5,160,0.0
T2,MPC,dir_m5,180,0.0
T2,MPC,dir_m5,200,-1.1978216690131294
T2,MPC,dir_m5,220,-1.7890615023464627
T2,MPC,dir_m5,240,-2.0251130752631292
T2,MPC,dir_m5,260,-2.2965003547770184
T2,MPC,dir_m5,280,-2.5061075943603517
T2,MPC,dir_m5,300,-2.900201300957574
T2,MPC,dir_m5,320,-2.829235240193685
T2,MPC,dir_m5,340,-2.451913978040907
T2,MPC,dir_m5,360,-2.6237583096381294
T2,MPC,dir_m5,380,-3.2133896846381296
T2,MPC,dir_m5,400,-4.3126250659039815
T2,MPC,dir_m5,420,-4.554866453056759
T2,MPC,dir_m5,440,-4.453060522501204
T2,MPC,dir_m5,460,-5.152122168334538
T2,MPC,dir_m5,480,-5.771124939167871
T2,MPC,dir_m5,500,-6.169715267292871
T2,MPC,dir_m5,520,-7.064401111042871
T2,MPC,dir_m5,540,-6.880393845417871
T2,MPC,dir_m5,560,-7.293388072848426
T2,MPC,dir_m5,580,-7.4078118610428705
T2,MPC,dir_m5,600,-10.12218627699958
T2,MPC,dir_m5,620,-10.577529410680135
T2,MPC,dir_m5,640,-12.940302176305135
T2,MPC,dir_m5,660,-15.864630858596803
T2,MPC,dir_m5,680,-17.119445586027357
T2,MPC,dir_m5,700,-17.672291731860692
T2,MPC,dir_m5,720,-16.12362122838847
T2,MPC,dir_m5,740,-15.243449023527358
T2,MPC,dir_m5,760,-15.906632943666246
T2,MPC,dir_m5,780,-17.00556779088847
T2,MPC,dir_m5,800,-20.22371699570211
T2,MPC,dir_m5,820,-22.87175715195211
T2,MPC,dir_m5,840,-25.485036627646554
T2,MPC,dir_m5,860,-26.774783943618775
T2,MPC,dir_m5,880,-28.757081158896554
T2,MPC,dir_m5,900,-30.16193766236878
T2,MPC,dir_m5,920,-31.670030693618777
T2,MPC,dir_m5,940,-31.34396115889655
T2,MPC,dir_m5,960,-31.547247502646556
T2,MPC,dir_m5,980,-30.38471121792433
T2,MPC,dir_m5,1000,-31.527515420381334
T2,MPC,dir_m5,1020,-34.73514101760356
T2,MPC,dir_m5,1040,-37.580499837048
T2,MPC,dir_m5,1060,-38.451775114825786
T2,MPC,dir_m5,1080,-39.47139403149245
T2,MPC,dir_m5,1100,-40.80651950024245
T2,MPC,dir_m5,1120,-43.09007374677022
T2,MPC,dir_m5,1140,-45.707698979409116
T2,MPC,dir_m5,1160,-49.622915621770225
T2,MPC,dir_m5,1180,-53.02665939260356
T2,MPC,dir_m5,1200,-55.73767843883303
T2,MPC,dir_m5,1220,-56.5225319179997
T2,MPC,dir_m5,1240,-55.19245410202747
T2,MPC,dir_m5,1260,-53.55395886591637
T2,MPC,dir_m5,1280,-54.727383424944136
T2,MPC,dir_m5,1300,-55.3871499804997
T2,MPC,dir_m5,1320,-54.41052591799969
T2,MPC,dir_m5,1340,-53.393406983971914
T2,MPC,dir_m5,1360,-51.92682311244414
T2,MPC,dir_m5,1380,-50.72014875133303
T2,MPC,dir_m5,1400,-50.12424083865102
T2,MPC,dir_m5,1420,-47.740556607748246
T2,MPC,dir_m5,1440,-46.544704600803804
T2,MPC,dir_m5,1460,-44.70364031260936
T2,MPC,dir_m5,1480,-43.01495909733158
T2,MPC,dir_m5,1500,-41.90581036295658
T2,MPC,dir_m5,1520,-42.252184856012136
T2,MPC,dir_m5,1540,-42.48039993240102
T2,MPC,dir_m5,1560,-42.045697481012134
T2,MPC,dir_m5,1580,-42.68039876226213
T2,MPC,dir_m5,1600,-43.54551785364363
T2,MPC,dir_m5,1620,-43.801908676560295
T2,MPC,dir_m5,1640,-43.781515522046405
T2,MPC,dir_m5,1660,-44.81560152378252
T2,MPC,dir_m5,1680,-45.69622847690752
T2,MPC,dir_m5,1700,-44.500304898782524
T2,MPC,dir_m5,1720,-43.17123035537974
T2,MPC,dir_m5,1740,-43.216179891838074
T2,MPC,dir_m5,1760,-42.76823064183807
T2,MPC,dir_m5,1780,-43.086196206074185
T2,MPC,dir_m5,1800,-43.99188500812022
T2,MPC,dir_m5,1820,-44.443336791106326
T2,MPC,dir_m5,1840,-44.127773054995224
T2,MPC,dir_m5,1860,-44.42034650291188
T2,MPC,dir_m5,1880,-44.97526537617577
T2,MPC,dir_m5,1900,-45.59872957756466
T2,MPC,dir_m5,1920,-45.90951373728688
T2,MPC,dir_m5,1940,-46.379111811939666
T2,MPC,dir_m5,1960,-45.318658921314665
T2,MPC,dir_m5,1980,-44.380123197356326
T2,MPC,dir_m5,2000,-43.92634929805077
T2,MPC,dir_m5,2020,-44.536405397009105
T2,MPC,dir_m5,2040,-43.70622511228689
T2,MPC,dir_m5,2060,-41.95483993520355
T2,MPC,dir_m5,2080,-40.12653955499522
T2,MPC,dir_m5,2100,-40.59269645256466
T2,MPC,dir_m5,2120,-41.127444907425776
T2,MPC,dir_m5,2140,-40.45969091610633
T2,MPC,dir_m5,2160,-42.43765292999522
T2,MPC,dir_m5,2180,-43.854841167842444
T2,MPC,dir_m5,2200,-44.82020273381467
T2,MPC,dir_m5,2220,-46.22457861575911
T2,MPC,dir_m5,2240,-47.900840388328554
T2,MPC,dir_m5,2260,-48.18210164180078
T2,MPC,dir_m5,2280,-47.60200965742577
T2,lookup,dir_m5,0,0.0
T2,lookup,dir_m5,20,0.0
T2,lookup,dir_m5,40,0.0
T2,lookup,dir_m5,60,0.0
T2,lookup,dir_m5,80,0.0
T2,lookup,dir_m5,100,0.0
T2,lookup,dir_m5,120,0.0
T2,lookup,dir_m5,140,0.0
T2,lookup,dir_m5,160,0.0
T2,lookup,dir_m5,180,0.0
T2,lookup,dir_m5,200,-1.2252621202019585
T2,lookup,dir_m5,220,-3.908558314375136
T2,lookup,dir_m5,240,-8.211242645833334
T2,lookup,dir_m5,260,-12.779773305555555
T2,lookup,dir_m5,280,-15.649074979166668
T2,lookup,dir_m5,300,-19.047759295138892
T2,lookup,dir_m5,320,-20.818545505208334
T2,lookup,dir_m5,340,-21.16085752951389
T2,lookup,dir_m5,360,-21.499304376736113
T2,lookup,dir_m5,380,-23.77879849826389
T2,lookup,dir_m5,400,-26.211428617923314
T2,lookup,dir_m5,420,-28.15033998945109
T2,lookup,dir_m5,440,-30.14885017347887
T2,lookup,dir_m5,460,-28.478201062367756
T2,lookup,dir_m5,480,-27.767147652645537
T2,lookup,dir_m5,500,-26.46816048597887
T2,lookup,dir_m5,520,-24.992349819312203
T2,lookup,dir_m5,540,-21.25287459708998
T2,lookup,dir_m5,560,-20.5320489911872
T2,lookup,dir_m5,580,-21.067442871395535
T2,lookup,dir_m5,600,-23.09045458570947
T2,lookup,dir_m5,620,-25.348224346031824
T2,lookup,dir_m5,640,-30.22211631373606
T2,lookup,dir_m5,660,-34.95827245609717
T2,lookup,dir_m5,680,-41.956974779013834
T2,lookup,dir_m5,700,-53.41495059845828
T2,lookup,dir_m5,720,-61.472632546374946
T2,lookup,dir_m5,740,-64.81529637276384
T2,lookup,dir_m5,760,-65.83495510540273
T2,lookup,dir_m5,780,-67.37721651165273
T2,lookup,dir_m5,800,-71.53729665672218
T2,lookup,dir_m5,820,-78.26440780425008
T2,lookup,dir_m5,840,-86.87639212465075
T2,lookup,dir_m5,860,-95.25219583645631
T2,lookup,dir_m5,880,-103.37801439548409
T2,lookup,dir_m5,900,-110.66344788159519
T2,lookup,dir_m5,920,-117.46642789548409
T2,lookup,dir_m5,940,-122.01077260381741
T2,lookup,dir_m5,960,-127.98391018367853
T2,lookup,dir_m5,980,-131.3518797774285
T2,lookup,dir_m5,1000,-136.03787745103963
T2,lookup,dir_m5,1020,-144.37511570103962
T2,lookup,dir_m5,1040,-151.43533198228963
T2,lookup,dir_m5,1060,-155.81540268715077
T2,lookup,dir_m5,1080,-160.5643819788174
T2,lookup,dir_m5,1100,-166.26459487465073
T2,lookup,dir_m5,1120,-174.1180628086785
T2,lookup,dir_m5,1140,-182.34129291284518
T2,lookup,dir_m5,1160,-191.19723530867856
T2,lookup,dir_m5,1180,-199.17233014201187
T2,lookup,dir_m5,1200,-205.86566825762773
T2,lookup,dir_m5,1220,-207.1479695725546
T2,lookup,dir_m5,1240,-203.66358529644532
T2,lookup,dir_m5,1260,-198.56909736936197
T2,lookup,dir_m5,1280,-198.23705769227865
T2,lookup,dir_m5,1300,-197.361121213112
T2,lookup,dir_m5,1320,-195.4139518242231
T2,lookup,dir_m5,1340,-194.7487548728342
T2,lookup,dir_m5,1360,-195.6925361957509
T2,lookup,dir_m5,1380,-195.19951779991754
T2,lookup,dir_m5,1400,-196.15435590714858
T2,lookup,dir_m5,1420,-197.80873021993682
T2,lookup,dir_m5,1440,-202.3985533642341
T2,lookup,dir_m5,1460,-205.84776354305353
T2,lookup,dir_m5,1480,-210.02645409166465
T2,lookup,dir_m5,1500,-214.52402203090074
T2,lookup,dir_m5,1520,-218.06501907256742
T2,lookup,dir_m5,1540,-221.31618515763688
T2,lookup,dir_m5,1560,-223.48837138853963
T2,lookup,dir_m5,1580,-224.33576695451185
T2,lookup,dir_m5,1600,-224.46170544062298
T2,lookup,dir_m5,1620,-225.1914080725674
T2,lookup,dir_m5,1640,-226.4771110690952
T2,lookup,dir_m5,1660,-226.46110726006742
T2,lookup,dir_m5,1680,-228.10021630694243
T2,lookup,dir_m5,1700,-227.83619178610908
T2,lookup,dir_m5,1720,-226.3811956020813
T2,lookup,dir_m5,1740,-225.55358049965076
T2,lookup,dir_m5,1760,-223.795247956248
T2,lookup,dir_m5,1780,-222.59756330867853
T2,lookup,dir_m5,1800,-220.06581614374795
T2,lookup,dir_m5,1820,-219.11668975138687
T2,lookup,dir_m5,1840,-220.72492696666467
T2,lookup,dir_m5,1860,-224.83350040242854
T2,lookup,dir_m5,1880,-224.4366388798591
T2,lookup,dir_m5,1900,-222.91839414027575
T2,lookup,dir_m5,1920,-221.34256638506744
T2,lookup,dir_m5,1940,-219.95831066458132
T2,lookup,dir_m5,1960,-217.0882108329841
T2,lookup,dir_m5,1980,-212.82356109166463
T2,lookup,dir_m5,2000,-210.80775143194242
T2,lookup,dir_m5,2020,-209.34192671145632
T2,lookup,dir_m5,2040,-208.8701347079841
T2,lookup,dir_m5,2060,-206.0939265048591
T2,lookup,dir_m5,2080,-204.21533862465077
T2,lookup,dir_m5,2100,-205.56700193888688
T2,lookup,dir_m5,2120,-206.35221601874798
T2,lookup,dir_m5,2140,-204.13612568541464
T2,lookup,dir_m5,2160,-204.61832816284522
T2,lookup,dir_m5,2180,-205.02031357777577
T2,lookup,dir_m5,2200,-206.01624862291465
T2,lookup,dir_m5,2220,-208.3431882114563
T2,lookup,dir_m5,2240,-209.72579476180354
T2,lookup,dir_m5,2260,-211.44571144062297
T2,lookup,dir_m5,2280,-211.12828974444244
T2,MPC,dir_m2,0,0.0
T2,MPC,dir_m2,20,0.0
T2,MPC,dir_m2,40,0.0
T2,MPC,dir_m2,60,0.0
T2,MPC,dir_m2,80,0.0
T2,MPC,dir_m2,100,0.0
T2,MPC,dir_m2,120,0.0
T2,MPC,dir_m2,140,0.0
T2,MPC,dir_m2,160,0.0
T2,MPC,dir_m2,180,0.0
T2,MPC,dir_m2,200,-0.9321342840778564
T2,MPC,dir_m2,220,-1.4102790479667453
T2,MPC,dir_m2,240,-1.721695714633412
T2,MPC,dir_m2,260,-2.022266046230634
T2,MPC,dir_m2,280,-2.1036386903278563
T2,MPC,dir_m2,300,-2.4552072875500786
T2,MPC,dir_m2,320,-2.424183462897301
T2,MPC,dir_m2,340,-2.058837803175079
T2,MPC,dir_m2,360,-2.110709737202856
T2,MPC,dir_m2,380,-2.5400846955361898
T2,MPC,dir_m2,400,-3.516063695568721
T2,MPC,dir_m2,420,-3.7499362181381652
T2,MPC,dir_m2,440,-3.801291263277054
T2,MPC,dir_m2,460,-4.557170504596498
T2,MPC,dir_m2,480,-5.068425966402055
T2,MPC,dir_m2,500,-5.270191169527054
T2,MPC,dir_m2,520,-6.129875785846499
T2,MPC,dir_m2,540,-6.0755809993881655
T2,MPC,dir_m2,560,-6.568568277165943
T2,MPC,dir_m2,580,-6.589533968138165
T2,MPC,dir_m2,600,-8.66489457408052
T2,MPC,dir_m2,620,-8.477176657413853
T2,MPC,dir_m2,640,-9.910945844913854
T2,MPC,dir_m2,660,-11.83868283796941
T2,MPC,dir_m2,680,-12.148406329288854
T2,MPC,dir_m2,700,-11.817302676511076
T2,MPC,dir_m2,720,-10.038292801511076
T2,MPC,dir_m2,740,-8.509752582761077
T2,MPC,dir_m2,760,-8.154223912622188
T2,MPC,dir_m2,780,-8.09626758970552
T2,MPC,dir_m2,800,-9.411399637753807
T2,MPC,dir_m2,820,-10.263496842614916
T2,MPC,dir_m2,840,-11.243320634281583
T2,MPC,dir_m2,860,-11.606177877337139
T2,MPC,dir_m2,880,-12.090885450253806
T2,MPC,dir_m2,900,-11.847168717614917
T2,MPC,dir_m2,920,-11.792133842614916
T2,MPC,dir_m2,940,-10.24113792594825
T2,MPC,dir_m2,960,-9.469044915531583
T2,MPC,dir_m2,980,-7.803983460670472
T2,MPC,dir_m2,1000,-6.688555048911201
T2,MPC,dir_m2,1020,-7.196692302383423
T2,MPC,dir_m2,1040,-7.822150423911201
T2,MPC,dir_m2,1060,-6.705941385716757
T2,MPC,dir_m2,1080,-6.029490573216757
T2,MPC,dir_m2,1100,-5.56490590655009
T2,MPC,dir_m2,1120,-5.635737569744535
T2,MPC,dir_m2,1140,-5.8467828891889795
T2,MPC,dir_m2,1160,-6.739070298911201
T2,MPC,dir_m2,1180,-7.137216048911201
T2,MPC,dir_m2,1200,-8.401672167922339
T2,MPC,dir_m2,1220,-8.313777324172339
T2,MPC,dir_m2,1240,-6.4548565359778936
T2,MPC,dir_m2,1260,-5.379092289450115
T2,MPC,dir_m2,1280,-5.189993150561227
T2,MPC,dir_m2,1300,-4.8707876852834495
T2,MPC,dir_m2,1320,-3.7731696088945603
T2,MPC,dir_m2,1340,-2.573503862366782
T2,MPC,dir_m2,1360,-0.8753967026445602
T2,MPC,dir_m2,1380,0.6720932661054393
T2,MPC,dir_m2,1400,1.1361253664146007
T2,MPC,dir_m2,1420,2.975433173706266
T2,MPC,dir_m2,1440,3.710122007039601
T2,MPC,dir_m2,1460,5.011691593845155
T2,MPC,dir_m2,1480,6.240483451484044
T2,MPC,dir_m2,1500,7.161861522664601
T2,MPC,dir_m2,1520,6.628658475789601
T2,MPC,dir_m2,1540,5.9683422882896
T2,MPC,dir_m2,1560,5.954351684122935
T2,MPC,dir_m2,1580,4.953850826484047
T2,MPC,dir_m2,1600,3.4863696961778015
T2,MPC,dir_m2,1620,3.3631977239555777
T2,MPC,dir_m2,1640,2.9816926319416908
T2,MPC,dir_m2,1660,1.8932273993028002
T2,MPC,dir_m2,1680,1.447995623261134
T2,MPC,dir_m2,1700,2.5773309131916893
T2,MPC,dir_m2,1720,4.730541918400023
T2,MPC,dir_m2,1740,5.268880206594467
T2,MPC,dir_m2,1760,5.413221572913912
T2,MPC,dir_m2,1780,5.13343941319169
T2,MPC,dir_m2,1800,4.029940526323318
T2,MPC,dir_m2,1820,3.436331239864985
T2,MPC,dir_m2,1840,3.4529311513233187
T2,MPC,dir_m2,1860,3.1564463318788727
T2,MPC,dir_m2,1880,2.683939052364985
T2,MPC,dir_m2,1900,1.6380272120872084
T2,MPC,dir_m2,1920,1.9947141461149842
T2,MPC,dir_m2,1940,1.590870609656652
T2,MPC,dir_m2,1960,2.90456968430943
T2,MPC,dir_m2,1980,5.030167300628874
T2,MPC,dir_m2,2000,5.3883603822260975
T2,MPC,dir_m2,2020,5.320537170420541
T2,MPC,dir_m2,2040,7.099928087087208
T2,MPC,dir_m2,2060,9.877344239864989
T2,MPC,dir_m2,2080,12.586381804101098
T2,MPC,dir_m2,2100,12.677502573198321
T2,MPC,dir_m2,2120,12.750587675628875
T2,MPC,dir_m2,2140,14.446396975976096
T2,MPC,dir_m2,2160,13.347084844031652
T2,MPC,dir_m2,2180,11.79818522771221
T2,MPC,dir_m2,2200,10.34845555757332
T2,MPC,dir_m2,2220,8.421997854448318
T2,MPC,dir_m2,2240,6.606799580142764
T2,MPC,dir_m2,2260,6.465152755489986
T2,MPC,dir_m2,2280,7.1876654481983175
T2,lookup,dir_m2,0,0.0
T2,lookup,dir_m2,20,0.0
T2,lookup,dir_m2,40,0.0
T2,lookup,dir_m2,60,0.0
T2,lookup,dir_m2,80,0.0
T2,lookup,dir_m2,100,0.0
T2,lookup,dir_m2,120,0.0
T2,lookup,dir_m2,140,0.0
T2,lookup,dir_m2,160,0.0
T2,lookup,dir_m2,180,0.0
T2,lookup,dir_m2,200,-1.2252621202019585
T2,lookup,dir_m2,220,-3.908558314375136
T2,lookup,dir_m2,240,-8.211242645833334
T2,lookup,dir_m2,260,-12.779773305555555
T2,lookup,dir_m2,280,-15.649074979166668
T2,lookup,dir_m2,300,-19.047759295138892
T2,lookup,dir_m2,320,-20.818545505208334
T2,lookup,dir_m2,340,-21.16085752951389
T2,lookup,dir_m2,360,-21.499304376736113
T2,lookup,dir_m2,380,-23.77879849826389
T2,lookup,dir_m2,400,-25.721023198949183
T2,lookup,dir_m2,420,-26.124106998919167
T2,lookup,dir_m2,440,-25.29489724652778
T2,lookup,dir_m2,460,-21.669649034722223
T2,lookup,dir_m2,480,-19.085856229166666
T2,lookup,dir_m2,500,-16.846694657986113
T2,lookup,dir_m2,520,-15.558978357638889
T2,lookup,dir_m2,540,-13.61184351388889
T2,lookup,dir_m2,560,-13.51834932638889
T2,lookup,dir_m2,580,-12.811653982638889
T2,lookup,dir_m2,600,-14.33397987772878
T2,lookup,dir_m2,620,-19.041377032986112
T2,lookup,dir_m2,640,-24.217793321180558
T2,lookup,dir_m2,660,-28.57684971701389
T2,lookup,dir_m2,680,-32.89213944791666
T2,lookup,dir_m2,700,-36.660227739583334
T2,lookup,dir_m2,720,-37.29924617708333
T2,lookup,dir_m2,740,-38.58084563541667
T2,lookup,dir_m2,760,-42.73080905555556
T2,lookup,dir_m2,780,-47.91506093402778
T2,lookup,dir_m2,800,-53.067089871527784
T2,lookup,dir_m2,820,-57.36755043402778
T2,lookup,dir_m2,840,-62.22939496875001
T2,lookup,dir_m2,860,-64.16285294097221
T2,lookup,dir_m2,880,-68.06451644444445
T2,lookup,dir_m2,900,-71.41729101736112
T2,lookup,dir_m2,920,-74.3703765625
T2,lookup,dir_m2,940,-75.58603602083333
T2,lookup,dir_m2,960,-77.30466934027778
T2,lookup,dir_m2,980,-77.23327875694444
T2,lookup,dir_m2,1000,-79.55936149652779
T2,lookup,dir_m2,1020,-84.40582680208334
T2,lookup,dir_m2,1040,-88.29811892013889
T2,lookup,dir_m2,1060,-89.907653875
T2,lookup,dir_m2,1080,-91.89889916319444
T2,lookup,dir_m2,1100,-94.50553589236112
T2,lookup,dir_m2,1120,-98.48753373611112
T2,lookup,dir_m2,1140,-102.75557173958335
T2,lookup,dir_m2,1160,-107.6792939375
T2,lookup,dir_m2,1180,-111.93607839930556
T2,lookup,dir_m2,1200,-119.70297463631523
T2,lookup,dir_m2,1220,-126.82123990020413
T2,lookup,dir_m2,1240,-131.32745127173192
T2,lookup,dir_m2,1260,-135.30784827867635
T2,lookup,dir_m2,1280,-141.48096585853747
T2,lookup,dir_m2,1300,-146.51794632034301
T2,lookup,dir_m2,1320,-149.005469757843
T2,lookup,dir_m2,1340,-150.63854994881524
T2,lookup,dir_m2,1360,-150.88776120228746
T2,lookup,dir_m2,1380,-151.4904043168708
T2,lookup,dir_m2,1400,-149.97670776061165
T2,lookup,dir_m2,1420,-144.73072386698863
T2,lookup,dir_m2,1440,-139.4063715964651
T2,lookup,dir_m2,1460,-132.41330316938178
T2,lookup,dir_m2,1480,-124.95746824577067
T2,lookup,dir_m2,1500,-116.94566457563178
T2,lookup,dir_m2,1520,-114.1199342804929
T2,lookup,dir_m2,1540,-115.28764148535402
T2,lookup,dir_m2,1560,-113.85994622840956
T2,lookup,dir_m2,1580,-113.85511200271512
T2,lookup,dir_m2,1600,-113.82832871935442
T2,lookup,dir_m2,1620,-116.05639467474876
T2,lookup,dir_m2,1640,-118.46024616421509
T2,lookup,dir_m2,1660,-122.60266902706232
T2,lookup,dir_m2,1680,-127.4565799176873
T2,lookup,dir_m2,1700,-131.13983383261788
T2,lookup,dir_m2,1720,-133.53037246977064
T2,lookup,dir_m2,1740,-134.48936055136787
T2,lookup,dir_m2,1760,-136.5348117579651
T2,lookup,dir_m2,1780,-138.96199395414564
T2,lookup,dir_m2,1800,-139.01358829711913
T2,lookup,dir_m2,1820,-138.40637274850803
T2,lookup,dir_m2,1840,-138.06872680059135
T2,lookup,dir_m2,1860,-139.78873581621636
T2,lookup,dir_m2,1880,-138.45811719295247
T2,lookup,dir_m2,1900,-137.13822673635525
T2,lookup,dir_m2,1920,-135.4204361669108
T2,lookup,dir_m2,1940,-133.9198105089247
T2,lookup,dir_m2,1960,-130.82546409052193
T2,lookup,dir_m2,1980,-126.39362915475805
T2,lookup,dir_m2,2000,-124.4349052103136
T2,lookup,dir_m2,2020,-122.96916585788303
T2,lookup,dir_m2,2040,-122.48920036135526
T2,lookup,dir_m2,2060,-119.7667641495497
T2,lookup,dir_m2,2080,-117.88300593774414
T2,lookup,dir_m2,2100,-119.22129390475803
T2,lookup,dir_m2,2120,-119.99393026239693
T2,lookup,dir_m2,2140,-117.77023106100805
T2,lookup,dir_m2,2160,-118.24302565128582
T2,lookup,dir_m2,2180,-118.63977368253582
T2,lookup,dir_m2,2200,-119.63066248461915
T2,lookup,dir_m2,2220,-121.95465449850805
T2,lookup,dir_m2,2240,-123.33462359920249
T2,lookup,dir_m2,2260,-125.05329607663305
T2,lookup,dir_m2,2280,-124.73495037871638
T2,MPC,dir_p2,0,0.0
T2,MPC,dir_p2,20,0.0
T2,MPC,dir_p2,40,0.0
T2,MPC,dir_p2,60,0.0
T2,MPC,dir_p2,80,0.0
T2,MPC,dir_p2,100,0.0
T2,MPC,dir_p2,120,0.0
T2,MPC,dir_p2,140,0.0
T2,MPC,dir_p2,160,0.0
T2,MPC,dir_p2,180,0.0
T2,MPC,dir_p2,200,-0.9417858386654324
T2,MPC,dir_p2,220,-0.9998184688737658
T2,MPC,dir_p2,240,-1.474771156373766
T2,MPC,dir_p2,260,-1.9608313247765434
T2,MPC,dir_p2,280,-2.240044158109877
T2,MPC,dir_p2,300,-2.303272206720988
T2,MPC,dir_p2,320,-2.246028204984877
T2,MPC,dir_p2,340,-2.0784275296376546
T2,MPC,dir_p2,360,-1.5121963039432103
T2,MPC,dir_p2,380,-1.6144993074154326
T2,MPC,dir_p2,400,-2.1386409659550987
T2,MPC,dir_p2,420,-1.7475440770662094
T2,MPC,dir_p2,440,-0.8043668166495428
T2,MPC,dir_p2,460,-0.32395016039954294
T2,MPC,dir_p2,480,0.6871638864754572
T2,MPC,dir_p2,500,0.9107488639060131
T2,MPC,dir_p2,520,1.2465856191143463
T2,MPC,dir_p2,540,1.0757180479337907
T2,MPC,dir_p2,560,1.541214113906013
T2,MPC,dir_p2,580,1.0596219420310125
T2,MPC,dir_p2,600,-0.27382278711530894
T2,MPC,dir_p2,620,-0.7410295891986423
T2,MPC,dir_p2,640,-0.4936327714903088
T2,MPC,dir_p2,660,1.4658988517735798
T2,MPC,dir_p2,680,3.295916230245803
T2,MPC,dir_p2,700,4.21755925802358
T2,MPC,dir_p2,720,3.0054059559402466
T2,MPC,dir_p2,740,3.333782889968024
T2,MPC,dir_p2,760,4.720825254551358
T2,MPC,dir_p2,780,6.32369207052358
T2,MPC,dir_p2,800,8.034385241918777
T2,MPC,dir_p2,820,9.892004478029888
T2,MPC,dir_p2,840,11.748757790529886
T2,MPC,dir_p2,860,11.740394998863222
T2,MPC,dir_p2,880,11.31614743636322
T2,MPC,dir_p2,900,11.564999925946553
T2,MPC,dir_p2,920,11.33156115511322
T2,MPC,dir_p2,940,10.153711294002111
T2,MPC,dir_p2,960,9.991787221085444
T2,MPC,dir_p2,980,9.26183359261322
T2,MPC,dir_p2,1000,8.707983017163595
T2,MPC,dir_p2,1020,9.049245406052485
T2,MPC,dir_p2,1040,8.855663395635816
T2,MPC,dir_p2,1060,6.85167771160804
T2,MPC,dir_p2,1080,3.362774985913595
T2,MPC,dir_p2,1100,3.0593523748024847
T2,MPC,dir_p2,1120,4.2319193991080395
T2,MPC,dir_p2,1140,5.313962277580262
T2,MPC,dir_p2,1160,6.092656079663596
T2,MPC,dir_p2,1180,5.81888683660804
T2,MPC,dir_p2,1200,4.393688742545659
T2,MPC,dir_p2,1220,3.1506020203234364
T2,MPC,dir_p2,1240,3.0599193744901036
T2,MPC,dir_p2,1260,2.495791784212325
T2,MPC,dir_p2,1280,2.271766936990103
T2,MPC,dir_p2,1300,2.4602257703234365
T2,MPC,dir_p2,1320,2.749616471712325
T2,MPC,dir_p2,1340,4.048311145323436
T2,MPC,dir_p2,1360,5.539534002962326
T2,MPC,dir_p2,1380,6.347147166156769
T2,MPC,dir_p2,1400,5.807837795496625
T2,MPC,dir_p2,1420,5.985560963899402
T2,MPC,dir_p2,1440,6.358001168760512
T2,MPC,dir_p2,1460,6.55006108542718
T2,MPC,dir_p2,1480,6.4011958493160686
T2,MPC,dir_p2,1500,6.637959901399401
T2,MPC,dir_p2,1520,6.694726982996623
T2,MPC,dir_p2,1540,7.50991932153829
T2,MPC,dir_p2,1560,7.710601144454958
T2,MPC,dir_p2,1580,7.090438936121623
T2,MPC,dir_p2,1600,6.055334134401958
T2,MPC,dir_p2,1620,6.652145762874179
T2,MPC,dir_p2,1640,7.254957530235291
T2,MPC,dir_p2,1660,6.138373108360291
T2,MPC,dir_p2,1680,5.369874196901959
T2,MPC,dir_p2,1700,5.172481828846401
T2,MPC,dir_p2,1720,6.278731408707513
T2,MPC,dir_p2,1740,5.4839988010686245
T2,MPC,dir_p2,1760,4.959867754193624
T2,MPC,dir_p2,1780,5.567642979888069
T2,MPC,dir_p2,1800,4.920728625765907
T2,MPC,dir_p2,1820,4.423103160488129
T2,MPC,dir_p2,1840,2.1643108827103514
T2,MPC,dir_p2,1860,2.679984844515907
T2,MPC,dir_p2,1880,3.863482452154795
T2,MPC,dir_p2,1900,3.85104887923813
T2,MPC,dir_p2,1920,2.581391828890906
T2,MPC,dir_p2,1940,0.9415478965992401
T2,MPC,dir_p2,1960,-0.5893132474979819
T2,MPC,dir_p2,1980,-2.51251955652576
T2,MPC,dir_p2,2000,-5.629631016595205
T2,MPC,dir_p2,2020,-5.221666924581315
T2,MPC,dir_p2,2040,-5.920388816942427
T2,MPC,dir_p2,2060,-4.9663800461090934
T2,MPC,dir_p2,2080,-5.78191891590076
T2,MPC,dir_p2,2100,-5.840618808261871
T2,MPC,dir_p2,2120,-3.415197429789649
T2,MPC,dir_p2,2140,-1.4336181936785382
T2,MPC,dir_p2,2160,0.7664063566686847
T2,MPC,dir_p2,2180,4.90700136361313
T2,MPC,dir_p2,2200,8.06049844173813
T2,MPC,dir_p2,2220,12.167738940002021
T2,MPC,dir_p2,2240,15.28282021083535
T2,MPC,dir_p2,2260,14.160415608404797
T2,MPC,dir_p2,2280,15.062850915696465
T2,lookup,dir_p2,0,0.0
T2,lookup,dir_p2,20,0.0
T2,lookup,dir_p2,40,0.0
T2,lookup,dir_p2,60,0.0
T2,lookup,dir_p2,80,0.0
T2,lookup,dir_p2,100,0.0
T2,lookup,dir_p2,120,0.0
T2,lookup,dir_p2,140,0.0
T2,lookup,dir_p2,160,0.0
T2,lookup,dir_p2,180,0.0
T2,lookup,dir_p2,200,-1.1605677868686253
T2,lookup,dir_p2,220,-3.179352277916802
T2,lookup,dir_p2,240,-6.5074986302083335
T2,lookup,dir_p2,260,-10.029299250000001
T2,lookup,dir_p2,280,-14.107684083333334
T2,lookup,dir_p2,300,-17.200992631944445
T2,lookup,dir_p2,320,-21.02779550173611
T2,lookup,dir_p2,340,-24.825402116319445
T2,lookup,dir_p2,360,-25.82599173090278
T2,lookup,dir_p2,380,-25.877114810763892
T2,lookup,dir_p2,400,-25.91606605467394
T2,lookup,dir_p2,420,-24.542627002590606
T2,lookup,dir_p2,440,-21.572171273423937
T2,lookup,dir_p2,460,-18.90512246786838
T2,lookup,dir_p2,480,-18.26091707377116
T2,lookup,dir_p2,500,-13.540128545993383
T2,lookup,dir_p2,520,-10.714515023423937
T2,lookup,dir_p2,540,-10.223881769951713
T2,lookup,dir_p2,560,-8.89131999911838
T2,lookup,dir_p2,580,-8.23421813800727
T2,lookup,dir_p2,600,-10.811649071492514
T2,lookup,dir_p2,620,-8.233500238712734
T2,lookup,dir_p2,640,1.0967472733922055
T2,lookup,dir_p2,660,8.692454381031094
T2,lookup,dir_p2,680,10.206857815058871
T2,lookup,dir_p2,700,10.384038294225538
T2,lookup,dir_p2,720,11.492226884503317
T2,lookup,dir_p2,740,13.379017762975538
T2,lookup,dir_p2,760,13.429716009503315
T2,lookup,dir_p2,780,12.297588474781092
T2,lookup,dir_p2,800,11.690130975423966
T2,lookup,dir_p2,820,10.759279204590634
T2,lookup,dir_p2,840,9.7697599337573
T2,lookup,dir_p2,860,10.103363204590632
T2,lookup,dir_p2,880,9.440558399035076
T2,lookup,dir_p2,900,8.606548617785077
T2,lookup,dir_p2,920,8.2103454337573
T2,lookup,dir_p2,940,7.784359607368409
T2,lookup,dir_p2,960,7.561139423340632
T2,lookup,dir_p2,980,7.393302072646187
T2,lookup,dir_p2,1000,6.7511909620868185
T2,lookup,dir_p2,1020,6.363697802364596
T2,lookup,dir_p2,1040,5.990871048892373
T2,lookup,dir_p2,1060,5.650704104447929
T2,lookup,dir_p2,1080,5.739166229447928
T2,lookup,dir_p2,1100,5.657554316253485
T2,lookup,dir_p2,1120,5.582507680836818
T2,lookup,dir_p2,1140,5.517155857920152
T2,lookup,dir_p2,1160,4.959006444725707
T2,lookup,dir_p2,1180,4.305243378753486
T2,lookup,dir_p2,1200,0.7613713094336605
T2,lookup,dir_p2,1220,-5.299398530224441
T2,lookup,dir_p2,1240,-10.748922621422832
T2,lookup,dir_p2,1260,-15.755903558922833
T2,lookup,dir_p2,1280,-21.006223006839498
T2,lookup,dir_p2,1300,-25.49719408670061
T2,lookup,dir_p2,1320,-27.756999791561725
T2,lookup,dir_p2,1340,-28.788237867950613
T2,lookup,dir_p2,1360,-28.158199972117274
T2,lookup,dir_p2,1380,-27.88975927072839
T2,lookup,dir_p2,1400,-27.883305906958853
T2,lookup,dir_p2,1420,-26.665000155222742
T2,lookup,dir_p2,1440,-25.042235519806077
T2,lookup,dir_p2,1460,-22.16347741216719
T2,lookup,dir_p2,1480,-19.122075040639416
T2,lookup,dir_p2,1500,-15.197539342722747
T2,lookup,dir_p2,1520,-13.131304252444968
T2,lookup,dir_p2,1540,-12.653308143069967
T2,lookup,dir_p2,1560,-8.782982858347745
T2,lookup,dir_p2,1580,-8.876054674319969
T2,lookup,dir_p2,1600,-9.104533959940763
T2,lookup,dir_p2,1620,-9.425737227301873
T2,lookup,dir_p2,1640,-5.195438850565763
T2,lookup,dir_p2,1660,-3.456129479037985
T2,lookup,dir_p2,1680,-2.2826936474407624
T2,lookup,dir_p2,1700,-0.17661350160742906
T2,lookup,dir_p2,1720,4.08123902790646
T2,lookup,dir_p2,1740,4.390978198045349
T2,lookup,dir_p2,1760,4.426214336934238
T2,lookup,dir_p2,1780,6.592938645962016
T2,lookup,dir_p2,1800,7.068067016591221
T2,lookup,dir_p2,1820,5.434220436730109
T2,lookup,dir_p2,1840,4.1897401155495535
T2,lookup,dir_p2,1860,5.196277620757885
T2,lookup,dir_p2,1880,6.28219011207733
T2,lookup,dir_p2,1900,6.290529495757887
T2,lookup,dir_p2,1920,5.928217540896777
T2,lookup,dir_p2,1940,4.480998400271775
T2,lookup,dir_p2,1960,3.0634396693689974
T2,lookup,dir_p2,1980,-2.221171335839336
T2,lookup,dir_p2,2000,-5.5259159834087805
T2,lookup,dir_p2,2020,-4.6037276986865585
T2,lookup,dir_p2,2040,-3.872738459103225
T2,lookup,dir_p2,2060,-0.33029109451989136
T2,lookup,dir_p2,2080,0.8059100565217747
T2,lookup,dir_p2,2100,-0.34994824903377975
T2,lookup,dir_p2,2120,2.5328703655495532
T2,lookup,dir_p2,2140,5.439998820410664
T2,lookup,dir_p2,2160,8.762456455827333
T2,lookup,dir_p2,2180,14.013690488813442
T2,lookup,dir_p2,2200,17.59165435339678
T2,lookup,dir_p2,2220,22.19552808082733
T2,lookup,dir_p2,2240,26.07543565027178
T2,lookup,dir_p2,2260,26.81813752353567
T2,lookup,dir_p2,2280,29.181755867285666
T2,MPC,dir_p5,0,0.0
T2,MPC,dir_p5,20,0.0
T2,MPC,dir_p5,40,0.0
T2,MPC,dir_p5,60,0.0
T2,MPC,dir_p5,80,0.0
T2,MPC,dir_p5,100,0.0
T2,MPC,dir_p5,120,0.0
T2,MPC,dir_p5,140,0.0
T2,MPC,dir_p5,160,0.0
T2,MPC,dir_p5,180,0.0
T2,MPC,dir_p5,200,-0.8515704677736494
T2,MPC,dir_p5,220,-0.989029052843094
T2,MPC,dir_p5,240,-1.4772911570097604
T2,MPC,dir_p5,260,-2.0436563757597606
T2,MPC,dir_p5,280,-2.248290174370872
T2,MPC,dir_p5,300,-2.3924906431208717
T2,MPC,dir_p5,320,-2.385980238606983
T2,MPC,dir_p5,340,-2.315174507704205
T2,MPC,dir_p5,360,-1.7883260806208718
T2,MPC,dir_p5,380,-1.775071927843094
T2,MPC,dir_p5,400,-2.5428310103323195
T2,MPC,dir_p5,420,-2.569510565887875
T2,MPC,dir_p5,440,-1.6586572672767639
T2,MPC,dir_p5,460,-1.6565145068600973
T2,MPC,dir_p5,480,-1.6143604964434306
T2,MPC,dir_p5,500,-1.4913566648462084
T2,MPC,dir_p5,520,-1.3444467238739861
T2,MPC,dir_p5,540,-1.1881881665823195
T2,MPC,dir_p5,560,-0.9911421040823195
T2,MPC,dir_p5,580,-1.9141721162350973
T2,MPC,dir_p5,600,-3.945853216008928
T2,MPC,dir_p5,620,-4.920381927814484
T2,MPC,dir_p5,640,-5.500219945175595
T2,MPC,dir_p5,660,-4.501692648300595
T2,MPC,dir_p5,680,-2.9333225962172613
T2,MPC,dir_p5,700,-2.3304019989950393
T2,MPC,dir_p5,720,-4.433323915661706
T2,MPC,dir_p5,740,-5.137216252467262
T2,MPC,dir_p5,760,-3.7318815302450394
T2,MPC,dir_p5,780,-2.43680242260615
T2,MPC,dir_p5,800,-1.4261849923252528
T2,MPC,dir_p5,820,-0.009759075658586358
T2,MPC,dir_p5,840,0.691141306285858
T2,MPC,dir_p5,860,-1.6049545756585863
T2,MPC,dir_p5,880,-3.129533256214142
T2,MPC,dir_p5,900,-4.486635832603031
T2,MPC,dir_p5,920,-6.400038329130808
T2,MPC,dir_p5,940,-8.937188311769697
T2,MPC,dir_p5,960,-10.51267356524192
T2,MPC,dir_p5,980,-13.424189988853032
T2,MPC,dir_p5,1000,-15.42078966652722
T2,MPC,dir_p5,1020,-15.39930248249944
T2,MPC,dir_p5,1040,-16.464132385277217
T2,MPC,dir_p5,1060,-18.648141284582774
T2,MPC,dir_p5,1080,-22.743110121388327
T2,MPC,dir_p5,1100,-25.627675558888328
T2,MPC,dir_p5,1120,-25.571134947777217
T2,MPC,dir_p5,1140,-25.160879569304996
T2,MPC,dir_p5,1160,-25.89178046166611
T2,MPC,dir_p5,1180,-26.387644444304996
T2,MPC,dir_p5,1200,-27.688119994410624
T2,MPC,dir_p5,1220,-30.631090997882847
T2,MPC,dir_p5,1240,-33.684250150660624
T2,MPC,dir_p5,1260,-35.95938623052173
T2,MPC,dir_p5,1280,-37.5639609909384
T2,MPC,dir_p5,1300,-37.560017685382846
T2,MPC,dir_p5,1320,-39.27559514024396
T2,MPC,dir_p5,1340,-39.693913980521735
T2,MPC,dir_p5,1360,-40.548889244410624
T2,MPC,dir_p5,1380,-42.05551090066062
T2,MPC,dir_p5,1400,-43.36611548048485
T2,MPC,dir_p5,1420,-43.64550976520708
T2,MPC,dir_p5,1440,-44.168968352012634
T2,MPC,dir_p5,1460,-44.8362317374293
T2,MPC,dir_p5,1480,-45.72066753951264
T2,MPC,dir_p5,1500,-46.41699222354041
T2,MPC,dir_p5,1520,-46.144758251318194
T2,MPC,dir_p5,1540,-46.40680357597097
T2,MPC,dir_p5,1560,-47.40544752388764
T2,MPC,dir_p5,1580,-48.34602383985985
T2,MPC,dir_p5,1600,-49.606126991553836
T2,MPC,dir_p5,1620,-49.921694354401055
T2,MPC,dir_p5,1640,-49.25949874849829
T2,MPC,dir_p5,1660,-49.31694649328995
T2,MPC,dir_p5,1680,-49.255908488081616
T2,MPC,dir_p5,1700,-49.59845963044273
T2,MPC,dir_p5,1720,-49.243909225928846
T2,MPC,dir_p5,1740,-49.50539892731773
T2,MPC,dir_p5,1760,-49.69145413912328
T2,MPC,dir_p5,1780,-49.76685306620662
T2,MPC,dir_p5,1800,-50.941250088690445
T2,MPC,dir_p5,1820,-51.28502013209322
T2,MPC,dir_p5,1840,-53.03575799841267
T2,MPC,dir_p5,1860,-53.194602722371
T2,MPC,dir_p5,1880,-52.56697170500989
T2,MPC,dir_p5,1900,-53.022244404662665
T2,MPC,dir_p5,1920,-54.038407281398776
T2,MPC,dir_p5,1940,-54.947819248412664
T2,MPC,dir_p5,1960,-56.770561404662665
T2,MPC,dir_p5,1980,-58.13413421021823
T2,MPC,dir_p5,2000,-59.75250113903767
T2,MPC,dir_p5,2020,-59.655011618204334
T2,MPC,dir_p5,2040,-59.91864638035712
T2,MPC,dir_p5,2060,-60.712444675496
T2,MPC,dir_p5,2080,-63.162462571329336
T2,MPC,dir_p5,2100,-62.956675678968224
T2,MPC,dir_p5,2120,-61.606642529662665
T2,MPC,dir_p5,2140,-61.10683110778766
T2,MPC,dir_p5,2160,-60.12634509910711
T2,MPC,dir_p5,2180,-57.49137146542655
T2,MPC,dir_p5,2200,-56.88421635431545
T2,MPC,dir_p5,2220,-55.47111861646822
T2,MPC,dir_p5,2240,-53.363601144246
T2,MPC,dir_p5,2260,-53.017102691121
T2,MPC,dir_p5,2280,-52.553470875148776
T2,lookup,dir_p5,0,0.0
T2,lookup,dir_p5,20,0.0
T2,lookup,dir_p5,40,0.0
T2,lookup,dir_p5,60,0.0
T2,lookup,dir_p5,80,0.0
T2,lookup,dir_p5,100,0.0
T2,lookup,dir_p5,120,0.0
T2,lookup,dir_p5,140,0.0
T2,lookup,dir_p5,160,0.0
T2,lookup,dir_p5,180,0.0
T2,lookup,dir_p5,200,-1.1605677868686253
T2,lookup,dir_p5,220,-3.179352277916802
T2,lookup,dir_p5,240,-6.5074986302083335
T2,lookup,dir_p5,260,-10.029299250000001
T2,lookup,dir_p5,280,-14.107684083333334
T2,lookup,dir_p5,300,-17.200992631944445
T2,lookup,dir_p5,320,-21.02779550173611
T2,lookup,dir_p5,340,-24.825402116319445
T2,lookup,dir_p5,360,-25.82599173090278
T2,lookup,dir_p5,380,-25.877114810763892
T2,lookup,dir_p5,400,-25.782644888861764
T2,lookup,dir_p5,420,-23.206597281222873
T2,lookup,dir_p5,440,-19.01405844788954
T2,lookup,dir_p5,460,-15.059069097195096
T2,lookup,dir_p5,480,-13.082839710042318
T2,lookup,dir_p5,500,-7.434318921847873
T2,lookup,dir_p5,520,-4.1769987638617625
T2,lookup,dir_p5,540,-3.1138307586534286
T2,lookup,dir_p5,560,-1.5166258610839842
T2,lookup,dir_p5,580,-0.2818552083062067
T2,lookup,dir_p5,600,-1.758486438011169
T2,lookup,dir_p5,620,0.5889439687500007
T2,lookup,dir_p5,640,7.226138961805557
T2,lookup,dir_p5,660,13.700458097222224
T2,lookup,dir_p5,680,15.232445220486113
T2,lookup,dir_p5,700,16.104187789930556
T2,lookup,dir_p5,720,17.040112453124998
T2,lookup,dir_p5,740,19.121433227430558
T2,lookup,dir_p5,760,19.535288630208335
T2,lookup,dir_p5,780,19.34385412326389
T2,lookup,dir_p5,800,19.411532678819448
T2,lookup,dir_p5,820,19.30283144618056
T2,lookup,dir_p5,840,18.848669164930556
T2,lookup,dir_p5,860,19.088409546875003
T2,lookup,dir_p5,880,18.677509848958337
T2,lookup,dir_p5,900,18.382256748263888
T2,lookup,dir_p5,920,18.377637734375
T2,lookup,dir_p5,940,18.38135863715278
T2,lookup,dir_p5,960,18.396192876736112
T2,lookup,dir_p5,980,18.452602734375
T2,lookup,dir_p5,1000,18.439360539930558
T2,lookup,dir_p5,1020,18.432171536458334
T2,lookup,dir_p5,1040,18.432807338541668
T2,lookup,dir_p5,1060,18.425700289930557
T2,lookup,dir_p5,1080,18.425827338541666
T2,lookup,dir_p5,1100,18.426242598958336
T2,lookup,dir_p5,1120,18.426503567708334
T2,lookup,dir_p5,1140,18.42799827951389
T2,lookup,dir_p5,1160,18.42879519965278
T2,lookup,dir_p5,1180,18.426868782986112
T2,lookup,dir_p5,1200,15.830859119381373
T2,lookup,dir_p5,1220,11.240467566535102
T2,lookup,dir_p5,1240,7.412698615146213
T2,lookup,dir_p5,1260,3.935807045701769
T2,lookup,dir_p5,1280,1.024893726257325
T2,lookup,dir_p5,1300,-1.53820609318712
T2,lookup,dir_p5,1320,-2.729232301520453
T2,lookup,dir_p5,1340,-2.6650536765204533
T2,lookup,dir_p5,1360,-1.2211718258260085
T2,lookup,dir_p5,1380,-0.32277646471489696
T2,lookup,dir_p5,1400,-0.7431690033772789
T2,lookup,dir_p5,1420,-1.2996330746527773
T2,lookup,dir_p5,1440,-0.9394758697916661
T2,lookup,dir_p5,1460,0.09161934548611139
T2,lookup,dir_p5,1480,0.926661008680556
T2,lookup,dir_p5,1500,2.1539862847222224
T2,lookup,dir_p5,1520,3.1207010520833336
T2,lookup,dir_p5,1540,3.4093492673611117
T2,lookup,dir_p5,1560,6.230602715277779
T2,lookup,dir_p5,1580,5.400696993055556
T2,lookup,dir_p5,1600,5.6556577881944445
T2,lookup,dir_p5,1620,6.004283336805557
T2,lookup,dir_p5,1640,10.239364980902778
T2,lookup,dir_p5,1660,11.513528166666667
T2,lookup,dir_p5,1680,11.505866418402778
T2,lookup,dir_p5,1700,13.378876324652776
T2,lookup,dir_p5,1720,17.743951138888892
T2,lookup,dir_p5,1740,17.95626548611111
T2,lookup,dir_p5,1760,18.337307317708333
T2,lookup,dir_p5,1780,20.50515346701389
T2,lookup,dir_p5,1800,20.99715071527778
T2,lookup,dir_p5,1820,19.365915980902777
T2,lookup,dir_p5,1840,18.12339365277778
T2,lookup,dir_p5,1860,19.130191972222224
T2,lookup,dir_p5,1880,20.21623377256945
T2,lookup,dir_p5,1900,20.225711522569444
T2,lookup,dir_p5,1920,19.863341565972224
T2,lookup,dir_p5,1940,18.41743609201389
T2,lookup,dir_p5,1960,17.00023611631945
T2,lookup,dir_p5,1980,11.71490132638889
T2,lookup,dir_p5,2000,8.410826640625
T2,lookup,dir_p5,2020,9.333144428819445
T2,lookup,dir_p5,2040,10.064728333333335
T2,lookup,dir_p5,2060,13.607354864583336
T2,lookup,dir_p5,2080,14.743288057291668
T2,lookup,dir_p5,2100,13.587724862847224
T2,lookup,dir_p5,2120,16.470801328125
T2,lookup,dir_p5,2140,19.378030859375
T2,lookup,dir_p5,2160,22.70070651909722
T2,lookup,dir_p5,2180,27.952101503472228
T2,lookup,dir_p5,2200,31.530006486111112
T2,lookup,dir_p5,2220,36.133692984375
T2,lookup,dir_p5,2240,40.013583984375
T2,lookup,dir_p5,2260,40.75628298611111
T2,lookup,dir_p5,2280,43.119990182291666
T2,MPC,speed_m5,0,0.0
T2,MPC,speed_m5,20,0.0
T2,MPC,speed_m5,40,0.0
T2,MPC,speed_m5,60,0.0
T2,MPC,speed_m5,80,0.0
T2,MPC,speed_m5,100,0.0
T2,MPC,speed_m5,120,0.0
T2,MPC,speed_m5,140,0.0
T2,MPC,speed_m5,160,0.0
T2,MPC,speed_m5,180,0.0
T2,MPC,speed_m5,200,-0.4935643427739673
T2,MPC,speed_m5,220,-0.6010963983295229
T2,MPC,speed_m5,240,-0.6753598774961895
T2,MPC,speed_m5,260,-0.6770629122184117
T2,MPC,speed_m5,280,-0.887899464301745
T2,MPC,speed_m5,300,-0.9164527212461895
T2,MPC,speed_m5,320,-1.185006320204523
T2,MPC,speed_m5,340,-1.5406570545795228
T2,MPC,speed_m5,360,-1.5277558913850784
T2,MPC,speed_m5,380,-1.4436172420795228
T2,MPC,speed_m5,400,-2.0746699252211256
T2,MPC,speed_m5,420,-2.017741515498903
T2,MPC,speed_m5,440,-2.2620650398044586
T2,MPC,speed_m5,460,-1.5724218592489032
T2,MPC,speed_m5,480,-0.5013741717489031
T2,MPC,speed_m5,500,0.0686780591538747
T2,MPC,speed_m5,520,1.01224177095943
T2,MPC,speed_m5,540,1.4783480244316527
T2,MPC,speed_m5,560,2.254151139014986
T2,MPC,speed_m5,580,2.246217033112208
T2,MPC,speed_m5,600,1.0132522467168172
T2,MPC,speed_m5,620,0.06684777970292854
T2,MPC,speed_m5,640,0.06413108525848399
T2,MPC,speed_m5,660,1.1569875574807065
T2,MPC,speed_m5,680,2.3145133873418176
T2,MPC,speed_m5,700,3.275127946369595
T2,MPC,speed_m5,720,4.373853744980707
T2,MPC,speed_m5,740,5.181352550536262
T2,MPC,speed_m5,760,6.139651251925152
T2,MPC,speed_m5,780,7.058498099147373
T2,MPC,speed_m5,800,7.961613668561087
T2,MPC,speed_m5,820,9.126054710227757
T2,MPC,speed_m5,840,10.452899224116646
T2,MPC,speed_m5,860,10.907892456755533
T2,MPC,speed_m5,880,11.446104310922202
T2,MPC,speed_m5,900,12.50778217203331
T2,MPC,speed_m5,920,12.947447613005533
T2,MPC,speed_m5,940,14.02885314078331
T2,MPC,speed_m5,960,15.182462317866646
T2,MPC,speed_m5,980,16.310360224116643
T2,MPC,speed_m5,1000,17.74142678164482
T2,MPC,speed_m5,1020,18.79089365664482
T2,MPC,speed_m5,1040,18.989080743450376
T2,MPC,speed_m5,1060,19.48648079206149
T2,MPC,speed_m5,1080,20.38418488581149
T2,MPC,speed_m5,1100,21.472936229561487
T2,MPC,speed_m5,1120,22.730811389283712
T2,MPC,speed_m5,1140,23.875158052478156
T2,MPC,speed_m5,1160,24.728050049005933
T2,MPC,speed_m5,1180,25.02943104206149
T2,MPC,speed_m5,1200,23.53580710103088
T2,MPC,speed_m5,1220,23.183202486447545
T2,MPC,speed_m5,1240,23.76787493436421
T2,MPC,speed_m5,1260,23.317108819780877
T2,MPC,speed_m5,1280,23.262343722558658
T2,MPC,speed_m5,1300,23.47836880589199
T2,MPC,speed_m5,1320,24.25050300728088
T2,MPC,speed_m5,1340,25.884656687836436
T2,MPC,speed_m5,1360,27.77019524339199
T2,MPC,speed_m5,1380,29.106986465614217
T2,MPC,speed_m5,1400,29.19481121892187
T2,MPC,speed_m5,1420,30.003442074824655
T2,MPC,speed_m5,1440,30.624730119963537
T2,MPC,speed_m5,1460,31.58501136996354
T2,MPC,speed_m5,1480,32.15476226232465
T2,MPC,speed_m5,1500,32.79064809913021
T2,MPC,speed_m5,1520,33.69128137690798
T2,MPC,speed_m5,1540,35.12557274322743
T2,MPC,speed_m5,1560,36.10781413558854
T2,MPC,speed_m5,1580,36.24495792031076
T2,MPC,speed_m5,1600,35.99782534675026
T2,MPC,speed_m5,1620,37.70086803425027
T2,MPC,speed_m5,1640,39.14416762626416
T2,MPC,speed_m5,1660,37.99903976688915
T2,MPC,speed_m5,1680,38.38290433806971
T2,MPC,speed_m5,1700,39.85071713668082
T2,MPC,speed_m5,1720,42.101581164458594
T2,MPC,speed_m5,1740,42.56947364015305
T2,MPC,speed_m5,1760,43.0370139613336
T2,MPC,speed_m5,1780,43.11356718702804
T2,MPC,speed_m5,1800,43.536555897086195
T2,MPC,speed_m5,1820,43.938656796391754
T2,MPC,speed_m5,1840,44.40929909500287
T2,MPC,speed_m5,1860,46.80197246653064
T2,MPC,speed_m5,1880,49.01711158805843
T2,MPC,speed_m5,1900,48.739072735627865
T2,MPC,speed_m5,1920,48.85110058632232
T2,MPC,speed_m5,1940,48.826776796391755
T2,MPC,speed_m5,1960,49.19590593180842
T2,MPC,speed_m5,1980,49.94958574951676
T2,MPC,speed_m5,2000,48.868431541183426
T2,MPC,speed_m5,2020,48.77870469916953
T2,MPC,speed_m5,2040,49.056217402294536
T2,MPC,speed_m5,2060,50.45667522173898
T2,MPC,speed_m5,2080,49.40117747347509
T2,MPC,speed_m5,2100,50.27222072868342
T2,MPC,speed_m5,2120,51.90231852729453
T2,MPC,speed_m5,2140,52.83338120437787
T2,MPC,speed_m5,2160,53.76384126340565
T2,MPC,speed_m5,2180,56.25669923910009
T2,MPC,speed_m5,2200,57.79342919048898
T2,MPC,speed_m5,2220,57.984045537711204
T2,MPC,speed_m5,2240,58.938382926600084
T2,MPC,speed_m5,2260,60.06585750472509
T2,MPC,speed_m5,2280,60.89061043528065
T2,lookup,speed_m5,0,0.0
T2,lookup,speed_m5,20,0.0
T2,lookup,speed_m5,40,0.0
T2,lookup,speed_m5,60,0.0
T2,lookup,speed_m5,80,0.0
T2,lookup,speed_m5,100,0.0
T2,lookup,speed_m5,120,0.0
T2,lookup,speed_m5,140,0.0
T2,lookup,speed_m5,160,0.0
T2,lookup,speed_m5,180,0.0
T2,lookup,speed_m5,200,-1.1605677868686253
T2,lookup,speed_m5,220,-3.1793521133744984
T2,lookup,speed_m5,240,-6.507497118443807
T2,lookup,speed_m5,260,-10.02929871566603
T2,lookup,speed_m5,280,-14.107676823304917
T2,lookup,speed_m5,300,-17.200974625388252
T2,lookup,speed_m5,320,-21.027780144485476
T2,lookup,speed_m5,340,-24.825380456985478
T2,lookup,speed_m5,360,-25.825953588929924
T2,lookup,speed_m5,380,-25.877055095874365
T2,lookup,speed_m5,400,-26.543525414930556
T2,lookup,speed_m5,420,-26.047305081597223
T2,lookup,speed_m5,440,-24.104173963541665
T2,lookup,speed_m5,460,-22.403772401041667
T2,lookup,speed_m5,480,-22.716924868055557
T2,lookup,speed_m5,500,-18.956612850694444
T2,lookup,speed_m5,520,-16.78832346701389
T2,lookup,speed_m5,540,-16.704900309027778
T2,lookup,speed_m5,560,-15.636514069444447
T2,lookup,speed_m5,580,-15.516365562500003
T2,lookup,speed_m5,600,-18.488626003395083
T2,lookup,speed_m5,620,-16.298701889654374
T2,lookup,speed_m5,640,-7.650519754237704
T2,lookup,speed_m5,660,-1.534327337571038
T2,lookup,speed_m5,680,-2.681650229932149
T2,lookup,speed_m5,700,-6.052463038959927
T2,lookup,speed_m5,720,-6.288706629237705
T2,lookup,speed_m5,740,-5.654149736876594
T2,lookup,speed_m5,760,-8.084401736876595
T2,lookup,speed_m5,780,-11.88525416743215
T2,lookup,speed_m5,800,-15.169600976459929
T2,lookup,speed_m5,820,-18.163740650071038
T2,lookup,speed_m5,840,-21.745180108404373
T2,lookup,speed_m5,860,-22.31543140354326
T2,lookup,speed_m5,880,-24.808170823682147
T2,lookup,speed_m5,900,-26.53642161882104
T2,lookup,speed_m5,920,-27.933178879237705
T2,lookup,speed_m5,940,-28.424317879237705
T2,lookup,speed_m5,960,-29.223658413959928
T2,lookup,speed_m5,980,-28.60494958409882
T2,lookup,speed_m5,1000,-29.59808350770993
T2,lookup,speed_m5,1020,-32.42152072298771
T2,lookup,speed_m5,1040,-34.682077344515484
T2,lookup,speed_m5,1060,-35.05177444520993
T2,lookup,speed_m5,1080,-35.78830695909882
T2,lookup,speed_m5,1100,-37.069610563265485
T2,lookup,speed_m5,1120,-39.210492900071046
T2,lookup,speed_m5,1140,-41.61612458757104
T2,lookup,speed_m5,1160,-44.60753340354326
T2,lookup,speed_m5,1180,-46.848688663959926
T2,lookup,speed_m5,1200,-53.04417497441949
T2,lookup,speed_m5,1220,-60.43877269250319
T2,lookup,speed_m5,1240,-65.44883670986431
T2,lookup,speed_m5,1260,-70.31782395291987
T2,lookup,speed_m5,1280,-76.1852728348643
T2,lookup,speed_m5,1300,-81.03578618555876
T2,lookup,speed_m5,1320,-83.5070987550032
T2,lookup,speed_m5,1340,-85.06458013694764
T2,lookup,speed_m5,1360,-85.19246148416987
T2,lookup,speed_m5,1380,-85.76881540430875
T2,lookup,speed_m5,1400,-84.86845516993375
T2,lookup,speed_m5,1420,-82.40994014041985
T2,lookup,speed_m5,1440,-79.89747533486431
T2,lookup,speed_m5,1460,-76.27532257097542
T2,lookup,speed_m5,1480,-71.79745520986431
T2,lookup,speed_m5,1500,-66.4864045675032
T2,lookup,speed_m5,1520,-64.14328545465597
T2,lookup,speed_m5,1540,-63.07141032097542
T2,lookup,speed_m5,1560,-59.44392159875319
T2,lookup,speed_m5,1580,-59.60943726194763
T2,lookup,speed_m5,1600,-58.84742555014208
T2,lookup,speed_m5,1620,-57.92584435569763
T2,lookup,speed_m5,1640,-54.27626369771153
T2,lookup,speed_m5,1660,-51.36549236437819
T2,lookup,speed_m5,1680,-49.226790324447634
T2,lookup,speed_m5,1700,-46.90741296680874
T2,lookup,speed_m5,1720,-42.75190427410041
T2,lookup,speed_m5,1740,-42.3905369754893
T2,lookup,speed_m5,1760,-42.33583928278097
T2,lookup,speed_m5,1780,-40.14312852410041
T2,lookup,speed_m5,1800,-39.657920956392076
T2,lookup,speed_m5,1820,-41.25899925500318
T2,lookup,speed_m5,1840,-42.47686874458652
T2,lookup,speed_m5,1860,-41.45864291819763
T2,lookup,speed_m5,1880,-40.36750639562818
T2,lookup,speed_m5,1900,-40.3605994286143
T2,lookup,speed_m5,1920,-40.72272208312819
T2,lookup,speed_m5,1940,-42.1681190379893
T2,lookup,speed_m5,1960,-43.584575718544855
T2,lookup,speed_m5,1980,-48.869410860905965
T2,lookup,speed_m5,2000,-52.16985515257263
T2,lookup,speed_m5,2020,-51.247297975489296
T2,lookup,speed_m5,2040,-50.51605125153097
T2,lookup,speed_m5,2060,-46.97439174805874
T2,lookup,speed_m5,2080,-45.83843873590597
T2,lookup,speed_m5,2100,-46.99335206055874
T2,lookup,speed_m5,2120,-44.11020103625319
T2,lookup,speed_m5,2140,-41.20305759528097
T2,lookup,speed_m5,2160,-37.880648432086524
T2,lookup,speed_m5,2180,-32.62932035396152
T2,lookup,speed_m5,2200,-29.051367110905968
T2,lookup,speed_m5,2220,-24.447547435558747
T2,lookup,speed_m5,2240,-20.567466876530965
T2,lookup,speed_m5,2260,-19.824404666461522
T2,lookup,speed_m5,2280,-17.460684454655965
T2,MPC,speed_p5,0,0.0
T2,MPC,speed_p5,20,0.0
T2,MPC,speed_p5,40,0.0
T2,MPC,speed_p5,60,0.0
T2,MPC,speed_p5,80,0.0
T2,MPC,speed_p5,100,0.0
T2,MPC,speed_p5,120,0.0
T2,MPC,speed_p5,140,0.0
T2,MPC,speed_p5,160,0.0
T2,MPC,speed_p5,180,0.0
T2,MPC,speed_p5,200,-0.5584582370541891
T2,MPC,speed_p5,220,-0.6494804019847447
T2,MPC,speed_p5,240,-0.678655375943078
T2,MPC,speed_p5,260,-0.6654987578875224
T2,MPC,speed_p5,280,-0.8312083499014113
T2,MPC,speed_p5,300,-0.8924343429569668
T2,MPC,speed_p5,320,-1.356987530456967
T2,MPC,speed_p5,340,-1.9158269610125225
T2,MPC,speed_p5,360,-2.0845880130958556
T2,MPC,speed_p5,380,-2.073126856845856
T2,MPC,speed_p5,400,-2.699058535755052
T2,MPC,speed_p5,420,-3.1294250201300517
T2,MPC,speed_p5,440,-3.8371691902689404
T2,MPC,speed_p5,460,-3.488613343046718
T2,MPC,speed_p5,480,-2.603517648602274
T2,MPC,speed_p5,500,-2.9030549367967184
T2,MPC,speed_p5,520,-2.6831555999911627
T2,MPC,speed_p5,540,-3.0093085774217183
T2,MPC,speed_p5,560,-1.802662778810607
T2,MPC,speed_p5,580,-1.5343480479078293
T2,MPC,speed_p5,600,-2.0636903687559767
T2,MPC,speed_p5,620,-1.9748298652837541
T2,MPC,speed_p5,640,-1.9247919607698654
T2,MPC,speed_p5,660,-0.48557112743653197
T2,MPC,speed_p5,680,0.8948282041606901
T2,MPC,speed_p5,700,1.3316217874940235
T2,MPC,speed_p5,720,2.140468374299579
T2,MPC,speed_p5,740,3.5774982736051353
T2,MPC,speed_p5,760,4.488937065271801
T2,MPC,speed_p5,780,5.173748537494024
T2,MPC,speed_p5,800,5.935675680535741
T2,MPC,speed_p5,820,7.022779045119075
T2,MPC,speed_p5,840,8.337044763869075
T2,MPC,speed_p5,860,8.842419416646852
T2,MPC,speed_p5,880,9.195302354146854
T2,MPC,speed_p5,900,10.05052978817463
T2,MPC,speed_p5,920,10.472084826369075
T2,MPC,speed_p5,940,11.573829576369075
T2,MPC,speed_p5,960,12.675801302063519
T2,MPC,speed_p5,980,13.652981902757965
T2,MPC,speed_p5,1000,14.559660317451478
T2,MPC,speed_p5,1020,15.417549004951475
T2,MPC,speed_p5,1040,15.599814956340367
T2,MPC,speed_p5,1060,15.764320473701478
T2,MPC,speed_p5,1080,16.334335032729253
T2,MPC,speed_p5,1100,17.38076140425703
T2,MPC,speed_p5,1120,18.515137050090367
T2,MPC,speed_p5,1140,19.57806639731259
T2,MPC,speed_p5,1160,20.103071046618144
T2,MPC,speed_p5,1180,20.094524716757036
T2,MPC,speed_p5,1200,19.167351772958334
T2,MPC,speed_p5,1220,19.251246147958334
T2,MPC,speed_p5,1240,20.397569241708336
T2,MPC,speed_p5,1260,20.535547835458335
T2,MPC,speed_p5,1280,20.703583672263886
T2,MPC,speed_p5,1300,21.012772262541667
T2,MPC,speed_p5,1320,22.00189682504167
T2,MPC,speed_p5,1340,23.67757638059722
T2,MPC,speed_p5,1360,25.392008241708332
T2,MPC,speed_p5,1380,26.66551339448611
T2,MPC,speed_p5,1400,26.660108314996087
T2,MPC,speed_p5,1420,27.46206768131553
T2,MPC,speed_p5,1440,28.005505438259974
T2,MPC,speed_p5,1460,28.753838500759976
T2,MPC,speed_p5,1480,29.049835347982203
T2,MPC,speed_p5,1500,29.817035747287754
T2,MPC,speed_p5,1520,30.281414466037752
T2,MPC,speed_p5,1540,31.489901985134978
T2,MPC,speed_p5,1560,32.3771402386072
T2,MPC,speed_p5,1580,32.48443544694053
T2,MPC,speed_p5,1600,32.060297597836175
T2,MPC,speed_p5,1620,33.42686670547507
T2,MPC,speed_p5,1640,34.57931830790562
T2,MPC,speed_p5,1660,33.60305585478063
T2,MPC,speed_p5,1680,33.47727174366951
T2,MPC,speed_p5,1700,34.669255875613956
T2,MPC,speed_p5,1720,36.84589760304451
T2,MPC,speed_p5,1740,37.8419672419334
T2,MPC,speed_p5,1760,38.61388343811395
T2,MPC,speed_p5,1780,38.631166929433405
T2,MPC,speed_p5,1800,38.60205198062748
T2,MPC,speed_p5,1820,38.50734534347471
T2,MPC,speed_p5,1840,38.282960916391374
T2,MPC,speed_p5,1860,40.116183402502486
T2,MPC,speed_p5,1880,42.15821524625248
T2,MPC,speed_p5,1900,41.79881078271082
T2,MPC,speed_p5,1920,42.10847278271082
T2,MPC,speed_p5,1940,42.041980569169155
T2,MPC,speed_p5,1960,42.3178830604886
T2,MPC,speed_p5,1980,43.71653166812749
T2,MPC,speed_p5,2000,42.821833951113604
T2,MPC,speed_p5,2020,42.69162172194693
T2,MPC,speed_p5,2040,43.21449102750249
T2,MPC,speed_p5,2060,44.82539025493304
T2,MPC,speed_p5,2080,43.3066112479886
T2,MPC,speed_p5,2100,44.5897357479886
T2,MPC,speed_p5,2120,47.01536351882193
T2,MPC,speed_p5,2140,47.19621364729416
T2,MPC,speed_p5,2160,47.2319673278497
T2,MPC,speed_p5,2180,50.45215687646082
T2,MPC,speed_p5,2200,52.71833212646082
T2,MPC,speed_p5,2220,52.24063890076637
T2,MPC,speed_p5,2240,52.95537911778027
T2,MPC,speed_p5,2260,54.67433434868305
T2,MPC,speed_p5,2280,56.98422924625248
T2,lookup,speed_p5,0,0.0
T2,lookup,speed_p5,20,0.0
T2,lookup,speed_p5,40,0.0
T2,lookup,speed_p5,60,0.0
T2,lookup,speed_p5,80,0.0
T2,lookup,speed_p5,100,0.0
T2,lookup,speed_p5,120,0.0
T2,lookup,speed_p5,140,0.0
T2,lookup,speed_p5,160,0.0
T2,lookup,speed_p5,180,0.0
T2,lookup,speed_p5,200,-1.1605677868686253
T2,lookup,speed_p5,220,-3.179352277916802
T2,lookup,speed_p5,240,-6.5074986302083335
T2,lookup,speed_p5,260,-10.029299250000001
T2,lookup,speed_p5,280,-14.107684083333334
T2,lookup,speed_p5,300,-17.200992631944445
T2,lookup,speed_p5,320,-21.02779550173611
T2,lookup,speed_p5,340,-24.825402116319445
T2,lookup,speed_p5,360,-25.82599173090278
T2,lookup,speed_p5,380,-25.877114810763892
T2,lookup,speed_p5,400,-26.543556388888888
T2,lookup,speed_p5,420,-26.047324850694444
T2,lookup,speed_p5,440,-24.104266788194444
T2,lookup,speed_p5,460,-22.403929506944447
T2,lookup,speed_p5,480,-22.717133562500003
T2,lookup,speed_p5,500,-18.95680839236111
T2,lookup,speed_p5,520,-16.788436032986112
T2,lookup,speed_p5,540,-16.70500011111111
T2,lookup,speed_p5,560,-15.636541227430556
T2,lookup,speed_p5,580,-15.516420935763891
T2,lookup,speed_p5,600,-18.488684536381193
T2,lookup,speed_p5,620,-16.29873078027937
T2,lookup,speed_p5,640,-7.650475419168261
T2,lookup,speed_p5,660,-1.534162398334927
T2,lookup,speed_p5,680,-2.6815042351404825
T2,lookup,speed_p5,700,-6.052316832362704
T2,lookup,speed_p5,720,-6.2885364434738165
T2,lookup,speed_p5,740,-5.6539485893071495
T2,lookup,speed_p5,760,-8.084189280279372
T2,lookup,speed_p5,780,-11.88507165180715
T2,lookup,speed_p5,800,-15.169342488612706
T2,lookup,speed_p5,820,-18.16342847819604
T2,lookup,speed_p5,840,-21.744842144862705
T2,lookup,speed_p5,860,-22.315075051112704
T2,lookup,speed_p5,880,-24.807895710834927
T2,lookup,speed_p5,900,-26.536191019862706
T2,lookup,speed_p5,920,-27.932851235140483
T2,lookup,speed_p5,940,-28.424083002501593
T2,lookup,speed_p5,960,-29.22346808583493
T2,lookup,speed_p5,980,-28.604774561529375
T2,lookup,speed_p5,1000,-29.597857943473816
T2,lookup,speed_p5,1020,-32.42124558583493
T2,lookup,speed_p5,1040,-34.68180098861271
T2,lookup,speed_p5,1060,-35.05151856152937
T2,lookup,speed_p5,1080,-35.78808347819604
T2,lookup,speed_p5,1100,-37.0693793150016
T2,lookup,speed_p5,1120,-39.21028886014049
T2,lookup,speed_p5,1140,-41.61589374208493
T2,lookup,speed_p5,1160,-44.60733663444604
T2,lookup,speed_p5,1180,-46.8484500650016
T2,lookup,speed_p5,1200,-53.043937285183375
T2,lookup,speed_p5,1220,-60.43849471854485
T2,lookup,speed_p5,1240,-65.44855704840597
T2,lookup,speed_p5,1260,-70.31750522201709
T2,lookup,speed_p5,1280,-76.18496807271153
T2,lookup,speed_p5,1300,-81.0354576768782
T2,lookup,speed_p5,1320,-83.50675846854487
T2,lookup,speed_p5,1340,-85.06429713868376
T2,lookup,speed_p5,1360,-85.1921818817393
T2,lookup,speed_p5,1380,-85.76855107965598
T2,lookup,speed_p5,1400,-84.86819416472541
T2,lookup,speed_p5,1420,-82.40962798243376
T2,lookup,speed_p5,1440,-79.89716268382263
T2,lookup,speed_p5,1460,-76.2750148018782
T2,lookup,speed_p5,1480,-71.79705292340597
T2,lookup,speed_p5,1500,-66.48602714215596
T2,lookup,speed_p5,1520,-64.14295007618374
T2,lookup,speed_p5,1540,-63.07110415604485
T2,lookup,speed_p5,1560,-59.443519044933744
T2,lookup,speed_p5,1580,-59.609072112642075
T2,lookup,speed_p5,1600,-58.847149376530965
T2,lookup,speed_p5,1620,-57.9255498973643
T2,lookup,speed_p5,1640,-54.27602835396152
T2,lookup,speed_p5,1660,-51.36521740951707
T2,lookup,speed_p5,1680,-49.22657047722541
T2,lookup,speed_p5,1700,-46.907119189030965
T2,lookup,speed_p5,1720,-42.75152215604486
T2,lookup,speed_p5,1740,-42.39014827062819
T2,lookup,speed_p5,1760,-42.33546972375319
T2,lookup,speed_p5,1780,-40.14274648069763
T2,lookup,speed_p5,1800,-39.65754841993374
T2,lookup,speed_p5,1820,-41.25859009701708
T2,lookup,speed_p5,1840,-42.47648506576707
T2,lookup,speed_p5,1860,-41.458263204655964
T2,lookup,speed_p5,1880,-40.367102546669855
T2,lookup,speed_p5,1900,-40.360195426878185
T2,lookup,speed_p5,1920,-40.722288612642075
T2,lookup,speed_p5,1940,-42.167682065767075
T2,lookup,speed_p5,1960,-43.58413559528096
T2,lookup,speed_p5,1980,-48.868843567503184
T2,lookup,speed_p5,2000,-52.169218011947635
T2,lookup,speed_p5,2020,-51.24660866993374
T2,lookup,speed_p5,2040,-50.51538777062819
T2,lookup,speed_p5,2060,-46.97378673590596
T2,lookup,speed_p5,2080,-45.83794064041985
T2,lookup,speed_p5,2100,-46.99286683833652
T2,lookup,speed_p5,2120,-44.10970241125319
T2,lookup,speed_p5,2140,-41.20261815778096
T2,lookup,speed_p5,2160,-37.88020640083652
T2,lookup,speed_p5,2180,-32.62887761958652
T2,lookup,speed_p5,2200,-29.050796244586525
T2,lookup,speed_p5,2220,-24.446956715072634
T2,lookup,speed_p5,2240,-20.566912343544853
T2,lookup,speed_p5,2260,-19.823890880003187
T2,lookup,speed_p5,2280,-17.46022041472541
