cell,family,segments,updates,time_s,cumulative_net_difference_kwh,farm_MW,noyaw_MW
OC-73090801__T1,T1,1,1,0,0,,
OC-73090801__T1,T1,1,1,20,0.0,5.63894034375,5.63894034375
OC-73090801__T1,T1,1,1,40,0.0,5.76279921875,5.76279921875
OC-73090801__T1,T1,1,1,60,0.0,6.50575009375,6.50575009375
OC-73090801__T1,T1,1,1,80,0.0,6.401954,6.401954
OC-73090801__T1,T1,1,1,100,0.0,6.75075159375,6.75075159375
OC-73090801__T1,T1,1,1,120,0.0,7.53221728125,7.53221728125
OC-73090801__T1,T1,1,1,140,0.0,6.98716803125,6.98716803125
OC-73090801__T1,T1,1,1,160,0.0,5.7354805625,5.7354805625
OC-73090801__T1,T1,1,1,180,0.0,5.645626578125,5.645626578125
OC-73090801__T1,T1,1,1,200,-0.3002379478683472,5.548249875,5.54786334375
OC-73090801__T1,T1,1,1,220,-0.28694880203501383,6.10896503125,6.1022494375
OC-73090801__T1,T1,1,1,240,-0.3312647621044583,6.9477283125,6.96200275
OC-73090801__T1,T1,1,1,260,-0.36443037668779166,7.125078625,7.1204545
OC-73090801__T1,T1,1,1,280,-0.34594104161834716,6.480559375,6.4856886875
OC-73090801__T1,T1,1,1,300,-0.3256269669655694,6.03854471875,6.02740509375
OC-73090801__T1,T1,1,1,320,-0.3126793089794583,5.97715478125,5.97834959375
OC-73090801__T1,T1,1,1,340,-0.23679663189612496,5.8447771875,5.81711415625
OC-73090801__T1,T1,1,1,360,-0.1857671232155694,7.01873825,7.00601021875
OC-73090801__T1,T1,1,1,380,-0.19158195828501384,7.35396840625,7.3594466875
OC-73090801__T1,T1,1,1,400,-0.5509386674050225,7.80142196875,7.81423321875
OC-73090801__T1,T1,1,1,420,-0.5159300580300226,8.4664489375,8.438784625
OC-73090801__T1,T1,1,1,440,-0.31387894171057806,9.93473925,9.8810420625
OC-73090801__T1,T1,1,1,460,0.023604731900533027,11.4688980625,11.43159825
OC-73090801__T1,T1,1,1,480,0.3491539159283109,13.5381080625,13.4528861875
OC-73090801__T1,T1,1,1,500,0.7702148638449775,13.9416634375,13.8832150625
OC-73090801__T1,T1,1,1,520,0.9476992319005331,15.0365213125,15.0585355
OC-73090801__T1,T1,1,1,540,0.7768859853727554,14.257881,14.2668485625
OC-73090801__T1,T1,1,1,560,1.052971634678311,15.4415348125,15.3673894375
OC-73090801__T1,T1,1,1,580,1.0514032666227553,15.7464515,15.7727634375
OC-73090801__T1,T1,1,1,600,0.3786892098750009,14.8136633125,14.90980575
OC-73090801__T1,T1,1,1,620,0.2489472029305565,13.9265581875,13.82160675
OC-73090801__T1,T1,1,1,640,0.7560732862638898,14.001832625,13.929470375
OC-73090801__T1,T1,1,1,660,1.5153782064027785,14.2221215,14.1568856875
OC-73090801__T1,T1,1,1,680,2.1958031057083343,13.3347293125,13.123746625
OC-73090801__T1,T1,1,1,700,2.7626456439027787,14.3123689375,14.5244975625
OC-73090801__T1,T1,1,1,720,2.7152365570972234,12.9076314375,12.8973336875
OC-73090801__T1,T1,1,1,740,3.3177392515416675,13.4437221875,13.138918125
OC-73090801__T1,T1,1,1,760,4.311638702930557,12.6991196875,12.5071934375
OC-73090801__T1,T1,1,1,780,5.396489435569445,14.0223055,13.949527375
OC-73090801__T1,T1,1,1,800,5.499988260667483,12.7353439375,12.5847695
OC-73090801__T1,T1,1,1,820,6.516392054070261,12.55698346875,12.31285315625
OC-73090801__T1,T1,1,1,840,7.876779699903595,13.8000181875,13.667599
OC-73090801__T1,T1,1,1,860,8.842167602681373,13.593957625,13.568679875
OC-73090801__T1,T1,1,1,880,8.37049676934804,13.45192025,13.5212941875
OC-73090801__T1,T1,1,1,900,8.598707557542484,12.053969875,12.0209179375
OC-73090801__T1,T1,1,1,920,8.076678057542484,13.1632825,13.272825875
OC-73090801__T1,T1,1,1,940,8.370805095736928,14.37167725,14.347875
OC-73090801__T1,T1,1,1,960,8.506855844000816,14.28420790625,14.2675574375
OC-73090801__T1,T1,1,1,980,8.630464571431373,15.163997125,15.157077
OC-73090801__T1,T1,1,1,1000,8.505341262644132,14.1809255,14.1189600625
OC-73090801__T1,T1,1,1,1020,8.39058069667191,12.6261111875,12.7549359375
OC-73090801__T1,T1,1,1,1040,7.653271974449687,13.3350578125,13.4828211875
OC-73090801__T1,T1,1,1,1060,7.213236686255243,13.3467284375,13.452742125
OC-73090801__T1,T1,1,1,1080,7.479568043894133,14.2844931875,14.2684394375
OC-73090801__T1,T1,1,1,1100,7.4626447036163555,13.1147145625,13.126040375
OC-73090801__T1,T1,1,1,1120,7.723423224449688,12.651091,12.4798100625
OC-73090801__T1,T1,1,1,1140,7.757933905005244,14.034081875,14.1394426875
OC-73090801__T1,T1,1,1,1160,7.117819873755243,13.1704535,13.1340801875
OC-73090801__T1,T1,1,1,1180,7.541665839033021,10.432865,10.3153496875
OC-73090801__T1,T1,1,1,1200,8.248169576131186,9.7190495625,9.538627125
OC-73090801__T1,T1,1,1,1220,9.041854655992296,8.31225034375,8.2535364375
OC-73090801__T1,T1,1,1,1240,9.28320441293674,7.33710078125,7.250929625
OC-73090801__T1,T1,1,1,1260,9.86289721762424,6.502271671875,6.41606578125
OC-73090801__T1,T1,1,1,1280,10.187025629950629,5.92293284375,5.94103121875
OC-73090801__T1,T1,1,1,1300,9.99482629054091,5.692330078125,5.67890434375
OC-73090801__T1,T1,1,1,1320,10.21107957699924,5.29959771875,5.2866816875
OC-73090801__T1,T1,1,1,1340,10.093960669013128,5.340882859375,5.35402696875
OC-73090801__T1,T1,1,1,1360,9.900230687242296,6.177160875,6.159666875
OC-73090801__T1,T1,1,1,1380,10.326615565714519,6.2547645625,6.176426875
OC-73090801__T1,T1,1,1,1400,10.316913588596663,5.77756615625,5.741637328125
OC-73090801__T1,T1,1,1,1420,10.184708925402218,6.02668321875,6.037145234375
OC-73090801__T1,T1,1,1,1440,10.053598432346663,6.299446421875,6.321025171875
OC-73090801__T1,T1,1,1,1460,9.988087345541107,5.7317823125,5.76071425
OC-73090801__T1,T1,1,1,1480,9.874193000054996,5.905351625,5.91533009375
OC-73090801__T1,T1,1,1,1500,9.746917559082773,5.63358640625,5.65320921875
OC-73090801__T1,T1,1,1,1520,9.808798644152217,5.3812655625,5.3642325625
OC-73090801__T1,T1,1,1,1540,9.80384366324944,6.16773021875,6.1270065
OC-73090801__T1,T1,1,1,1560,9.60963381949944,6.1717301875,6.23983271875
OC-73090801__T1,T1,1,1,1580,9.368980276096663,6.228501625,6.24501909375
OC-73090801__T1,T1,1,1,1600,9.316987590034802,6.1201725625,6.05946128125
OC-73090801__T1,T1,1,1,1620,9.425375987604248,5.6214230625,5.607870375
OC-73090801__T1,T1,1,1,1640,9.500437241076472,5.819949625,5.84372103125
OC-73090801__T1,T1,1,1,1660,9.55622172718758,5.2588959375,5.23574053125
OC-73090801__T1,T1,1,1,1680,9.658555874757027,5.8436020625,5.82832846875
OC-73090801__T1,T1,1,1,1700,9.534721329618137,5.23618321875,5.28478521875
OC-73090801__T1,T1,1,1,1720,9.299693977187584,5.14791434375,5.22020040625
OC-73090801__T1,T1,1,1,1740,9.209402652534802,5.10087275,5.08626990625
OC-73090801__T1,T1,1,1,1760,9.329236477187582,5.562235890625,5.5153045625
OC-73090801__T1,T1,1,1,1780,9.581622807916748,6.1860555,6.1713634375
OC-73090801__T1,T1,1,1,1800,9.336208375067288,5.84582809375,5.83534034375
OC-73090801__T1,T1,1,1,1820,9.260803494858955,5.90870325,5.92460684375
OC-73090801__T1,T1,1,1,1840,9.174071067775621,6.10848234375,6.10428228125
OC-73090801__T1,T1,1,1,1860,9.302080145032566,6.56385790625,6.5284555625
OC-73090801__T1,T1,1,1,1880,9.397917004407565,6.222506875,6.18578709375
OC-73090801__T1,T1,1,1,1900,9.689076311699234,6.49610396875,6.43668275
OC-73090801__T1,T1,1,1,1920,9.8039120564909,5.8217303125,5.812755875
OC-73090801__T1,T1,1,1,1940,9.919029115518677,5.80520165625,5.7363695625
OC-73090801__T1,T1,1,1,1960,10.14582121447701,6.087418625,6.0445961875
OC-73090801__T1,T1,1,1,1980,10.087772304754788,5.6711401875,5.69120115625
OC-73090801__T1,T1,1,1,2000,10.130807735310343,5.64819990625,5.62899421875
OC-73090801__T1,T1,1,1,2020,10.470642466213121,5.36332725,5.2940413125
OC-73090801__T1,T1,1,1,2040,10.556213520032564,5.59885684375,5.59270853125
OC-73090801__T1,T1,1,1,2060,10.546965381143677,5.68428425,5.699720625
OC-73090801__T1,T1,1,1,2080,10.570618584268678,6.3250235,6.24878515625
OC-73090801__T1,T1,1,1,2100,10.781760993122843,6.054611953125,6.075332921875
OC-73090801__T1,T1,1,1,2120,10.464614650240899,5.9859035625,6.04331503125
OC-73090801__T1,T1,1,1,2140,10.6221550721159,6.16804528125,6.088943875
OC-73090801__T1,T1,1,1,2160,11.116731200588122,5.43511959375,5.3406093125
OC-73090801__T1,T1,1,1,2180,11.383934247463122,5.12468328125,5.12137946875
OC-73090801__T1,T1,1,1,2200,11.435400740518677,5.45603034375,5.4062680625
OC-73090801__T1,T1,1,1,2220,11.708684849893677,5.35539084375,5.3193904375
OC-73090801__T1,T1,1,1,2240,11.949980719685344,5.31467303125,5.271959875
OC-73090801__T1,T1,1,1,2260,12.139052315171455,6.2201348125,6.2128394375
OC-73090801__T1,T1,1,1,2280,12.047408004407567,6.5584339375,6.5928701875
OC-73090801__T2,T2,1,1,0,0,,
OC-73090801__T2,T2,1,1,20,0.0,8.6411539375,8.6411539375
OC-73090801__T2,T2,1,1,40,0.0,8.994719875,8.994719875
OC-73090801__T2,T2,1,1,60,0.0,9.78346778125,9.78346778125
OC-73090801__T2,T2,1,1,80,0.0,10.7587421875,10.7587421875
OC-73090801__T2,T2,1,1,100,0.0,10.1047601875,10.1047601875
OC-73090801__T2,T2,1,1,120,0.0,9.88065646875,9.88065646875
OC-73090801__T2,T2,1,1,140,0.0,8.5016530625,8.5016530625
OC-73090801__T2,T2,1,1,160,0.0,8.6846974375,8.6846974375
OC-73090801__T2,T2,1,1,180,0.0,9.2467648125,9.2467648125
OC-73090801__T2,T2,1,1,200,-0.22356061514621312,8.5869063125,8.58301784375
OC-73090801__T2,T2,1,1,220,-0.2630106325073242,10.29679928125,10.31616759375
OC-73090801__T2,T2,1,1,240,-0.26829826271565754,10.745769625,10.744485375
OC-73090801__T2,T2,1,1,260,-0.272777504035102,9.8718543125,9.87600459375
OC-73090801__T2,T2,1,1,280,-0.25672798320176865,9.379102375,9.3771780625
OC-73090801__T2,T2,1,1,300,-0.31513715334065756,8.65800625,8.66842525
OC-73090801__T2,T2,1,1,320,-0.4206224328545465,9.28113409375,9.3030125
OC-73090801__T2,T2,1,1,340,-0.507287300910102,10.021799125,10.0382969375
OC-73090801__T2,T2,1,1,360,-0.5359462800767687,11.01844725,11.00823775
OC-73090801__T2,T2,1,1,380,-0.3044245231323242,10.3494035,10.3039554375
OC-73090801__T2,T2,1,1,400,-0.33294041088072457,9.610601375,9.6321400625
OC-73090801__T2,T2,1,1,420,-0.5948353761585023,10.19483759375,10.251772875
OC-73090801__T2,T2,1,1,440,-0.6608210046307246,10.5468536875,10.55151275
OC-73090801__T2,T2,1,1,460,-0.8229118796307247,10.6799529375,10.691381625
OC-73090801__T2,T2,1,1,480,-0.9085593188668357,9.4617355625,9.4973703125
OC-73090801__T2,T2,1,1,500,-0.9522846921307246,9.14517134375,9.1422416875
OC-73090801__T2,T2,1,1,520,-1.0936867754640578,9.4497386875,9.51368515625
OC-73090801__T2,T2,1,1,540,-0.9842893327557246,9.6268961875,9.58223553125
OC-73090801__T2,T2,1,1,560,-0.8826262285890579,11.76504859375,11.79844284375
OC-73090801__T2,T2,1,1,580,-0.7852666487279468,12.70015628125,12.629571875
OC-73090801__T2,T2,1,1,600,-0.8922228806480832,12.754323375,12.76786871875
OC-73090801__T2,T2,1,1,620,-0.8031364657175276,12.10413840625,12.10238996875
OC-73090801__T2,T2,1,1,640,-0.6973139535647499,13.512683375,13.4107009375
OC-73090801__T2,T2,1,1,660,0.3619163363658058,15.9067329375,15.714194875
OC-73090801__T2,T2,1,1,680,1.0041429457408058,15.3551563125,15.32205875
OC-73090801__T2,T2,1,1,700,1.5312630846296946,15.4260484375,15.2922630625
OC-73090801__T2,T2,1,1,720,2.4457920811574727,13.8320589375,13.6961591875
OC-73090801__T2,T2,1,1,740,2.800349619351917,13.7731228125,13.67218625
OC-73090801__T2,T2,1,1,760,3.4818297443519173,14.1948134375,14.067286875
OC-73090801__T2,T2,1,1,780,4.125548025601917,15.219666375,15.066776375
OC-73090801__T2,T2,1,1,800,4.940100166424965,15.060933375,14.894612
OC-73090801__T2,T2,1,1,820,5.769938888647186,13.9710326875,13.768676375
OC-73090801__T2,T2,1,1,840,6.783674069202741,14.5743538125,14.4631510625
OC-73090801__T2,T2,1,1,860,7.308051048369408,14.4246448125,14.3565565
OC-73090801__T2,T2,1,1,880,7.841289537952741,15.0006841875,14.884876875
OC-73090801__T2,T2,1,1,900,8.446047798369408,14.5399236875,14.4308033125
OC-73090801__T2,T2,1,1,920,8.801295159480519,13.9157371875,13.8348146875
OC-73090801__T2,T2,1,1,940,9.327028531008295,15.1769940625,15.0185326875
OC-73090801__T2,T2,1,1,960,10.07968345809163,14.26390925,14.1814159375
OC-73090801__T2,T2,1,1,980,10.497976996286074,14.6055025625,14.4795771875
OC-73090801__T2,T2,1,1,1000,11.276539948629486,16.5900900625,16.384315625
OC-73090801__T2,T2,1,1,1020,12.200141195157263,16.266308625,16.151164875
OC-73090801__T2,T2,1,1,1040,12.758625316685041,15.210041625,15.100528625
OC-73090801__T2,T2,1,1,1060,13.184664900018374,14.09199325,14.0288516875
OC-73090801__T2,T2,1,1,1080,13.62294895557393,13.594183125,13.493788
OC-73090801__T2,T2,1,1,1100,14.449993820157264,14.177076875,14.003117875
OC-73090801__T2,T2,1,1,1120,15.566158545851707,14.5098889375,14.2943045625
OC-73090801__T2,T2,1,1,1140,16.50478729932393,15.3300815,15.184361875
OC-73090801__T2,T2,1,1,1160,17.072132726407265,14.64785,14.610568375
OC-73090801__T2,T2,1,1,1180,17.412567118768372,14.5581024375,14.4567135
OC-73090801__T2,T2,1,1,1200,17.374945125280913,14.094868875,14.026701
OC-73090801__T2,T2,1,1,1220,17.93070981278091,14.263901125,14.1044965
OC-73090801__T2,T2,1,1,1240,18.680216427364247,13.9742585,13.98110025
OC-73090801__T2,T2,1,1,1260,18.459658989864245,13.2986636875,13.3295473125
OC-73090801__T2,T2,1,1,1280,18.782604833614243,14.314731125,14.181617
OC-73090801__T2,T2,1,1,1300,19.415307083614245,13.6697495,13.591013375
OC-73090801__T2,T2,1,1,1320,19.85071397944758,14.026816625,13.903466375
OC-73090801__T2,T2,1,1,1340,20.644281785003134,13.6433471875,13.4897848125
OC-73090801__T2,T2,1,1,1360,21.452865107919802,13.5615426875,13.455766375
OC-73090801__T2,T2,1,1,1380,21.978696475975354,12.3096765625,12.224551
OC-73090801__T2,T2,1,1,1400,22.290754312984046,11.1835676875,11.0366003125
OC-73090801__T2,T2,1,1,1420,22.78655085638682,11.6980959375,11.642172375
OC-73090801__T2,T2,1,1,1440,22.677497432775713,10.406785875,10.3998445
OC-73090801__T2,T2,1,1,1460,22.788280762636823,9.95202925,9.8967843125
OC-73090801__T2,T2,1,1,1480,22.73075783208127,9.619119875,9.6476353125
OC-73090801__T2,T2,1,1,1500,22.85408656992849,9.308839,9.23359209375
OC-73090801__T2,T2,1,1,1520,22.73447955777571,8.64988425,8.644918375
OC-73090801__T2,T2,1,1,1540,22.98652354215071,8.990013,8.9456379375
OC-73090801__T2,T2,1,1,1560,22.835977816456268,9.3498269375,9.438826875
OC-73090801__T2,T2,1,1,1580,22.16536449006738,9.0382756875,9.0477809375
OC-73090801__T2,T2,1,1,1600,21.969830682102526,8.145999125,8.150021875
OC-73090801__T2,T2,1,1,1620,22.476866737658078,8.743778375,8.585934
OC-73090801__T2,T2,1,1,1640,22.667128051894192,8.0702534375,8.2370849375
OC-73090801__T2,T2,1,1,1660,22.253929914741413,8.99039025,8.94158175
OC-73090801__T2,T2,1,1,1680,21.919269531060856,8.46900871875,8.58329115625
OC-73090801__T2,T2,1,1,1700,21.76876994772752,7.6982574375,7.6553545625
OC-73090801__T2,T2,1,1,1720,22.648850683838635,8.8727859375,8.78831709375
OC-73090801__T2,T2,1,1,1740,22.4281093661303,8.1716615625,8.27278509375
OC-73090801__T2,T2,1,1,1760,22.558773093560855,8.78060153125,8.7317124375
OC-73090801__T2,T2,1,1,1780,22.56983430189419,8.8080886875,8.84979028125
OC-73090801__T2,T2,1,1,1800,22.582877076398216,8.46166646875,8.28665975
OC-73090801__T2,T2,1,1,1820,22.918754590287104,9.5468536875,9.4787455
OC-73090801__T2,T2,1,1,1840,22.845460250009328,9.27845625,9.2683376875
OC-73090801__T2,T2,1,1,1860,23.449028944453772,9.53191415625,9.4388183125
OC-73090801__T2,T2,1,1,1880,24.16085027257877,9.699125,9.599211125
OC-73090801__T2,T2,1,1,1900,23.893219661467658,9.0397515625,9.05234940625
OC-73090801__T2,T2,1,1,1920,23.42129403993988,8.96801534375,9.0399711875
OC-73090801__T2,T2,1,1,1940,23.30417519445377,8.606067125,8.6751390625
OC-73090801__T2,T2,1,1,1960,22.686738184037104,9.13192990625,9.144764625
OC-73090801__T2,T2,1,1,1980,22.5676471059121,9.217880375,9.279130625
OC-73090801__T2,T2,1,1,2000,22.092660034731548,8.374705375,8.413756125
OC-73090801__T2,T2,1,1,2020,21.857622781259327,7.6460145,7.65941496875
OC-73090801__T2,T2,1,1,2040,22.158666934037104,8.367477375,8.30622025
OC-73090801__T2,T2,1,1,2060,22.627622401050992,8.68220715625,8.77912521875
OC-73090801__T2,T2,1,1,2080,22.14284552257877,9.5648971875,9.574733875
OC-73090801__T2,T2,1,1,2100,22.551101550356545,9.6464179375,9.5358689375
OC-73090801__T2,T2,1,1,2120,23.281705048620434,8.6809874375,8.5304659375
OC-73090801__T2,T2,1,1,2140,23.80179950348155,8.75127275,8.657251125
OC-73090801__T2,T2,1,1,2160,24.400027762162104,7.71517471875,7.64387421875
OC-73090801__T2,T2,1,1,2180,25.13285923264821,8.52692165625,8.38112121875
OC-73090801__T2,T2,1,1,2200,25.442259890634325,8.42178075,8.327876875
OC-73090801__T2,T2,1,1,2220,25.364887213550993,7.723442875,7.72391903125
OC-73090801__T2,T2,1,1,2240,25.515647138898213,9.18040525,9.1762201875
OC-73090801__T2,T2,1,1,2260,25.645775211814883,9.0519474375,9.03564484375
OC-73090801__T2,T2,1,1,2280,25.823373598967656,8.882088875,8.84379740625
OC-73090801__T1,T1,1,2,0,0,,
OC-73090801__T1,T1,1,2,20,0.0,5.63894034375,5.63894034375
OC-73090801__T1,T1,1,2,40,0.0,5.76279921875,5.76279921875
OC-73090801__T1,T1,1,2,60,0.0,6.50575009375,6.50575009375
OC-73090801__T1,T1,1,2,80,0.0,6.401954,6.401954
OC-73090801__T1,T1,1,2,100,0.0,6.75075159375,6.75075159375
OC-73090801__T1,T1,1,2,120,0.0,7.53221728125,7.53221728125
OC-73090801__T1,T1,1,2,140,0.0,6.98716803125,6.98716803125
OC-73090801__T1,T1,1,2,160,0.0,5.7354805625,5.7354805625
OC-73090801__T1,T1,1,2,180,0.0,5.645626578125,5.645626578125
OC-73090801__T1,T1,1,2,200,-0.48260827982849547,5.54283984375,5.54786334375
OC-73090801__T1,T1,1,2,220,-0.48606060448127325,6.11281159375,6.1022494375
OC-73090801__T1,T1,1,2,240,-0.5607617833007177,6.937231625,6.96200275
OC-73090801__T1,T1,1,2,260,-0.6394362555229399,7.11912428125,7.1204545
OC-73090801__T1,T1,1,2,280,-0.6695065958007177,6.463754,6.4856886875
OC-73090801__T1,T1,1,2,300,-0.6903306461479399,6.0378191875,6.02740509375
OC-73090801__T1,T1,1,2,320,-0.7028390784396066,5.9778568125,5.97834959375
OC-73090801__T1,T1,1,2,340,-0.5649453770507177,5.87184134375,5.81711415625
OC-73090801__T1,T1,1,2,360,-0.42795833538405104,7.02755834375,7.00601021875
OC-73090801__T1,T1,1,2,380,-0.44572512705071765,7.3495005625,7.3594466875
OC-73090801__T1,T1,1,2,400,-1.0621530507799783,7.7894055625,7.81423321875
OC-73090801__T1,T1,1,2,420,-1.0448008754327562,8.4799715,8.438784625
OC-73090801__T1,T1,1,2,440,-0.7231945091133118,9.9634371875,9.8810420625
OC-73090801__T1,T1,1,2,460,-0.18992007855775628,11.469709375,11.43159825
OC-73090801__T1,T1,1,2,480,0.19351316102557703,13.5756623125,13.4528861875
OC-73090801__T1,T1,1,2,500,0.8055000464422438,13.987068125,13.8832150625
OC-73090801__T1,T1,1,2,520,0.9579555950533548,14.9940154375,15.0585355
OC-73090801__T1,T1,1,2,540,0.7300817478311329,14.30121025,14.2668485625
OC-73090801__T1,T1,1,2,560,1.4746353415811329,15.5127526875,15.3673894375
OC-73090801__T1,T1,1,2,580,1.6333089978311328,15.739917125,15.7727634375
OC-73090801__T1,T1,1,2,600,0.17315496368895644,14.6999229375,14.90980575
OC-73090801__T1,T1,1,2,620,-0.005120737699932709,14.0717111875,13.82160675
OC-73090801__T1,T1,1,2,640,0.8823308074389562,13.9957365,13.929470375
OC-73090801__T1,T1,1,2,660,2.1313723074389563,14.2355535,14.1568856875
OC-73090801__T1,T1,1,2,680,3.3813861373000673,13.5322805,13.123746625
OC-73090801__T1,T1,1,2,700,4.858987446327846,14.367261375,14.5244975625
OC-73090801__T1,T1,1,2,720,4.7824208699389565,12.931824125,12.8973336875
OC-73090801__T1,T1,1,2,740,6.138876758827846,13.694279875,13.138918125
OC-73090801__T1,T1,1,2,760,7.881202019244513,12.8304061875,12.5071934375
OC-73090801__T1,T1,1,2,780,9.969346328272291,14.0543278125,13.949527375
OC-73090801__T1,T1,1,2,800,9.660105104873022,12.8518515625,12.5847695
OC-73090801__T1,T1,1,2,820,11.932273226400799,12.908170125,12.31285315625
OC-73090801__T1,T1,1,2,840,14.781036427789688,13.97235875,13.667599
OC-73090801__T1,T1,1,2,860,16.466909986817466,13.57577225,13.568679875
OC-73090801__T1,T1,1,2,880,14.637031215984132,13.25279625,13.5212941875
OC-73090801__T1,T1,1,2,900,15.690722476400799,12.318803375,12.0209179375
OC-73090801__T1,T1,1,2,920,15.269297900011912,12.93243925,13.272825875
OC-73090801__T1,T1,1,2,940,14.060080806261912,13.9777861875,14.347875
OC-73090801__T1,T1,1,2,960,13.399686332303578,14.27452834375,14.2675574375
OC-73090801__T1,T1,1,2,980,13.184457408692465,15.231604875,15.157077
OC-73090801__T1,T1,1,2,1000,14.03346733961222,14.3379129375,14.1189600625
OC-73090801__T1,T1,1,2,1020,14.516850992389998,12.593525875,12.7549359375
OC-73090801__T1,T1,1,2,1040,12.90406649412611,13.1647260625,13.4828211875
OC-73090801__T1,T1,1,2,1060,13.75412402884833,13.9902330625,13.452742125
OC-73090801__T1,T1,1,2,1080,16.54870169898722,14.1363159375,14.2684394375
OC-73090801__T1,T1,1,2,1100,17.528628358709444,13.0873979375,13.126040375
OC-73090801__T1,T1,1,2,1120,17.125441768431664,12.7735679375,12.4798100625
OC-73090801__T1,T1,1,2,1140,16.873372938570554,14.2050440625,14.1394426875
OC-73090801__T1,T1,1,2,1160,17.28748577537611,13.4250174375,13.1340801875
OC-73090801__T1,T1,1,2,1180,18.644169237181664,10.64892025,10.3153496875
OC-73090801__T1,T1,1,2,1200,21.05370380604013,10.2336873125,9.538627125
OC-73090801__T1,T1,1,2,1220,23.098630677567908,8.38183371875,8.2535364375
OC-73090801__T1,T1,1,2,1240,24.02700091541513,7.48513459375,7.250929625
OC-73090801__T1,T1,1,2,1260,25.497095627220688,6.58343821875,6.41606578125
OC-73090801__T1,T1,1,2,1280,25.63776964024152,5.846529375,5.94103121875
OC-73090801__T1,T1,1,2,1300,25.12840912374846,5.644986875,5.67890434375
OC-73090801__T1,T1,1,2,1320,25.19852126090124,5.25901853125,5.2866816875
OC-73090801__T1,T1,1,2,1340,24.61680840933874,5.272510921875,5.35402696875
OC-73090801__T1,T1,1,2,1360,24.10166258729013,6.124235640625,6.159666875
OC-73090801__T1,T1,1,2,1380,24.38261347357485,6.2090793125,6.176426875
OC-73090801__T1,T1,1,2,1400,24.211099193426026,5.71389059375,5.741637328125
OC-73090801__T1,T1,1,2,1420,24.190437420856583,6.13659140625,6.037145234375
OC-73090801__T1,T1,1,2,1440,24.661728133530193,6.276342875,6.321025171875
OC-73090801__T1,T1,1,2,1460,24.79021338439825,5.765577375,5.76071425
OC-73090801__T1,T1,1,2,1480,24.21356727328714,5.8958526875,5.91533009375
OC-73090801__T1,T1,1,2,1500,24.418805202106583,5.76757346875,5.65320921875
OC-73090801__T1,T1,1,2,1520,24.89332560141214,5.4670509375,5.3642325625
OC-73090801__T1,T1,1,2,1540,24.923012656967693,6.0514705625,6.1270065
OC-73090801__T1,T1,1,2,1560,24.242206309745473,6.09238665625,6.23983271875
OC-73090801__T1,T1,1,2,1580,23.832686908703806,6.17679725,6.24501909375
OC-73090801__T1,T1,1,2,1600,23.91282517093998,6.199787125,6.05946128125
OC-73090801__T1,T1,1,2,1620,24.109921236912196,5.5689210625,5.607870375
OC-73090801__T1,T1,1,2,1640,23.764883794203865,5.7818493125,5.84372103125
OC-73090801__T1,T1,1,2,1660,24.121688422676087,5.34271509375,5.23574053125
OC-73090801__T1,T1,1,2,1680,24.604408438301085,5.8047924375,5.82832846875
OC-73090801__T1,T1,1,2,1700,23.929660401842753,5.2339606875,5.28478521875
OC-73090801__T1,T1,1,2,1720,23.600958228231644,5.062974984375,5.22020040625
OC-73090801__T1,T1,1,2,1740,23.392604194377476,5.09071878125,5.08626990625
OC-73090801__T1,T1,1,2,1760,23.493946178752477,5.5192388125,5.5153045625
OC-73090801__T1,T1,1,2,1780,23.57731030288442,6.2212494375,6.1713634375
OC-73090801__T1,T1,1,2,1800,23.402630396285694,5.86675109375,5.83534034375
OC-73090801__T1,T1,1,2,1820,23.368598793855142,5.8892141875,5.92460684375
OC-73090801__T1,T1,1,2,1840,22.96315776781347,6.05854309375,6.10428228125
OC-73090801__T1,T1,1,2,1860,23.482832819896807,6.734409125,6.5284555625
OC-73090801__T1,T1,1,2,1880,23.83904441364681,6.1925140625,6.18578709375
OC-73090801__T1,T1,1,2,1900,24.490360021285696,6.59602846875,6.43668275
OC-73090801__T1,T1,1,2,1920,24.949083838994028,5.86692603125,5.812755875
OC-73090801__T1,T1,1,2,1940,25.442590232223196,5.78484728125,5.7363695625
OC-73090801__T1,T1,1,2,1960,25.450234167987084,6.11679915625,6.0445961875
OC-73090801__T1,T1,1,2,1980,25.41239992666764,5.66136475,5.69120115625
OC-73090801__T1,T1,1,2,2000,25.329821188820418,5.6308685,5.62899421875
OC-73090801__T1,T1,1,2,2020,25.72958752041764,5.35239078125,5.2940413125
OC-73090801__T1,T1,1,2,2040,26.034488291250973,5.6431016875,5.59270853125
OC-73090801__T1,T1,1,2,2060,26.273049351146803,5.74506803125,5.699720625
OC-73090801__T1,T1,1,2,2080,26.528378215730143,6.31413621875,6.24878515625
OC-73090801__T1,T1,1,2,2100,26.727978812084302,6.112901546875,6.075332921875
OC-73090801__T1,T1,1,2,2120,26.575079089862086,5.940998625,6.04331503125
OC-73090801__T1,T1,1,2,2140,26.45906640062597,6.10527615625,6.088943875
OC-73090801__T1,T1,1,2,2160,26.440819534306527,5.358462625,5.3406093125
OC-73090801__T1,T1,1,2,2180,26.617216949237083,5.1213543125,5.12137946875
OC-73090801__T1,T1,1,2,2200,26.43529250132042,5.3862225625,5.4062680625
OC-73090801__T1,T1,1,2,2220,26.341925138473194,5.30475690625,5.3193904375
OC-73090801__T1,T1,1,2,2240,26.38667674524403,5.27295421875,5.271959875
OC-73090801__T1,T1,1,2,2260,26.32224673656347,6.1786975,6.2128394375
OC-73090801__T1,T1,1,2,2280,26.007520500452358,6.56983053125,6.5928701875
OC-73090801__T2,T2,1,2,0,0,,
OC-73090801__T2,T2,1,2,20,0.0,8.6411539375,8.6411539375
OC-73090801__T2,T2,1,2,40,0.0,8.994719875,8.994719875
OC-73090801__T2,T2,1,2,60,0.0,9.78346778125,9.78346778125
OC-73090801__T2,T2,1,2,80,0.0,10.7587421875,10.7587421875
OC-73090801__T2,T2,1,2,100,0.0,10.1047601875,10.1047601875
OC-73090801__T2,T2,1,2,120,0.0,9.88065646875,9.88065646875
OC-73090801__T2,T2,1,2,140,0.0,8.5016530625,8.5016530625
OC-73090801__T2,T2,1,2,160,0.0,8.6846974375,8.6846974375
OC-73090801__T2,T2,1,2,180,0.0,9.2467648125,9.2467648125
OC-73090801__T2,T2,1,2,200,-0.26082684037113185,8.578173375,8.58301784375
OC-73090801__T2,T2,1,2,220,-0.36031959731557633,10.2938485,10.31616759375
OC-73090801__T2,T2,1,2,240,-0.33455888724613186,10.7573319375,10.744485375
OC-73090801__T2,T2,1,2,260,-0.3064264532183541,9.87550246875,9.87600459375
OC-73090801__T2,T2,1,2,280,-0.30699447578779854,9.36869628125,9.3771780625
OC-73090801__T2,T2,1,2,300,-0.3735752813433541,8.666159625,8.66842525
OC-73090801__T2,T2,1,2,320,-0.5102535695377985,9.269309125,9.3030125
OC-73090801__T2,T2,1,2,340,-0.5541813178016874,10.04030725,10.0382969375
OC-73090801__T2,T2,1,2,360,-0.542027357732243,11.0121495625,11.00823775
OC-73090801__T2,T2,1,2,380,-0.3268750278711319,10.3468969375,10.3039554375
OC-73090801__T2,T2,1,2,400,-0.5269909171966977,9.599952,9.6321400625
OC-73090801__T2,T2,1,2,420,-0.7769483790022532,10.22229090625,10.251772875
OC-73090801__T2,T2,1,2,440,-0.628561375530031,10.56895975,10.55151275
OC-73090801__T2,T2,1,2,460,-0.7502789588633643,10.6931133125,10.691381625
OC-73090801__T2,T2,1,2,480,-0.7127875491411421,9.47378625,9.4973703125
OC-73090801__T2,T2,1,2,500,-0.7255696550439199,9.15583246875,9.1422416875
OC-73090801__T2,T2,1,2,520,-0.822211422405031,9.4454313125,9.51368515625
OC-73090801__T2,T2,1,2,540,-0.5653040387244754,9.66932828125,9.58223553125
OC-73090801__T2,T2,1,2,560,-0.33741247796058654,11.75335303125,11.79844284375
OC-73090801__T2,T2,1,2,580,-0.2819995647661421,12.695159625,12.629571875
OC-73090801__T2,T2,1,2,600,-0.8214000411215888,12.69011075,12.76786871875
OC-73090801__T2,T2,1,2,620,-0.9119706938993666,12.0868369375,12.10238996875
OC-73090801__T2,T2,1,2,640,-1.0126272095243667,13.507294875,13.4107009375
OC-73090801__T2,T2,1,2,660,0.25613164290618884,15.95505296875,15.714194875
OC-73090801__T2,T2,1,2,680,1.1322794883922997,15.3756966875,15.32205875
OC-73090801__T2,T2,1,2,700,1.8655328772811892,15.4530061875,15.2922630625
OC-73090801__T2,T2,1,2,720,3.1759704640867445,13.92021225,13.6961591875
OC-73090801__T2,T2,1,2,740,3.821600696725633,13.8441001875,13.67218625
OC-73090801__T2,T2,1,2,760,4.800303700197857,14.250310125,14.067286875
OC-73090801__T2,T2,1,2,780,5.663786196725633,15.2842875,15.066776375
OC-73090801__T2,T2,1,2,800,6.532413801569197,15.072384875,14.894612
OC-73090801__T2,T2,1,2,820,7.35667271129142,13.98544575,13.768676375
OC-73090801__T2,T2,1,2,840,8.431925575874752,14.5774071875,14.4631510625
OC-73090801__T2,T2,1,2,860,9.048144374485863,14.4350055,14.3565565
OC-73090801__T2,T2,1,2,880,9.60020004115253,15.027696,14.884876875
OC-73090801__T2,T2,1,2,900,10.382776714763642,14.5729614375,14.4308033125
OC-73090801__T2,T2,1,2,920,10.743429766846976,13.9208315,13.8348146875
OC-73090801__T2,T2,1,2,940,11.618274593235865,15.258975375,15.0185326875
OC-73090801__T2,T2,1,2,960,12.614714496013642,14.2927554375,14.1814159375
OC-73090801__T2,T2,1,2,980,13.44327099254142,14.7037645,14.4795771875
OC-73090801__T2,T2,1,2,1000,14.555071343859145,16.627506375,16.384315625
OC-73090801__T2,T2,1,2,1020,15.670582989692479,16.28787875,16.151164875
OC-73090801__T2,T2,1,2,1040,16.139577458442474,15.210452375,15.100528625
OC-73090801__T2,T2,1,2,1060,16.7037997431647,14.12914325,14.0288516875
OC-73090801__T2,T2,1,2,1080,17.574232961914703,13.675011125,13.493788
OC-73090801__T2,T2,1,2,1100,18.741836951498037,14.2169269375,14.003117875
OC-73090801__T2,T2,1,2,1120,20.07137250705359,14.5336241875,14.2943045625
OC-73090801__T2,T2,1,2,1140,21.18416740288692,15.337536625,15.184361875
OC-73090801__T2,T2,1,2,1160,21.789019059136926,14.647458,14.610568375
OC-73090801__T2,T2,1,2,1180,22.07946795844248,14.58112,14.4567135
OC-73090801__T2,T2,1,2,1200,21.597306427291237,14.068409125,14.026701
OC-73090801__T2,T2,1,2,1220,22.045576753680127,14.28796875,14.1044965
OC-73090801__T2,T2,1,2,1240,23.13930415298568,14.020018625,13.98110025
OC-73090801__T2,T2,1,2,1260,23.221937368263458,13.3542110625,13.3295473125
OC-73090801__T2,T2,1,2,1280,23.630860920346795,14.32611425,14.181617
OC-73090801__T2,T2,1,2,1300,24.21260937173568,13.65313775,13.591013375
OC-73090801__T2,T2,1,2,1320,24.94342601062457,14.149045,13.903466375
OC-73090801__T2,T2,1,2,1340,26.12526998631901,13.7024995625,13.4897848125
OC-73090801__T2,T2,1,2,1360,27.385453764096795,13.6431216875,13.455766375
OC-73090801__T2,T2,1,2,1380,28.194713632152347,12.3524783125,12.224551
OC-73090801__T2,T2,1,2,1400,28.55847964095879,11.2602770625,11.0366003125
OC-73090801__T2,T2,1,2,1420,29.393504472556014,11.77687675,11.642172375
OC-73090801__T2,T2,1,2,1440,29.540987135750452,10.45747225,10.3998445
OC-73090801__T2,T2,1,2,1460,30.09403850727823,10.0237500625,9.8967843125
OC-73090801__T2,T2,1,2,1480,30.34047185102823,9.6876415625,9.6476353125
OC-73090801__T2,T2,1,2,1500,30.861750375333788,9.40244925,9.23359209375
OC-73090801__T2,T2,1,2,1520,31.11999219477823,8.6728479375,8.644918375
OC-73090801__T2,T2,1,2,1540,31.70526457672268,9.0598680625,8.9456379375
OC-73090801__T2,T2,1,2,1560,31.99505369130601,9.4186103125,9.438826875
OC-73090801__T2,T2,1,2,1580,31.424983142694895,9.0586624375,9.0477809375
OC-73090801__T2,T2,1,2,1600,30.902833093794506,8.199593875,8.150021875
OC-73090801__T2,T2,1,2,1620,31.456627750044504,8.753430875,8.585934
OC-73090801__T2,T2,1,2,1640,31.379770791711174,7.839414125,8.2370849375
OC-73090801__T2,T2,1,2,1660,30.35746197747506,9.04206775,8.94158175
OC-73090801__T2,T2,1,2,1680,30.013286425391733,8.5101823125,8.58329115625
OC-73090801__T2,T2,1,2,1700,30.22151258511395,7.73328875,7.6553545625
OC-73090801__T2,T2,1,2,1720,31.49878129344728,8.9431388125,8.78831709375
OC-73090801__T2,T2,1,2,1740,31.479723352475062,8.1905779375,8.27278509375
OC-73090801__T2,T2,1,2,1760,31.892334342058398,8.7925329375,8.7317124375
OC-73090801__T2,T2,1,2,1780,32.01085878823895,8.799624,8.84979028125
OC-73090801__T2,T2,1,2,1800,31.792281688585494,8.48940184375,8.28665975
OC-73090801__T2,T2,1,2,1820,31.92179607226605,9.520051875,9.4787455
OC-73090801__T2,T2,1,2,1840,31.73134494900216,9.357600625,9.2683376875
OC-73090801__T2,T2,1,2,1860,32.986004350043835,9.63447171875,9.4388183125
OC-73090801__T2,T2,1,2,1880,34.38371831532161,9.6760845,9.599211125
OC-73090801__T2,T2,1,2,1900,33.888866888238276,9.04102965625,9.05234940625
OC-73090801__T2,T2,1,2,1920,33.6618299403216,9.1087219375,9.0399711875
OC-73090801__T2,T2,1,2,1940,33.609209975043825,8.56621496875,8.6751390625
OC-73090801__T2,T2,1,2,1960,32.82702997330772,9.14409459375,9.144764625
OC-73090801__T2,T2,1,2,1980,32.778815053168834,9.2209974375,9.279130625
OC-73090801__T2,T2,1,2,2000,32.19105638129383,8.39076715625,8.413756125
OC-73090801__T2,T2,1,2,2020,32.466474183377166,7.8284330625,7.65941496875
OC-73090801__T2,T2,1,2,2040,33.11170897330772,8.41523925,8.30622025
OC-73090801__T2,T2,1,2,2060,33.78618362782161,8.66477496875,8.77912521875
OC-73090801__T2,T2,1,2,2080,33.44935534657161,9.630664625,9.574733875
OC-73090801__T2,T2,1,2,2100,34.78612171809939,9.8791296875,9.5358689375
OC-73090801__T2,T2,1,2,2120,36.61806311740494,8.7529098125,8.5304659375
OC-73090801__T2,T2,1,2,2140,36.8789581573355,8.6093521875,8.657251125
OC-73090801__T2,T2,1,2,2160,37.367141758029945,7.8416701875,7.64387421875
OC-73090801__T2,T2,1,2,2180,39.10241403059939,8.7447925,8.38112121875
OC-73090801__T2,T2,1,2,2200,40.07195075629383,8.45025875,8.327876875
OC-73090801__T2,T2,1,2,2220,39.989538183377164,7.67597065625,7.72391903125
OC-73090801__T2,T2,1,2,2240,40.50900461740494,9.329701125,9.1762201875
OC-73090801__T2,T2,1,2,2260,41.19240950802995,9.1005575,9.03564484375
OC-73090801__T2,T2,1,2,2280,41.73571160177995,8.88915884375,8.84379740625
OC-73090801__T1,T1,1,4,0,0,,
OC-73090801__T1,T1,1,4,20,0.0,5.63894034375,5.63894034375
OC-73090801__T1,T1,1,4,40,0.0,5.76279921875,5.76279921875
OC-73090801__T1,T1,1,4,60,0.0,6.50575009375,6.50575009375
OC-73090801__T1,T1,1,4,80,0.0,6.401954,6.401954
OC-73090801__T1,T1,1,4,100,0.0,6.75075159375,6.75075159375
OC-73090801__T1,T1,1,4,120,0.0,7.53221728125,7.53221728125
OC-73090801__T1,T1,1,4,140,0.0,6.98716803125,6.98716803125
OC-73090801__T1,T1,1,4,160,0.0,5.7354805625,5.7354805625
OC-73090801__T1,T1,1,4,180,0.0,5.645626578125,5.645626578125
OC-73090801__T1,T1,1,4,200,-0.7618981784235637,5.5206220625,5.54786334375
OC-73090801__T1,T1,1,4,220,-0.8551832548124525,6.11324328125,6.1022494375
OC-73090801__T1,T1,1,4,240,-1.0189226263402302,6.91434165625,6.96200275
OC-73090801__T1,T1,1,4,260,-1.2131450499513414,7.09376828125,7.1204545
OC-73090801__T1,T1,1,4,280,-1.4220268277291193,6.4184335625,6.4856886875
OC-73090801__T1,T1,1,4,300,-1.588687015229119,6.02093234375,6.02740509375
OC-73090801__T1,T1,1,4,320,-1.735701714881897,5.97060034375,5.97834959375
OC-73090801__T1,T1,1,4,340,-1.5373378919652303,5.914199375,5.81711415625
OC-73090801__T1,T1,1,4,360,-1.2271315030763414,7.04088903125,7.00601021875
OC-73090801__T1,T1,1,4,380,-1.2866958259930081,7.34246090625,7.3594466875
OC-73090801__T1,T1,1,4,400,-2.4592736856373154,7.7392616875,7.81423321875
OC-73090801__T1,T1,1,4,420,-2.6500593748734262,8.4685155625,8.438784625
OC-73090801__T1,T1,1,4,440,-2.5113341891095375,9.89180625,9.8810420625
OC-73090801__T1,T1,1,4,460,-2.2550073766095373,11.4063298125,11.43159825
OC-73090801__T1,T1,1,4,480,-2.262087838415093,13.56921725,13.4528861875
OC-73090801__T1,T1,1,4,500,-1.7554076439706485,14.0111835,13.8832150625
OC-73090801__T1,T1,1,4,520,-2.0837495536928707,14.78965975,15.0585355
OC-73090801__T1,T1,1,4,540,-2.346637258553982,14.54003575,14.2668485625
OC-73090801__T1,T1,1,4,560,-0.541626043276204,15.551581375,15.3673894375
OC-73090801__T1,T1,1,4,580,-0.3604596682762039,15.672553875,15.7727634375
OC-73090801__T1,T1,1,4,600,-2.9309890053588017,14.5616245625,14.90980575
OC-73090801__T1,T1,1,4,620,-1.8221482900810242,14.5638511875,13.82160675
OC-73090801__T1,T1,1,4,640,1.3316561960300872,14.4264379375,13.929470375
OC-73090801__T1,T1,1,4,660,4.661802550196755,14.426776375,14.1568856875
OC-73090801__T1,T1,1,4,680,6.336689366168976,13.4269374375,13.123746625
OC-73090801__T1,T1,1,4,700,8.254648189085643,14.6179355,14.5244975625
OC-73090801__T1,T1,1,4,720,8.008072477280088,13.0093115,12.8973336875
OC-73090801__T1,T1,1,4,740,11.46415334186342,14.0733048125,13.138918125
OC-73090801__T1,T1,1,4,760,16.27328914394675,13.3517005,12.5071934375
OC-73090801__T1,T1,1,4,780,18.9467964008912,13.887306625,13.949527375
OC-73090801__T1,T1,1,4,800,18.16396180589692,12.9347135,12.5847695
OC-73090801__T1,T1,1,4,820,20.370896972563585,12.9653258125,12.31285315625
OC-73090801__T1,T1,1,4,840,24.144577048952478,13.9275123125,13.667599
OC-73090801__T1,T1,1,4,860,27.500306569785806,13.9178741875,13.568679875
OC-73090801__T1,T1,1,4,880,27.680185319785807,13.479790125,13.5212941875
OC-73090801__T1,T1,1,4,900,31.085928722563587,12.55104925,12.0209179375
OC-73090801__T1,T1,1,4,920,32.53871148124414,13.44041,13.272825875
OC-73090801__T1,T1,1,4,940,32.510960127077475,14.116056875,14.347875
OC-73090801__T1,T1,1,4,960,33.1462051774247,14.885519375,14.2675574375
OC-73090801__T1,T1,1,4,980,35.199212371869145,15.3293095625,15.157077
OC-73090801__T1,T1,1,4,1000,37.891902521886216,14.71805925,14.1189600625
OC-73090801__T1,T1,1,4,1020,38.99323704271954,12.7174115,12.7549359375
OC-73090801__T1,T1,1,4,1040,39.00396555313622,13.5881575625,13.4828211875
OC-73090801__T1,T1,1,4,1060,45.49058488299733,15.962718875,13.452742125
OC-73090801__T1,T1,1,4,1080,54.28051668160844,14.7577181875,14.2684394375
OC-73090801__T1,T1,1,4,1100,53.820514455914,12.548166875,13.126040375
OC-73090801__T1,T1,1,4,1120,54.69728765209455,12.961712,12.4798100625
OC-73090801__T1,T1,1,4,1140,54.48099658612233,14.103173125,14.1394426875
OC-73090801__T1,T1,1,4,1160,55.73778911390011,13.7749223125,13.1340801875
OC-73090801__T1,T1,1,4,1180,58.742726266677884,10.7687025,10.3153496875
OC-73090801__T1,T1,1,4,1200,60.029143770011636,9.9462673125,9.538627125
OC-73090801__T1,T1,1,4,1220,62.32533828390052,8.44130009375,8.2535364375
OC-73090801__T1,T1,1,4,1240,62.58685655126165,7.156683875,7.250929625
OC-73090801__T1,T1,1,4,1260,62.7909076241783,6.46365059375,6.41606578125
OC-73090801__T1,T1,1,4,1280,61.650229253518575,5.545037890625,5.94103121875
OC-73090801__T1,T1,1,4,1300,59.502577573831076,5.47369825,5.67890434375
OC-73090801__T1,T1,1,4,1320,59.63335450351858,5.321749375,5.2866816875
OC-73090801__T1,T1,1,4,1340,59.34091643407414,5.459854328125,5.35402696875
OC-73090801__T1,T1,1,4,1360,59.489826328171354,6.1938673125,6.159666875
OC-73090801__T1,T1,1,4,1380,59.163306914976914,5.96651375,6.176426875
OC-73090801__T1,T1,1,4,1400,57.78037070523056,5.725830859375,5.741637328125
OC-73090801__T1,T1,1,4,1420,57.32530499950139,5.93496678125,6.037145234375
OC-73090801__T1,T1,1,4,1440,57.25428660540417,6.33055078125,6.321025171875
OC-73090801__T1,T1,1,4,1460,58.6951468762375,6.05232421875,5.76071425
OC-73090801__T1,T1,1,4,1480,59.27137484151528,5.87789921875,5.91533009375
OC-73090801__T1,T1,1,4,1500,59.39200719741806,5.872429625,5.65320921875
OC-73090801__T1,T1,1,4,1520,60.82208228075139,5.60102478125,5.3642325625
OC-73090801__T1,T1,1,4,1540,62.45787292137639,6.366565875,6.1270065
OC-73090801__T1,T1,1,4,1560,62.95722281026528,6.359533,6.23983271875
OC-73090801__T1,T1,1,4,1580,63.48040654290418,6.43031265625,6.24501909375
OC-73090801__T1,T1,1,4,1600,64.46926734470563,6.29348675,6.05946128125
OC-73090801__T1,T1,1,4,1620,66.15763771970563,5.93098565625,5.607870375
OC-73090801__T1,T1,1,4,1640,67.7840632301223,6.22444725,5.84372103125
OC-73090801__T1,T1,1,4,1660,69.70808868151119,5.48044075,5.23574053125
OC-73090801__T1,T1,1,4,1680,71.47643268151118,6.01206125,5.82832846875
OC-73090801__T1,T1,1,4,1700,71.30078230651118,5.18573690625,5.28478521875
OC-73090801__T1,T1,1,4,1720,71.42100376484451,5.36715875,5.22020040625
OC-73090801__T1,T1,1,4,1740,72.69393160425425,5.3758565625,5.08626990625
OC-73090801__T1,T1,1,4,1760,74.66382588724035,5.86390965625,5.5153045625
OC-73090801__T1,T1,1,4,1780,75.84198654001813,6.1583178125,6.1713634375
OC-73090801__T1,T1,1,4,1800,74.68853262584655,5.77575384375,5.83534034375
OC-73090801__T1,T1,1,4,1820,74.44486576647154,5.85357284375,5.92460684375
OC-73090801__T1,T1,1,4,1840,73.89155573348543,6.0134476875,6.10428228125
OC-73090801__T1,T1,1,4,1860,73.84121533504793,6.6492283125,6.5284555625
OC-73090801__T1,T1,1,4,1880,74.00215459025627,6.14464415625,6.18578709375
OC-73090801__T1,T1,1,4,1900,74.30459391143683,6.6209153125,6.43668275
OC-73090801__T1,T1,1,4,1920,74.8785017812285,5.981966125,5.812755875
OC-73090801__T1,T1,1,4,1940,75.41941439494376,5.73445096875,5.7363695625
OC-73090801__T1,T1,1,4,1960,75.49751308244377,5.99590178125,6.0445961875
OC-73090801__T1,T1,1,4,1980,74.88743080813822,5.5514945,5.69120115625
OC-73090801__T1,T1,1,4,2000,74.23257602167989,5.62204853125,5.62899421875
OC-73090801__T1,T1,1,4,2020,74.63769794529098,5.3734414375,5.2940413125
OC-73090801__T1,T1,1,4,2040,75.03960800258265,5.718208125,5.59270853125
OC-73090801__T1,T1,1,4,2060,76.036000742166,5.86586065625,5.699720625
OC-73090801__T1,T1,1,4,2080,77.1001940407771,6.42487753125,6.24878515625
OC-73090801__T1,T1,1,4,2100,77.57649244181876,5.932049765625,6.075332921875
OC-73090801__T1,T1,1,4,2120,77.17469636803405,6.07396159375,6.04331503125
OC-73090801__T1,T1,1,4,2140,77.64335805900626,6.30995090625,6.088943875
OC-73090801__T1,T1,1,4,2160,79.26331266490905,5.6255751875,5.3406093125
OC-73090801__T1,T1,1,4,2180,80.12230724824238,5.16790190625,5.12137946875
OC-73090801__T1,T1,1,4,2200,80.37634147914515,5.51394309375,5.4062680625
OC-73090801__T1,T1,1,4,2220,81.34531208504795,5.5372563125,5.3193904375
OC-73090801__T1,T1,1,4,2240,82.84041824737433,5.50364459375,5.271959875
OC-73090801__T1,T1,1,4,2260,84.26033660501321,6.51595915625,6.2128394375
OC-73090801__T1,T1,1,4,2280,85.67492571612432,6.77900865625,6.5928701875
OC-73090801__T2,T2,1,4,0,0,,
OC-73090801__T2,T2,1,4,20,0.0,8.6411539375,8.6411539375
OC-73090801__T2,T2,1,4,40,0.0,8.994719875,8.994719875
OC-73090801__T2,T2,1,4,60,0.0,9.78346778125,9.78346778125
OC-73090801__T2,T2,1,4,80,0.0,10.7587421875,10.7587421875
OC-73090801__T2,T2,1,4,100,0.0,10.1047601875,10.1047601875
OC-73090801__T2,T2,1,4,120,0.0,9.88065646875,9.88065646875
OC-73090801__T2,T2,1,4,140,0.0,8.5016530625,8.5016530625
OC-73090801__T2,T2,1,4,160,0.0,8.6846974375,8.6846974375
OC-73090801__T2,T2,1,4,180,0.0,9.2467648125,9.2467648125
OC-73090801__T2,T2,1,4,200,-0.2868914946831597,8.56936715625,8.58301784375
OC-73090801__T2,T2,1,4,220,-0.43604560926649305,10.29416465625,10.31616759375
OC-73090801__T2,T2,1,4,240,-0.4039255901692708,10.763204,10.744485375
OC-73090801__T2,T2,1,4,260,-0.3585681908637153,9.8794213125,9.87600459375
OC-73090801__T2,T2,1,4,280,-0.38336657628038195,9.35852246875,9.3771780625
OC-73090801__T2,T2,1,4,300,-0.44529521516927084,8.67547825,8.66842525
OC-73090801__T2,T2,1,4,320,-0.5725059564887153,9.26981415625,9.3030125
OC-73090801__T2,T2,1,4,340,-0.5023812828776042,10.0746889375,10.0382969375
OC-73090801__T2,T2,1,4,360,-0.4161946474609375,11.0031318125,11.00823775
OC-73090801__T2,T2,1,4,380,-0.2926572724609375,10.3268463125,10.3039554375
OC-73090801__T2,T2,1,4,400,-0.8390201889311473,9.5849350625,9.6321400625
OC-73090801__T2,T2,1,4,420,-1.0861949424033694,10.24650375,10.251772875
OC-73090801__T2,T2,1,4,440,-0.7136928278200362,10.595301375,10.55151275
OC-73090801__T2,T2,1,4,460,-0.8325430778200362,10.6959025,10.691381625
OC-73090801__T2,T2,1,4,480,-0.652829121222814,9.5019416875,9.4973703125
OC-73090801__T2,T2,1,4,500,-0.5234864510839251,9.1778386875,9.1422416875
OC-73090801__T2,T2,1,4,520,-0.4540145778200362,9.48504403125,9.51368515625
OC-73090801__T2,T2,1,4,540,-0.015608293097814085,9.69440153125,9.58223553125
OC-73090801__T2,T2,1,4,560,0.31557565134663057,11.75413059375,11.79844284375
OC-73090801__T2,T2,1,4,580,0.23332755933274174,12.6681273125,12.629571875
OC-73090801__T2,T2,1,4,600,-1.1456886514960396,12.56012884375,12.76786871875
OC-73090801__T2,T2,1,4,620,-1.661975003926595,12.06539815625,12.10238996875
OC-73090801__T2,T2,1,4,640,-1.9595368389960395,13.4544313125,13.4107009375
OC-73090801__T2,T2,1,4,660,-0.7415736341349284,15.956251125,15.714194875
OC-73090801__T2,T2,1,4,680,0.10388221829562738,15.366926875,15.32205875
OC-73090801__T2,T2,1,4,700,1.0210172078789603,15.4663624375,15.2922630625
OC-73090801__T2,T2,1,4,720,2.6650994509345165,14.02567875,13.6961591875
OC-73090801__T2,T2,1,4,740,3.685051079406738,13.933243,13.67218625
OC-73090801__T2,T2,1,4,760,4.837689548156739,14.300644375,14.067286875
OC-73090801__T2,T2,1,4,780,5.847482357184516,15.349228875,15.066776375
OC-73090801__T2,T2,1,4,800,6.832068418036991,15.08528025,14.894612
OC-73090801__T2,T2,1,4,820,7.75246657428699,13.9882705625,13.768676375
OC-73090801__T2,T2,1,4,840,8.81999643192588,14.594074125,14.4631510625
OC-73090801__T2,T2,1,4,860,9.588067577759213,14.4191054375,14.3565565
OC-73090801__T2,T2,1,4,880,9.914037553453658,15.0017705625,14.884876875
OC-73090801__T2,T2,1,4,900,10.83974602567588,14.61281325,14.4308033125
OC-73090801__T2,T2,1,4,920,11.277409296509214,13.94280875,13.8348146875
OC-73090801__T2,T2,1,4,940,12.50570146317588,15.318175,15.0185326875
OC-73090801__T2,T2,1,4,960,13.643775452759215,14.308191375,14.1814159375
OC-73090801__T2,T2,1,4,980,14.7559410916481,14.7844178125,14.4795771875
OC-73090801__T2,T2,1,4,1000,16.012369229151837,16.583857875,16.384315625
OC-73090801__T2,T2,1,4,1020,16.954885795124056,16.265538625,16.151164875
OC-73090801__T2,T2,1,4,1040,17.07532369095739,15.140977,15.100528625
OC-73090801__T2,T2,1,4,1060,17.40742798262405,14.0855514375,14.0288516875
OC-73090801__T2,T2,1,4,1080,18.172736451374057,13.663668375,13.493788
OC-73090801__T2,T2,1,4,1100,19.229224572901835,14.186898625,14.003117875
OC-73090801__T2,T2,1,4,1120,20.399685506929607,14.4990004375,14.2943045625
OC-73090801__T2,T2,1,4,1140,21.48988376040183,15.3350111875,15.184361875
OC-73090801__T2,T2,1,4,1160,22.184951784707394,14.664207375,14.610568375
OC-73090801__T2,T2,1,4,1180,22.30284838540183,14.55244425,14.4567135
OC-73090801__T2,T2,1,4,1200,20.88898604424964,13.91701625,14.026701
OC-73090801__T2,T2,1,4,1220,20.6489012248052,14.18397525,14.1044965
OC-73090801__T2,T2,1,4,1240,21.49616843313853,13.98259275,13.98110025
OC-73090801__T2,T2,1,4,1260,21.239317863694083,13.2844225,13.3295473125
OC-73090801__T2,T2,1,4,1280,21.23725642966631,14.217070875,14.181617
OC-73090801__T2,T2,1,4,1300,21.452725776888528,13.613518,13.591013375
OC-73090801__T2,T2,1,4,1320,22.374338575499642,14.22753625,13.903466375
OC-73090801__T2,T2,1,4,1340,24.13552266924964,13.850772625,13.4897848125
OC-73090801__T2,T2,1,4,1360,26.11078138452742,13.7742954375,13.455766375
OC-73090801__T2,T2,1,4,1380,27.566233495638535,12.455772875,12.224551
OC-73090801__T2,T2,1,4,1400,27.642892961890333,11.259907625,11.0366003125
OC-73090801__T2,T2,1,4,1420,28.545053831681997,11.8715499375,11.642172375
OC-73090801__T2,T2,1,4,1440,29.190834158070885,10.524509875,10.3998445
OC-73090801__T2,T2,1,4,1460,30.112465533070882,10.0575431875,9.8967843125
OC-73090801__T2,T2,1,4,1480,30.55389083515422,9.6873393125,9.6476353125
OC-73090801__T2,T2,1,4,1500,31.215685368140328,9.4909599375,9.23359209375
OC-73090801__T2,T2,1,4,1520,32.10954109209866,8.76193378125,8.644918375
OC-73090801__T2,T2,1,4,1540,33.50912625182088,9.2450614375,8.9456379375
OC-73090801__T2,T2,1,4,1560,34.60525425182089,9.59215125,9.438826875
OC-73090801__T2,T2,1,4,1580,34.74600525876533,9.0954469375,9.0477809375
OC-73090801__T2,T2,1,4,1600,34.350651800686315,8.325678875,8.150021875
OC-73090801__T2,T2,1,4,1620,35.84259638401964,8.979467625,8.585934
OC-73090801__T2,T2,1,4,1640,37.31138223818631,8.06323703125,8.2370849375
OC-73090801__T2,T2,1,4,1660,36.2939555645752,8.9549291875,8.94158175
OC-73090801__T2,T2,1,4,1680,36.409093609714084,8.865048625,8.58329115625
OC-73090801__T2,T2,1,4,1700,37.857332206936306,7.8921510625,7.6553545625
OC-73090801__T2,T2,1,4,1720,40.03280579026964,9.0996165625,8.78831709375
OC-73090801__T2,T2,1,4,1740,40.81252713749187,8.350224875,8.27278509375
OC-73090801__T2,T2,1,4,1760,41.448392101033534,8.77117121875,8.7317124375
OC-73090801__T2,T2,1,4,1780,41.644264370130756,8.82004159375,8.84979028125
OC-73090801__T2,T2,1,4,1800,42.07832418172757,8.7239465625,8.28665975
OC-73090801__T2,T2,1,4,1820,42.50924537964424,9.476656125,9.4787455
OC-73090801__T2,T2,1,4,1840,42.77936856540812,9.65044009375,9.2683376875
OC-73090801__T2,T2,1,4,1860,45.4424882650609,9.88309315625,9.4388183125
OC-73090801__T2,T2,1,4,1880,47.92537861749146,9.757161125,9.599211125
OC-73090801__T2,T2,1,4,1900,47.963522733810905,9.11004621875,9.05234940625
OC-73090801__T2,T2,1,4,1920,48.07010025117202,9.3126705625,9.0399711875
OC-73090801__T2,T2,1,4,1940,48.11768836575534,8.6029995,8.6751390625
OC-73090801__T2,T2,1,4,1960,48.22578387964424,9.29325284375,9.144764625
OC-73090801__T2,T2,1,4,1980,48.97884275464423,9.1988705625,9.279130625
OC-73090801__T2,T2,1,4,2000,47.73049727200535,8.2473568125,8.413756125
OC-73090801__T2,T2,1,4,2020,48.095941462977564,7.88084046875,7.65941496875
OC-73090801__T2,T2,1,4,2040,48.36310835360257,8.4058969375,8.30622025
OC-73090801__T2,T2,1,4,2060,49.98506951853312,8.74712625,8.77912521875
OC-73090801__T2,T2,1,4,2080,48.828092348394236,9.50997125,9.574733875
OC-73090801__T2,T2,1,4,2100,50.01206017478313,9.78929934375,9.5358689375
OC-73090801__T2,T2,1,4,2120,51.83782474596369,8.868211375,8.5304659375
OC-73090801__T2,T2,1,4,2140,52.82538505151925,8.7083536875,8.657251125
OC-73090801__T2,T2,1,4,2160,53.86216698554702,7.9395248125,7.64387421875
OC-73090801__T2,T2,1,4,2180,56.995349822352566,9.024677,8.38112121875
OC-73090801__T2,T2,1,4,2200,58.7199115463109,8.5438205625,8.327876875
OC-73090801__T2,T2,1,4,2220,59.03294516957479,7.8268840625,7.72391903125
OC-73090801__T2,T2,1,4,2240,60.2668124525609,9.326796875,9.1762201875
OC-73090801__T2,T2,1,4,2260,61.40956799943589,9.2554275625,9.03564484375
OC-73090801__T2,T2,1,4,2280,62.21300496992201,8.89834209375,8.84379740625
OC-73090801__T1,T1,1,8,0,0,,
OC-73090801__T1,T1,1,8,20,0.0,5.63894034375,5.63894034375
OC-73090801__T1,T1,1,8,40,0.0,5.76279921875,5.76279921875
OC-73090801__T1,T1,1,8,60,0.0,6.50575009375,6.50575009375
OC-73090801__T1,T1,1,8,80,0.0,6.401954,6.401954
OC-73090801__T1,T1,1,8,100,0.0,6.75075159375,6.75075159375
OC-73090801__T1,T1,1,8,120,0.0,7.53221728125,7.53221728125
OC-73090801__T1,T1,1,8,140,0.0,6.98716803125,6.98716803125
OC-73090801__T1,T1,1,8,160,0.0,5.7354805625,5.7354805625
OC-73090801__T1,T1,1,8,180,0.0,5.645626578125,5.645626578125
OC-73090801__T1,T1,1,8,200,0.0,5.54786334375,5.54786334375
OC-73090801__T1,T1,1,8,220,0.0,6.1022494375,6.1022494375
OC-73090801__T1,T1,1,8,240,0.0,6.96200275,6.96200275
OC-73090801__T1,T1,1,8,260,0.0,7.1204545,7.1204545
OC-73090801__T1,T1,1,8,280,0.0,6.4856886875,6.4856886875
OC-73090801__T1,T1,1,8,300,0.0,6.02740509375,6.02740509375
OC-73090801__T1,T1,1,8,320,0.0,5.97834959375,5.97834959375
OC-73090801__T1,T1,1,8,340,0.0,5.81711415625,5.81711415625
OC-73090801__T1,T1,1,8,360,0.0,7.00601021875,7.00601021875
OC-73090801__T1,T1,1,8,380,0.0,7.3594466875,7.3594466875
OC-73090801__T1,T1,1,8,400,0.0,7.81423321875,7.81423321875
OC-73090801__T1,T1,1,8,420,0.0,8.438784625,8.438784625
OC-73090801__T1,T1,1,8,440,0.0,9.8810420625,9.8810420625
OC-73090801__T1,T1,1,8,460,0.0,11.43159825,11.43159825
OC-73090801__T1,T1,1,8,480,0.0,13.4528861875,13.4528861875
OC-73090801__T1,T1,1,8,500,0.0,13.8832150625,13.8832150625
OC-73090801__T1,T1,1,8,520,0.0,15.0585355,15.0585355
OC-73090801__T1,T1,1,8,540,0.0,14.2668485625,14.2668485625
OC-73090801__T1,T1,1,8,560,0.0,15.3673894375,15.3673894375
OC-73090801__T1,T1,1,8,580,0.0,15.7727634375,15.7727634375
OC-73090801__T1,T1,1,8,600,0.0,14.90980575,14.90980575
OC-73090801__T1,T1,1,8,620,0.0,13.82160675,13.82160675
OC-73090801__T1,T1,1,8,640,0.0,13.929470375,13.929470375
OC-73090801__T1,T1,1,8,660,0.0,14.1568856875,14.1568856875
OC-73090801__T1,T1,1,8,680,0.0,13.123746625,13.123746625
OC-73090801__T1,T1,1,8,700,0.0,14.5244975625,14.5244975625
OC-73090801__T1,T1,1,8,720,0.0,12.8973336875,12.8973336875
OC-73090801__T1,T1,1,8,740,0.0,13.138918125,13.138918125
OC-73090801__T1,T1,1,8,760,0.0,12.5071934375,12.5071934375
OC-73090801__T1,T1,1,8,780,0.0,13.949527375,13.949527375
OC-73090801__T1,T1,1,8,800,0.0,12.5847695,12.5847695
OC-73090801__T1,T1,1,8,820,0.0,12.31285315625,12.31285315625
OC-73090801__T1,T1,1,8,840,0.0,13.667599,13.667599
OC-73090801__T1,T1,1,8,860,0.0,13.568679875,13.568679875
OC-73090801__T1,T1,1,8,880,0.0,13.5212941875,13.5212941875
OC-73090801__T1,T1,1,8,900,0.0,12.0209179375,12.0209179375
OC-73090801__T1,T1,1,8,920,0.0,13.272825875,13.272825875
OC-73090801__T1,T1,1,8,940,0.0,14.347875,14.347875
OC-73090801__T1,T1,1,8,960,0.0,14.2675574375,14.2675574375
OC-73090801__T1,T1,1,8,980,0.0,15.157077,15.157077
OC-73090801__T1,T1,1,8,1000,0.0,14.1189600625,14.1189600625
OC-73090801__T1,T1,1,8,1020,0.0,12.7549359375,12.7549359375
OC-73090801__T1,T1,1,8,1040,0.0,13.4828211875,13.4828211875
OC-73090801__T1,T1,1,8,1060,0.0,13.452742125,13.452742125
OC-73090801__T1,T1,1,8,1080,0.0,14.2684394375,14.2684394375
OC-73090801__T1,T1,1,8,1100,0.0,13.126040375,13.126040375
OC-73090801__T1,T1,1,8,1120,0.0,12.4798100625,12.4798100625
OC-73090801__T1,T1,1,8,1140,0.0,14.1394426875,14.1394426875
OC-73090801__T1,T1,1,8,1160,0.0,13.1340801875,13.1340801875
OC-73090801__T1,T1,1,8,1180,0.0,10.3153496875,10.3153496875
OC-73090801__T1,T1,1,8,1200,0.0,9.538627125,9.538627125
OC-73090801__T1,T1,1,8,1220,0.0,8.2535364375,8.2535364375
OC-73090801__T1,T1,1,8,1240,0.0,7.250929625,7.250929625
OC-73090801__T1,T1,1,8,1260,0.0,6.41606578125,6.41606578125
OC-73090801__T1,T1,1,8,1280,0.0,5.94103121875,5.94103121875
OC-73090801__T1,T1,1,8,1300,0.0,5.67890434375,5.67890434375
OC-73090801__T1,T1,1,8,1320,0.0,5.2866816875,5.2866816875
OC-73090801__T1,T1,1,8,1340,0.0,5.35402696875,5.35402696875
OC-73090801__T1,T1,1,8,1360,0.0,6.159666875,6.159666875
OC-73090801__T1,T1,1,8,1380,0.0,6.176426875,6.176426875
OC-73090801__T1,T1,1,8,1400,0.0,5.741637328125,5.741637328125
OC-73090801__T1,T1,1,8,1420,0.0,6.037145234375,6.037145234375
OC-73090801__T1,T1,1,8,1440,0.0,6.321025171875,6.321025171875
OC-73090801__T1,T1,1,8,1460,0.0,5.76071425,5.76071425
OC-73090801__T1,T1,1,8,1480,0.0,5.91533009375,5.91533009375
OC-73090801__T1,T1,1,8,1500,0.0,5.65320921875,5.65320921875
OC-73090801__T1,T1,1,8,1520,0.0,5.3642325625,5.3642325625
OC-73090801__T1,T1,1,8,1540,0.0,6.1270065,6.1270065
OC-73090801__T1,T1,1,8,1560,0.0,6.23983271875,6.23983271875
OC-73090801__T1,T1,1,8,1580,0.0,6.24501909375,6.24501909375
OC-73090801__T1,T1,1,8,1600,0.0,6.05946128125,6.05946128125
OC-73090801__T1,T1,1,8,1620,0.0,5.607870375,5.607870375
OC-73090801__T1,T1,1,8,1640,0.0,5.84372103125,5.84372103125
OC-73090801__T1,T1,1,8,1660,0.0,5.23574053125,5.23574053125
OC-73090801__T1,T1,1,8,1680,0.0,5.82832846875,5.82832846875
OC-73090801__T1,T1,1,8,1700,0.0,5.28478521875,5.28478521875
OC-73090801__T1,T1,1,8,1720,0.0,5.22020040625,5.22020040625
OC-73090801__T1,T1,1,8,1740,0.0,5.08626990625,5.08626990625
OC-73090801__T1,T1,1,8,1760,0.0,5.5153045625,5.5153045625
OC-73090801__T1,T1,1,8,1780,0.0,6.1713634375,6.1713634375
OC-73090801__T1,T1,1,8,1800,0.0,5.83534034375,5.83534034375
OC-73090801__T1,T1,1,8,1820,0.0,5.92460684375,5.92460684375
OC-73090801__T1,T1,1,8,1840,0.0,6.10428228125,6.10428228125
OC-73090801__T1,T1,1,8,1860,0.0,6.5284555625,6.5284555625
OC-73090801__T1,T1,1,8,1880,0.0,6.18578709375,6.18578709375
OC-73090801__T1,T1,1,8,1900,0.0,6.43668275,6.43668275
OC-73090801__T1,T1,1,8,1920,0.0,5.812755875,5.812755875
OC-73090801__T1,T1,1,8,1940,0.0,5.7363695625,5.7363695625
OC-73090801__T1,T1,1,8,1960,0.0,6.0445961875,6.0445961875
OC-73090801__T1,T1,1,8,1980,0.0,5.69120115625,5.69120115625
OC-73090801__T1,T1,1,8,2000,0.0,5.62899421875,5.62899421875
OC-73090801__T1,T1,1,8,2020,0.0,5.2940413125,5.2940413125
OC-73090801__T1,T1,1,8,2040,0.0,5.59270853125,5.59270853125
OC-73090801__T1,T1,1,8,2060,0.0,5.699720625,5.699720625
OC-73090801__T1,T1,1,8,2080,0.0,6.24878515625,6.24878515625
OC-73090801__T1,T1,1,8,2100,0.0,6.075332921875,6.075332921875
OC-73090801__T1,T1,1,8,2120,0.0,6.04331503125,6.04331503125
OC-73090801__T1,T1,1,8,2140,0.0,6.088943875,6.088943875
OC-73090801__T1,T1,1,8,2160,0.0,5.3406093125,5.3406093125
OC-73090801__T1,T1,1,8,2180,0.0,5.12137946875,5.12137946875
OC-73090801__T1,T1,1,8,2200,0.0,5.4062680625,5.4062680625
OC-73090801__T1,T1,1,8,2220,0.0,5.3193904375,5.3193904375
OC-73090801__T1,T1,1,8,2240,0.0,5.271959875,5.271959875
OC-73090801__T1,T1,1,8,2260,0.0,6.2128394375,6.2128394375
OC-73090801__T1,T1,1,8,2280,0.0,6.5928701875,6.5928701875
OC-73090801__T2,T2,1,8,0,0,,
OC-73090801__T2,T2,1,8,20,0.0,8.6411539375,8.6411539375
OC-73090801__T2,T2,1,8,40,0.0,8.994719875,8.994719875
OC-73090801__T2,T2,1,8,60,0.0,9.78346778125,9.78346778125
OC-73090801__T2,T2,1,8,80,0.0,10.7587421875,10.7587421875
OC-73090801__T2,T2,1,8,100,0.0,10.1047601875,10.1047601875
OC-73090801__T2,T2,1,8,120,0.0,9.88065646875,9.88065646875
OC-73090801__T2,T2,1,8,140,0.0,8.5016530625,8.5016530625
OC-73090801__T2,T2,1,8,160,0.0,8.6846974375,8.6846974375
OC-73090801__T2,T2,1,8,180,0.0,9.2467648125,9.2467648125
OC-73090801__T2,T2,1,8,200,0.0,8.58301784375,8.58301784375
OC-73090801__T2,T2,1,8,220,0.0,10.31616759375,10.31616759375
OC-73090801__T2,T2,1,8,240,0.0,10.744485375,10.744485375
OC-73090801__T2,T2,1,8,260,0.0,9.87600459375,9.87600459375
OC-73090801__T2,T2,1,8,280,0.0,9.3771780625,9.3771780625
OC-73090801__T2,T2,1,8,300,0.0,8.66842525,8.66842525
OC-73090801__T2,T2,1,8,320,0.0,9.3030125,9.3030125
OC-73090801__T2,T2,1,8,340,0.0,10.0382969375,10.0382969375
OC-73090801__T2,T2,1,8,360,0.0,11.00823775,11.00823775
OC-73090801__T2,T2,1,8,380,0.0,10.3039554375,10.3039554375
OC-73090801__T2,T2,1,8,400,0.0,9.6321400625,9.6321400625
OC-73090801__T2,T2,1,8,420,0.0,10.251772875,10.251772875
OC-73090801__T2,T2,1,8,440,0.0,10.55151275,10.55151275
OC-73090801__T2,T2,1,8,460,0.0,10.691381625,10.691381625
OC-73090801__T2,T2,1,8,480,0.0,9.4973703125,9.4973703125
OC-73090801__T2,T2,1,8,500,0.0,9.1422416875,9.1422416875
OC-73090801__T2,T2,1,8,520,0.0,9.51368515625,9.51368515625
OC-73090801__T2,T2,1,8,540,0.0,9.58223553125,9.58223553125
OC-73090801__T2,T2,1,8,560,0.0,11.79844284375,11.79844284375
OC-73090801__T2,T2,1,8,580,0.0,12.629571875,12.629571875
OC-73090801__T2,T2,1,8,600,0.0,12.76786871875,12.76786871875
OC-73090801__T2,T2,1,8,620,0.0,12.10238996875,12.10238996875
OC-73090801__T2,T2,1,8,640,0.0,13.4107009375,13.4107009375
OC-73090801__T2,T2,1,8,660,0.0,15.714194875,15.714194875
OC-73090801__T2,T2,1,8,680,0.0,15.32205875,15.32205875
OC-73090801__T2,T2,1,8,700,0.0,15.2922630625,15.2922630625
OC-73090801__T2,T2,1,8,720,0.0,13.6961591875,13.6961591875
OC-73090801__T2,T2,1,8,740,0.0,13.67218625,13.67218625
OC-73090801__T2,T2,1,8,760,0.0,14.067286875,14.067286875
OC-73090801__T2,T2,1,8,780,0.0,15.066776375,15.066776375
OC-73090801__T2,T2,1,8,800,0.0,14.894612,14.894612
OC-73090801__T2,T2,1,8,820,0.0,13.768676375,13.768676375
OC-73090801__T2,T2,1,8,840,0.0,14.4631510625,14.4631510625
OC-73090801__T2,T2,1,8,860,0.0,14.3565565,14.3565565
OC-73090801__T2,T2,1,8,880,0.0,14.884876875,14.884876875
OC-73090801__T2,T2,1,8,900,0.0,14.4308033125,14.4308033125
OC-73090801__T2,T2,1,8,920,0.0,13.8348146875,13.8348146875
OC-73090801__T2,T2,1,8,940,0.0,15.0185326875,15.0185326875
OC-73090801__T2,T2,1,8,960,0.0,14.1814159375,14.1814159375
OC-73090801__T2,T2,1,8,980,0.0,14.4795771875,14.4795771875
OC-73090801__T2,T2,1,8,1000,0.0,16.384315625,16.384315625
OC-73090801__T2,T2,1,8,1020,0.0,16.151164875,16.151164875
OC-73090801__T2,T2,1,8,1040,0.0,15.100528625,15.100528625
OC-73090801__T2,T2,1,8,1060,0.0,14.0288516875,14.0288516875
OC-73090801__T2,T2,1,8,1080,0.0,13.493788,13.493788
OC-73090801__T2,T2,1,8,1100,0.0,14.003117875,14.003117875
OC-73090801__T2,T2,1,8,1120,0.0,14.2943045625,14.2943045625
OC-73090801__T2,T2,1,8,1140,0.0,15.184361875,15.184361875
OC-73090801__T2,T2,1,8,1160,0.0,14.610568375,14.610568375
OC-73090801__T2,T2,1,8,1180,0.0,14.4567135,14.4567135
OC-73090801__T2,T2,1,8,1200,0.0,14.026701,14.026701
OC-73090801__T2,T2,1,8,1220,0.0,14.1044965,14.1044965
OC-73090801__T2,T2,1,8,1240,0.0,13.98110025,13.98110025
OC-73090801__T2,T2,1,8,1260,0.0,13.3295473125,13.3295473125
OC-73090801__T2,T2,1,8,1280,0.0,14.181617,14.181617
OC-73090801__T2,T2,1,8,1300,0.0,13.591013375,13.591013375
OC-73090801__T2,T2,1,8,1320,0.0,13.903466375,13.903466375
OC-73090801__T2,T2,1,8,1340,0.0,13.4897848125,13.4897848125
OC-73090801__T2,T2,1,8,1360,0.0,13.455766375,13.455766375
OC-73090801__T2,T2,1,8,1380,0.0,12.224551,12.224551
OC-73090801__T2,T2,1,8,1400,0.0,11.0366003125,11.0366003125
OC-73090801__T2,T2,1,8,1420,0.0,11.642172375,11.642172375
OC-73090801__T2,T2,1,8,1440,0.0,10.3998445,10.3998445
OC-73090801__T2,T2,1,8,1460,0.0,9.8967843125,9.8967843125
OC-73090801__T2,T2,1,8,1480,0.0,9.6476353125,9.6476353125
OC-73090801__T2,T2,1,8,1500,0.0,9.23359209375,9.23359209375
OC-73090801__T2,T2,1,8,1520,0.0,8.644918375,8.644918375
OC-73090801__T2,T2,1,8,1540,0.0,8.9456379375,8.9456379375
OC-73090801__T2,T2,1,8,1560,0.0,9.438826875,9.438826875
OC-73090801__T2,T2,1,8,1580,0.0,9.0477809375,9.0477809375
OC-73090801__T2,T2,1,8,1600,0.0,8.150021875,8.150021875
OC-73090801__T2,T2,1,8,1620,0.0,8.585934,8.585934
OC-73090801__T2,T2,1,8,1640,0.0,8.2370849375,8.2370849375
OC-73090801__T2,T2,1,8,1660,0.0,8.94158175,8.94158175
OC-73090801__T2,T2,1,8,1680,0.0,8.58329115625,8.58329115625
OC-73090801__T2,T2,1,8,1700,0.0,7.6553545625,7.6553545625
OC-73090801__T2,T2,1,8,1720,0.0,8.78831709375,8.78831709375
OC-73090801__T2,T2,1,8,1740,0.0,8.27278509375,8.27278509375
OC-73090801__T2,T2,1,8,1760,0.0,8.7317124375,8.7317124375
OC-73090801__T2,T2,1,8,1780,0.0,8.84979028125,8.84979028125
OC-73090801__T2,T2,1,8,1800,0.0,8.28665975,8.28665975
OC-73090801__T2,T2,1,8,1820,0.0,9.4787455,9.4787455
OC-73090801__T2,T2,1,8,1840,0.0,9.2683376875,9.2683376875
OC-73090801__T2,T2,1,8,1860,0.0,9.4388183125,9.4388183125
OC-73090801__T2,T2,1,8,1880,0.0,9.599211125,9.599211125
OC-73090801__T2,T2,1,8,1900,0.0,9.05234940625,9.05234940625
OC-73090801__T2,T2,1,8,1920,0.0,9.0399711875,9.0399711875
OC-73090801__T2,T2,1,8,1940,0.0,8.6751390625,8.6751390625
OC-73090801__T2,T2,1,8,1960,0.0,9.144764625,9.144764625
OC-73090801__T2,T2,1,8,1980,0.0,9.279130625,9.279130625
OC-73090801__T2,T2,1,8,2000,0.0,8.413756125,8.413756125
OC-73090801__T2,T2,1,8,2020,0.0,7.65941496875,7.65941496875
OC-73090801__T2,T2,1,8,2040,0.0,8.30622025,8.30622025
OC-73090801__T2,T2,1,8,2060,0.0,8.77912521875,8.77912521875
OC-73090801__T2,T2,1,8,2080,0.0,9.574733875,9.574733875
OC-73090801__T2,T2,1,8,2100,0.0,9.5358689375,9.5358689375
OC-73090801__T2,T2,1,8,2120,0.0,8.5304659375,8.5304659375
OC-73090801__T2,T2,1,8,2140,0.0,8.657251125,8.657251125
OC-73090801__T2,T2,1,8,2160,0.0,7.64387421875,7.64387421875
OC-73090801__T2,T2,1,8,2180,0.0,8.38112121875,8.38112121875
OC-73090801__T2,T2,1,8,2200,0.0,8.327876875,8.327876875
OC-73090801__T2,T2,1,8,2220,0.0,7.72391903125,7.72391903125
OC-73090801__T2,T2,1,8,2240,0.0,9.1762201875,9.1762201875
OC-73090801__T2,T2,1,8,2260,0.0,9.03564484375,9.03564484375
OC-73090801__T2,T2,1,8,2280,0.0,8.84379740625,8.84379740625
OC-73090801__T1,T1,2,1,0,0,,
OC-73090801__T1,T1,2,1,20,0.0,5.63894034375,5.63894034375
OC-73090801__T1,T1,2,1,40,0.0,5.76279921875,5.76279921875
OC-73090801__T1,T1,2,1,60,0.0,6.50575009375,6.50575009375
OC-73090801__T1,T1,2,1,80,0.0,6.401954,6.401954
OC-73090801__T1,T1,2,1,100,0.0,6.75075159375,6.75075159375
OC-73090801__T1,T1,2,1,120,0.0,7.53221728125,7.53221728125
OC-73090801__T1,T1,2,1,140,0.0,6.98716803125,6.98716803125
OC-73090801__T1,T1,2,1,160,0.0,5.7354805625,5.7354805625
OC-73090801__T1,T1,2,1,180,0.0,5.645626578125,5.645626578125
OC-73090801__T1,T1,2,1,200,-0.30022271766514247,5.54825065625,5.54786334375
OC-73090801__T1,T1,2,1,220,-0.28693602495680914,6.10896353125,6.1022494375
OC-73090801__T1,T1,2,1,240,-0.3312532523873647,6.94772946875,6.96200275
OC-73090801__T1,T1,2,1,260,-0.36441452322069806,7.12507959375,7.1204545
OC-73090801__T1,T1,2,1,280,-0.34592367773458693,6.4805600625,6.4856886875
OC-73090801__T1,T1,2,1,300,-0.3255956621095869,6.03854653125,6.02740509375
OC-73090801__T1,T1,2,1,320,-0.31264735655403136,5.9771528125,5.97834959375
OC-73090801__T1,T1,2,1,340,-0.23677362391514248,5.8447804375,5.81711415625
OC-73090801__T1,T1,2,1,360,-0.1857357055123647,7.01873653125,7.00601021875
OC-73090801__T1,T1,2,1,380,-0.1915403756512536,7.3539720625,7.3594466875
OC-73090801__T1,T1,2,1,400,-0.5892841386538612,7.80517375,7.81423321875
OC-73090801__T1,T1,2,1,420,-0.584049775806639,8.446731875,8.438784625
OC-73090801__T1,T1,2,1,440,-0.3529367393483056,9.9543455,9.8810420625
OC-73090801__T1,T1,2,1,460,0.04543071204058324,11.4851793125,11.43159825
OC-73090801__T1,T1,2,1,480,0.39955962870725004,13.5373251875,13.4528861875
OC-73090801__T1,T1,2,1,500,0.8177045835683612,13.9123509375,13.8832150625
OC-73090801__T1,T1,2,1,520,1.1044254099572501,15.115574375,15.0585355
OC-73090801__T1,T1,2,1,540,0.9959445696794722,14.2322415,14.2668485625
OC-73090801__T1,T1,2,1,560,1.1525330662072502,15.4193171875,15.3673894375
OC-73090801__T1,T1,2,1,580,1.0949849030128056,15.7774061875,15.7727634375
OC-73090801__T1,T1,2,1,600,0.6054404171761408,14.8804063125,14.90980575
OC-73090801__T1,T1,2,1,620,0.7896359866205852,13.9678706875,13.82160675
OC-73090801__T1,T1,2,1,640,1.5289854032872516,14.0700829375,13.929470375
OC-73090801__T1,T1,2,1,660,1.820532125509474,13.9361075,14.1568856875
OC-73090801__T1,T1,2,1,680,1.5797235907872516,13.3243751875,13.123746625
OC-73090801__T1,T1,2,1,700,2.253607132453918,14.381034375,14.5244975625
OC-73090801__T1,T1,2,1,720,2.219308486620585,12.9116220625,12.8973336875
OC-73090801__T1,T1,2,1,740,2.6059636289816965,13.260288875,13.138918125
OC-73090801__T1,T1,2,1,760,2.6705487713428075,12.60383775,12.5071934375
OC-73090801__T1,T1,2,1,780,2.9234318720372516,14.035337125,13.949527375
OC-73090801__T1,T1,2,1,800,2.653121684993744,12.677879,12.5847695
OC-73090801__T1,T1,2,1,820,3.4925899454104106,12.4879720625,12.31285315625
OC-73090801__T1,T1,2,1,840,4.3290914020076325,13.81912,13.667599
OC-73090801__T1,T1,2,1,860,5.831615478396522,13.8638779375,13.568679875
OC-73090801__T1,T1,2,1,880,6.725913825618745,13.5556929375,13.5212941875
OC-73090801__T1,T1,2,1,900,7.096377950618743,12.1006314375,12.0209179375
OC-73090801__T1,T1,2,1,920,7.103912415896522,13.23799875,13.272825875
OC-73090801__T1,T1,2,1,940,7.860671790896522,14.5654768125,14.347875
OC-73090801__T1,T1,2,1,960,8.638789974924299,14.421668125,14.2675574375
OC-73090801__T1,T1,2,1,980,9.855973931521522,15.267853875,15.157077
OC-73090801__T1,T1,2,1,1000,9.856018440303062,14.2440183125,14.1189600625
OC-73090801__T1,T1,2,1,1020,10.399140353497506,12.840830625,12.7549359375
OC-73090801__T1,T1,2,1,1040,10.361261851761395,13.3805994375,13.4828211875
OC-73090801__T1,T1,2,1,1060,10.036808178150283,13.3980748125,13.452742125
OC-73090801__T1,T1,2,1,1080,10.42371125106695,14.3702658125,14.2684394375
OC-73090801__T1,T1,2,1,1100,10.674410983705839,13.0983691875,13.126040375
OC-73090801__T1,T1,2,1,1120,10.56417006356695,12.6891638125,12.4798100625
OC-73090801__T1,T1,2,1,1140,10.982772289261396,14.1244058125,14.1394426875
OC-73090801__T1,T1,2,1,1160,10.78119790731695,13.1164371875,13.1340801875
OC-73090801__T1,T1,2,1,1180,10.998651678150283,10.4462019375,10.3153496875
OC-73090801__T1,T1,2,1,1200,11.711415248236975,9.7853065625,9.538627125
OC-73090801__T1,T1,2,1,1220,12.731875298584198,8.3460320625,8.2535364375
OC-73090801__T1,T1,2,1,1240,12.710910701361975,7.25493840625,7.250929625
OC-73090801__T1,T1,2,1,1260,13.207557924452253,6.505879609375,6.41606578125
OC-73090801__T1,T1,2,1,1280,13.51336056160503,5.9698075,5.94103121875
OC-73090801__T1,T1,2,1,1300,13.282398482611974,5.711712328125,5.67890434375
OC-73090801__T1,T1,2,1,1320,13.714390821153643,5.322572984375,5.2866816875
OC-73090801__T1,T1,2,1,1340,13.595332344591142,5.350350203125,5.35402696875
OC-73090801__T1,T1,2,1,1360,13.609327009521698,6.22782384375,6.159666875
OC-73090801__T1,T1,2,1,1380,14.111335615424476,6.2393990625,6.176426875
OC-73090801__T1,T1,2,1,1400,13.904062958656839,5.77081809375,5.741637328125
OC-73090801__T1,T1,2,1,1420,13.64351510362212,5.9810514375,6.037145234375
OC-73090801__T1,T1,2,1,1440,13.473155496851286,6.291800546875,6.321025171875
OC-73090801__T1,T1,2,1,1460,13.697911446504063,5.77165528125,5.76071425
OC-73090801__T1,T1,2,1,1480,13.599301831920728,5.91548484375,5.91533009375
OC-73090801__T1,T1,2,1,1500,13.651318080184618,5.68174384375,5.65320921875
OC-73090801__T1,T1,2,1,1520,13.834667201712397,5.40571878125,5.3642325625
OC-73090801__T1,T1,2,1,1540,14.063280219073507,6.13295959375,6.1270065
OC-73090801__T1,T1,2,1,1560,14.005245715601285,6.226419625,6.23983271875
OC-73090801__T1,T1,2,1,1580,13.949387378795729,6.26967184375,6.24501909375
OC-73090801__T1,T1,2,1,1600,14.237466683525192,6.1726865625,6.05946128125
OC-73090801__T1,T1,2,1,1620,14.353881746025195,5.6355006875,5.607870375
OC-73090801__T1,T1,2,1,1640,14.94358643005297,5.9786986875,5.84372103125
OC-73090801__T1,T1,2,1,1660,15.559008162691857,5.307187125,5.23574053125
OC-73090801__T1,T1,2,1,1680,15.900677202622415,5.86401734375,5.82832846875
OC-73090801__T1,T1,2,1,1700,15.654387371025194,5.21485653125,5.28478521875
OC-73090801__T1,T1,2,1,1720,15.435737272934915,5.214392515625,5.22020040625
OC-73090801__T1,T1,2,1,1740,15.437792008177968,5.125540625,5.08626990625
OC-73090801__T1,T1,2,1,1760,15.804398152275194,5.62096340625,5.5153045625
OC-73090801__T1,T1,2,1,1780,16.596682093247416,6.27754146875,6.1713634375
OC-73090801__T1,T1,2,1,1800,16.425747685741953,5.84671003125,5.83534034375
OC-73090801__T1,T1,2,1,1820,16.441295607616954,5.92459034375,5.92460684375
OC-73090801__T1,T1,2,1,1840,16.495722038172513,6.136790875,6.10428228125
OC-73090801__T1,T1,2,1,1860,16.65666956595029,6.5606435,6.5284555625
OC-73090801__T1,T1,2,1,1880,16.815212359353065,6.2253009375,6.18578709375
OC-73090801__T1,T1,2,1,1900,17.076198612825287,6.51330153125,6.43668275
OC-73090801__T1,T1,2,1,1920,17.038965756922508,5.82445715625,5.812755875
OC-73090801__T1,T1,2,1,1940,17.19654046178362,5.7922405,5.7363695625
OC-73090801__T1,T1,2,1,1960,17.603194091991956,6.15150709375,6.0445961875
OC-73090801__T1,T1,2,1,1980,17.636060704839174,5.69244009375,5.69120115625
OC-73090801__T1,T1,2,1,2000,17.769203361089176,5.6743536875,5.62899421875
OC-73090801__T1,T1,2,1,2020,18.110116677061395,5.349126125,5.2940413125
OC-73090801__T1,T1,2,1,2040,18.0791013098739,5.581221203125,5.59270853125
OC-73090801__T1,T1,2,1,2060,18.119777346332235,5.7016048125,5.699720625
OC-73090801__T1,T1,2,1,2080,18.1746985442489,6.32113996875,6.24878515625
OC-73090801__T1,T1,2,1,2100,18.276429497373897,5.996511078125,6.075332921875
OC-73090801__T1,T1,2,1,2120,17.731244823762786,5.975379625,6.04331503125
OC-73090801__T1,T1,2,1,2140,17.818258023415567,6.1745369375,6.088943875
OC-73090801__T1,T1,2,1,2160,18.33094141230445,5.40407234375,5.3406093125
OC-73090801__T1,T1,2,1,2180,18.435195257790564,5.10195240625,5.12137946875
OC-73090801__T1,T1,2,1,2200,18.425228495637786,5.46753371875,5.4062680625
OC-73090801__T1,T1,2,1,2220,18.811272019943342,5.3757203125,5.3193904375
OC-73090801__T1,T1,2,1,2240,19.132027521679454,5.31325303125,5.271959875
OC-73090801__T1,T1,2,1,2260,19.307930205707233,6.2179844375,6.2128394375
OC-73090801__T1,T1,2,1,2280,19.266231004318342,6.587118,6.5928701875
OC-73090801__T2,T2,2,1,0,0,,
OC-73090801__T2,T2,2,1,20,0.0,8.6411539375,8.6411539375
OC-73090801__T2,T2,2,1,40,0.0,8.994719875,8.994719875
OC-73090801__T2,T2,2,1,60,0.0,9.78346778125,9.78346778125
OC-73090801__T2,T2,2,1,80,0.0,10.7587421875,10.7587421875
OC-73090801__T2,T2,2,1,100,0.0,10.1047601875,10.1047601875
OC-73090801__T2,T2,2,1,120,0.0,9.88065646875,9.88065646875
OC-73090801__T2,T2,2,1,140,0.0,8.5016530625,8.5016530625
OC-73090801__T2,T2,2,1,160,0.0,8.6846974375,8.6846974375
OC-73090801__T2,T2,2,1,180,0.0,9.2467648125,9.2467648125
OC-73090801__T2,T2,2,1,200,-0.26091852969964346,8.57106484375,8.58301784375
OC-73090801__T2,T2,2,1,220,-0.40505534219964345,10.2945525625,10.31616759375
OC-73090801__T2,T2,2,1,240,-0.3845463908107546,10.754534375,10.744485375
OC-73090801__T2,T2,2,1,260,-0.4114159463663102,9.8745830625,9.87600459375
OC-73090801__T2,T2,2,1,280,-0.4218498682413101,9.3602773125,9.3771780625
OC-73090801__T2,T2,2,1,300,-0.4706379862968657,8.6702326875,8.66842525
OC-73090801__T2,T2,2,1,320,-0.45337385261631014,9.31586715625,9.3030125
OC-73090801__T2,T2,2,1,340,-0.32778962344964346,10.0637358125,10.0382969375
OC-73090801__T2,T2,2,1,360,-0.21920333525519903,11.022267625,11.00823775
OC-73090801__T2,T2,2,1,380,-0.1767478734496435,10.2918400625,10.3039554375
OC-73090801__T2,T2,2,1,400,-0.41079890667353736,9.62346653125,9.6321400625
OC-73090801__T2,T2,2,1,420,-0.3911790455624262,10.3012284375,10.251772875
OC-73090801__T2,T2,2,1,440,0.17316618881257384,10.6391536875,10.55151275
OC-73090801__T2,T2,2,1,460,0.22803014714590708,10.6722319375,10.691381625
OC-73090801__T2,T2,2,1,480,0.102146254784796,9.469560875,9.4973703125
OC-73090801__T2,T2,2,1,500,-0.06346620528464847,9.10493415625,9.1422416875
OC-73090801__T2,T2,2,1,520,-0.3329471254235373,9.4323641875,9.51368515625
OC-73090801__T2,T2,2,1,540,-0.38804910979853735,9.59293028125,9.58223553125
OC-73090801__T2,T2,2,1,560,-0.34559153861798175,11.79198153125,11.79844284375
OC-73090801__T2,T2,2,1,580,-0.26289343271520405,12.65916853125,12.629571875
OC-73090801__T2,T2,2,1,600,-0.44834303224012584,12.8360561875,12.76786871875
OC-73090801__T2,T2,2,1,620,0.06948803199598519,12.17441565625,12.10238996875
OC-73090801__T2,T2,2,1,640,0.6307494226209853,13.5944344375,13.4107009375
OC-73090801__T2,T2,2,1,660,1.9828493618570968,15.96568453125,15.714194875
OC-73090801__T2,T2,2,1,680,2.944878630954319,15.41314875,15.32205875
OC-73090801__T2,T2,2,1,700,3.58254646081543,15.4130245625,15.2922630625
OC-73090801__T2,T2,2,1,720,4.152528919148763,13.814924875,13.6961591875
OC-73090801__T2,T2,2,1,740,4.54066992956543,13.738961,13.67218625
OC-73090801__T2,T2,2,1,760,5.026577266370985,14.1781593125,14.067286875
OC-73090801__T2,T2,2,1,780,5.6196001240098745,15.174563875,15.066776375
OC-73090801__T2,T2,2,1,800,6.216569204651833,15.092593875,14.894612
OC-73090801__T2,T2,2,1,820,7.282052805346278,13.9911494375,13.768676375
OC-73090801__T2,T2,2,1,840,8.269068204651834,14.5505125625,14.4631510625
OC-73090801__T2,T2,2,1,860,8.765752940762944,14.452281375,14.3565565
OC-73090801__T2,T2,2,1,880,9.45241301367961,15.0408238125,14.884876875
OC-73090801__T2,T2,2,1,900,10.270422114374057,14.5764683125,14.4308033125
OC-73090801__T2,T2,2,1,920,10.912688638679612,14.00277725,13.8348146875
OC-73090801__T2,T2,2,1,940,11.67971265604072,15.189711875,15.0185326875
OC-73090801__T2,T2,2,1,960,12.439424899096277,14.2864585625,14.1814159375
OC-73090801__T2,T2,2,1,980,13.031031166457389,14.6034685,14.4795771875
OC-73090801__T2,T2,2,1,1000,13.943660088020538,16.6780718125,16.384315625
OC-73090801__T2,T2,2,1,1020,15.135932588020538,16.34100975,16.151164875
OC-73090801__T2,T2,2,1,1040,15.892837181770538,15.221436125,15.100528625
OC-73090801__T2,T2,2,1,1060,16.673260883159426,14.213008125,14.0288516875
OC-73090801__T2,T2,2,1,1080,17.332201789409428,13.5412600625,13.493788
OC-73090801__T2,T2,2,1,1100,17.92024263663165,14.1290563125,14.003117875
OC-73090801__T2,T2,2,1,1120,18.97138986579832,14.5106129375,14.2943045625
OC-73090801__T2,T2,2,1,1140,19.96617616788165,15.3554505,15.184361875
OC-73090801__T2,T2,2,1,1160,20.885622969964984,14.71098325,14.610568375
OC-73090801__T2,T2,2,1,1180,21.377700081076092,14.6013721875,14.4567135
OC-73090801__T2,T2,2,1,1200,21.563651069952964,14.110246125,14.026701
OC-73090801__T2,T2,2,1,1220,21.806771250508522,14.165683,14.1044965
OC-73090801__T2,T2,2,1,1240,22.33913427481408,14.00216525,13.98110025
OC-73090801__T2,T2,2,1,1260,22.390299253980746,13.3429861875,13.3295473125
OC-73090801__T2,T2,2,1,1280,22.700928931064077,14.3159115,14.181617
OC-73090801__T2,T2,2,1,1300,23.2005049345363,13.627418375,13.591013375
OC-73090801__T2,T2,2,1,1320,23.26658121231408,13.985238875,13.903466375
OC-73090801__T2,T2,2,1,1340,23.863796740091857,13.620369875,13.4897848125
OC-73090801__T2,T2,2,1,1360,24.348884972730744,13.5073701875,13.455766375
OC-73090801__T2,T2,2,1,1380,24.701866083841853,12.3066505,12.224551
OC-73090801__T2,T2,2,1,1400,24.68358717459001,11.09996753125,11.0366003125
OC-73090801__T2,T2,2,1,1420,25.149825891603896,11.723195625,11.642172375
OC-73090801__T2,T2,2,1,1440,25.05849220757612,10.3741818125,10.3998445
OC-73090801__T2,T2,2,1,1460,24.97367158604834,9.8889260625,9.8967843125
OC-73090801__T2,T2,2,1,1480,24.79556289854834,9.65520025,9.6476353125
OC-73090801__T2,T2,2,1,1500,24.672010483617782,9.15864846875,9.23359209375
OC-73090801__T2,T2,2,1,1520,25.17574352354834,8.78398940625,8.644918375
OC-73090801__T2,T2,2,1,1540,25.141887686742784,8.905440125,8.9456379375
OC-73090801__T2,T2,2,1,1560,25.26953533257612,9.4578723125,9.438826875
OC-73090801__T2,T2,2,1,1580,25.322340641603898,9.00603525,9.0477809375
OC-73090801__T2,T2,2,1,1600,24.52842603887908,8.1944465,8.150021875
OC-73090801__T2,T2,2,1,1620,25.20673127846241,8.646791875,8.585934
OC-73090801__T2,T2,2,1,1640,25.45385801283741,8.354558625,8.2370849375
OC-73090801__T2,T2,2,1,1660,25.783980842698522,8.92104875,8.94158175
OC-73090801__T2,T2,2,1,1680,25.758785936448525,8.5699290625,8.58329115625
OC-73090801__T2,T2,2,1,1700,25.626036922559635,7.64859075,7.6553545625
OC-73090801__T2,T2,2,1,1720,26.553211431240193,9.09609040625,8.78831709375
OC-73090801__T2,T2,2,1,1740,27.593880783670745,8.43606275,8.27278509375
OC-73090801__T2,T2,2,1,1760,27.65079044165686,8.59404059375,8.7317124375
OC-73090801__T2,T2,2,1,1780,27.51868458228186,8.8652574375,8.84979028125
OC-73090801__T2,T2,2,1,1800,27.162605682911344,8.4140536875,8.28665975
OC-73090801__T2,T2,2,1,1820,27.7208145822169,9.52870225,9.4787455
OC-73090801__T2,T2,2,1,1840,27.967147903397457,9.3152641875,9.2683376875
OC-73090801__T2,T2,2,1,1860,28.380810627355793,9.57295128125,9.4388183125
OC-73090801__T2,T2,2,1,1880,28.88721397457801,9.6332093125,9.599211125
OC-73090801__T2,T2,2,1,1900,28.298074752355788,9.01786971875,9.05234940625
OC-73090801__T2,T2,2,1,1920,28.673294106522455,9.086612375,9.0399711875
OC-73090801__T2,T2,2,1,1940,28.844560202008566,8.741589,8.6751390625
OC-73090801__T2,T2,2,1,1960,29.05610880617523,9.3158441875,9.144764625
OC-73090801__T2,T2,2,1,1980,30.475805040550235,9.3627889375,9.279130625
OC-73090801__T2,T2,2,1,2000,30.280179460689126,8.31786403125,8.413756125
OC-73090801__T2,T2,2,1,2020,29.91235789645301,7.62554159375,7.65941496875
OC-73090801__T2,T2,2,1,2040,30.456683905133566,8.470062375,8.30622025
OC-73090801__T2,T2,2,1,2060,31.550012589161348,8.9457909375,8.77912521875
OC-73090801__T2,T2,2,1,2080,32.27165934436968,9.651916125,9.574733875
OC-73090801__T2,T2,2,1,2100,32.21053387214746,9.53175078125,9.5358689375
OC-73090801__T2,T2,2,1,2120,32.516437136036345,8.502155,8.5304659375
OC-73090801__T2,T2,2,1,2140,32.1365124884669,8.6257599375,8.657251125
OC-73090801__T2,T2,2,1,2160,31.4809890353419,7.51330678125,7.64387421875
OC-73090801__T2,T2,2,1,2180,31.298006031869676,8.451149875,8.38112121875
OC-73090801__T2,T2,2,1,2200,31.832435080480792,8.3262866875,8.327876875
OC-73090801__T2,T2,2,1,2220,31.222840884300233,7.517310125,7.72391903125
OC-73090801__T2,T2,2,1,2240,30.886210967633566,9.2090833125,9.1762201875
OC-73090801__T2,T2,2,1,2260,30.96952986173079,9.05195946875,9.03564484375
OC-73090801__T2,T2,2,1,2280,32.162561512772456,9.132913125,8.84379740625
OC-73090801__T1,T1,2,2,0,0,,
OC-73090801__T1,T1,2,2,20,0.0,5.63894034375,5.63894034375
OC-73090801__T1,T1,2,2,40,0.0,5.76279921875,5.76279921875
OC-73090801__T1,T1,2,2,60,0.0,6.50575009375,6.50575009375
OC-73090801__T1,T1,2,2,80,0.0,6.401954,6.401954
OC-73090801__T1,T1,2,2,100,0.0,6.75075159375,6.75075159375
OC-73090801__T1,T1,2,2,120,0.0,7.53221728125,7.53221728125
OC-73090801__T1,T1,2,2,140,0.0,6.98716803125,6.98716803125
OC-73090801__T1,T1,2,2,160,0.0,5.7354805625,5.7354805625
OC-73090801__T1,T1,2,2,180,0.0,5.645626578125,5.645626578125
OC-73090801__T1,T1,2,2,200,-0.45689432916164396,5.5443608125,5.54786334375
OC-73090801__T1,T1,2,2,220,-0.4640593065921995,6.1107579375,6.1022494375
OC-73090801__T1,T1,2,2,240,-0.5437185236060884,6.93843853125,6.96200275
OC-73090801__T1,T1,2,2,260,-0.6116231763838662,7.12000153125,7.1204545
OC-73090801__T1,T1,2,2,280,-0.6435296815921996,6.4642688125,6.4856886875
OC-73090801__T1,T1,2,2,300,-0.6672279524255329,6.03643175,6.02740509375
OC-73090801__T1,T1,2,2,320,-0.6925630079810885,5.9759419375,5.97834959375
OC-73090801__T1,T1,2,2,340,-0.5476961364533106,5.87541740625,5.81711415625
OC-73090801__T1,T1,2,2,360,-0.38504223367553286,7.03049609375,7.00601021875
OC-73090801__T1,T1,2,2,380,-0.4033438031199773,7.34895121875,7.3594466875
OC-73090801__T1,T1,2,2,400,-1.1079982672110664,7.7850644375,7.81423321875
OC-73090801__T1,T1,2,2,420,-1.1433603001971775,8.451583625,8.438784625
OC-73090801__T1,T1,2,2,440,-0.7745772845721774,9.994943,9.8810420625
OC-73090801__T1,T1,2,2,460,-0.09822597901662189,11.5082145625,11.43159825
OC-73090801__T1,T1,2,2,480,0.38953563903893373,13.5905821875,13.4528861875
OC-73090801__T1,T1,2,2,500,1.1238597952889338,13.94473675,13.8832150625
OC-73090801__T1,T1,2,2,520,1.6336847258444893,15.158504875,15.0585355
OC-73090801__T1,T1,2,2,540,1.4137017084833785,14.215837375,14.2668485625
OC-73090801__T1,T1,2,2,560,1.8132052883444894,15.4581515625,15.3673894375
OC-73090801__T1,T1,2,2,580,1.702360253622267,15.77613525,15.7727634375
OC-73090801__T1,T1,2,2,600,0.8303006239866684,14.8273040625,14.90980575
OC-73090801__T1,T1,2,2,620,1.1865181274588905,14.1172701875,13.82160675
OC-73090801__T1,T1,2,2,640,2.8184541344033347,14.23269425,13.929470375
OC-73090801__T1,T1,2,2,660,3.2099907420422245,13.784332875,14.1568856875
OC-73090801__T1,T1,2,2,680,2.971575051070002,13.47705225,13.123746625
OC-73090801__T1,T1,2,2,700,4.542062870514447,14.50625975,14.5244975625
OC-73090801__T1,T1,2,2,720,4.419554509403335,12.9181481875,12.8973336875
OC-73090801__T1,T1,2,2,740,5.294784683014447,13.3728638125,13.138918125
OC-73090801__T1,T1,2,2,760,5.604831971208891,12.6913251875,12.5071934375
OC-73090801__T1,T1,2,2,780,6.743177387875558,14.094347875,13.949527375
OC-73090801__T1,T1,2,2,800,6.072852971341344,12.72732725,12.5847695
OC-73090801__T1,T1,2,2,820,7.493750846341344,12.696939,12.31285315625
OC-73090801__T1,T1,2,2,840,9.4100325737719,13.94472025,13.667599
OC-73090801__T1,T1,2,2,860,12.180959455716344,14.2226595,13.568679875
OC-73090801__T1,T1,2,2,880,13.827784330716346,13.583610625,13.5212941875
OC-73090801__T1,T1,2,2,900,14.81980532029968,12.2699215,12.0209179375
OC-73090801__T1,T1,2,2,920,15.112555643216345,13.1194526875,13.272825875
OC-73090801__T1,T1,2,2,940,15.818715125855233,14.618449375,14.347875
OC-73090801__T1,T1,2,2,960,17.099579082452458,14.59488975,14.2675574375
OC-73090801__T1,T1,2,2,980,19.347965620646903,15.39360925,15.157077
OC-73090801__T1,T1,2,2,1000,20.362864236992202,14.5227649375,14.1189600625
OC-73090801__T1,T1,2,2,1020,21.60033113976998,12.945143,12.7549359375
OC-73090801__T1,T1,2,2,1040,21.37421948872831,13.255328,13.4828211875
OC-73090801__T1,T1,2,2,1060,20.636125717894984,13.342253875,13.452742125
OC-73090801__T1,T1,2,2,1080,21.21170254081165,14.4475071875,14.2684394375
OC-73090801__T1,T1,2,2,1100,21.91322777692276,13.1566685625,13.126040375
OC-73090801__T1,T1,2,2,1120,22.43172170053387,12.950481875,12.4798100625
OC-73090801__T1,T1,2,2,1140,22.971908894978316,14.084594625,14.1394426875
OC-73090801__T1,T1,2,2,1160,23.37097945053387,13.2868834375,13.1340801875
OC-73090801__T1,T1,2,2,1180,24.206930495672758,10.4989401875,10.3153496875
OC-73090801__T1,T1,2,2,1200,24.77470576675744,10.0134426875,9.538627125
OC-73090801__T1,T1,2,2,1220,26.72108716432688,8.37716253125,8.2535364375
OC-73090801__T1,T1,2,2,1240,26.668692369187994,7.18195490625,7.250929625
OC-73090801__T1,T1,2,2,1260,27.241393579257437,6.52447725,6.41606578125
OC-73090801__T1,T1,2,2,1280,27.14704609661855,5.86692521875,5.94103121875
OC-73090801__T1,T1,2,2,1300,26.264979633076884,5.595268984375,5.67890434375
OC-73090801__T1,T1,2,2,1320,26.20497000807688,5.272413890625,5.2866816875
OC-73090801__T1,T1,2,2,1340,25.827791540194937,5.356208796875,5.35402696875
OC-73090801__T1,T1,2,2,1360,26.39359269644494,6.33741584375,6.159666875
OC-73090801__T1,T1,2,2,1380,27.165151320576882,6.245734125,6.176426875
OC-73090801__T1,T1,2,2,1400,26.748840644876058,5.663243203125,5.741637328125
OC-73090801__T1,T1,2,2,1420,26.47053188445939,5.995348765625,6.037145234375
OC-73090801__T1,T1,2,2,1440,26.36310047907745,6.260257234375,6.321025171875
OC-73090801__T1,T1,2,2,1460,26.603057294181614,5.77629159375,5.76071425
OC-73090801__T1,T1,2,2,1480,26.23599222647328,5.865057625,5.91533009375
OC-73090801__T1,T1,2,2,1500,26.55459227334828,5.7404214375,5.65320921875
OC-73090801__T1,T1,2,2,1520,26.9317384643205,5.41826353125,5.3642325625
OC-73090801__T1,T1,2,2,1540,27.66199189834828,6.1325165625,6.1270065
OC-73090801__T1,T1,2,2,1560,27.571981143139947,6.29224059375,6.23983271875
OC-73090801__T1,T1,2,2,1580,27.920009287237168,6.4558468125,6.24501909375
OC-73090801__T1,T1,2,2,1600,28.941834010749076,6.2139604375,6.05946128125
OC-73090801__T1,T1,2,2,1620,29.330452241651855,5.70926309375,5.607870375
OC-73090801__T1,T1,2,2,1640,30.902963849290742,6.247559125,5.84372103125
OC-73090801__T1,T1,2,2,1660,32.73942186317963,5.4650515625,5.23574053125
OC-73090801__T1,T1,2,2,1680,34.10144334755463,6.0711694375,5.82832846875
OC-73090801__T1,T1,2,2,1700,34.258909621860184,5.22705746875,5.28478521875
OC-73090801__T1,T1,2,2,1720,33.99069700814491,5.25279371875,5.22020040625
OC-73090801__T1,T1,2,2,1740,34.541205906582405,5.284066,5.08626990625
OC-73090801__T1,T1,2,2,1760,35.91265877724213,5.836932171875,5.5153045625
OC-73090801__T1,T1,2,2,1780,37.451877936096295,6.32278684375,6.1713634375
OC-73090801__T1,T1,2,2,1800,36.98138781496758,5.78598340625,5.83534034375
OC-73090801__T1,T1,2,2,1820,37.05224767434259,5.93676865625,5.92460684375
OC-73090801__T1,T1,2,2,1840,37.12206575593981,6.15501515625,6.10428228125
OC-73090801__T1,T1,2,2,1860,37.074756018960635,6.55035465625,6.5284555625
OC-73090801__T1,T1,2,2,1880,37.17670590524536,6.14061240625,6.18578709375
OC-73090801__T1,T1,2,2,1900,36.90657844517591,6.45832815625,6.43668275
OC-73090801__T1,T1,2,2,1920,36.773683537189804,5.7854288125,5.812755875
OC-73090801__T1,T1,2,2,1940,37.12277395906481,5.85459546875,5.7363695625
OC-73090801__T1,T1,2,2,1960,38.05428829239814,6.20754240625,6.0445961875
OC-73090801__T1,T1,2,2,1980,38.4306979260787,5.78138371875,5.69120115625
OC-73090801__T1,T1,2,2,2000,38.98340224205092,5.73121415625,5.62899421875
OC-73090801__T1,T1,2,2,2020,39.78485036184258,5.43073484375,5.2940413125
OC-73090801__T1,T1,2,2,2040,39.82140204934259,5.5793830625,5.59270853125
OC-73090801__T1,T1,2,2,2060,39.744041683023134,5.615281625,5.699720625
OC-73090801__T1,T1,2,2,2080,39.23273909274536,6.18923215625,6.24878515625
OC-73090801__T1,T1,2,2,2100,39.188038303682866,6.0496455,6.075332921875
OC-73090801__T1,T1,2,2,2120,39.05232481149536,6.05965228125,6.04331503125
OC-73090801__T1,T1,2,2,2140,39.40157432538425,6.19772478125,6.088943875
OC-73090801__T1,T1,2,2,2160,39.91417132191203,5.37735353125,5.3406093125
OC-73090801__T1,T1,2,2,2180,39.66115304934259,5.02999940625,5.12137946875
OC-73090801__T1,T1,2,2,2200,39.66658594517591,5.5040046875,5.4062680625
OC-73090801__T1,T1,2,2,2220,40.17179223163426,5.3970783125,5.3193904375
OC-73090801__T1,T1,2,2,2240,40.50875290437731,5.30030253125,5.271959875
OC-73090801__T1,T1,2,2,2260,40.572403439099524,6.191355875,6.2128394375
OC-73090801__T1,T1,2,2,2280,40.385122817571755,6.56972440625,6.5928701875
OC-73090801__T1,T1,2,4,0,0,,
OC-73090801__T1,T1,2,4,20,0.0,5.63894034375,5.63894034375
OC-73090801__T1,T1,2,4,40,0.0,5.76279921875,5.76279921875
OC-73090801__T1,T1,2,4,60,0.0,6.50575009375,6.50575009375
OC-73090801__T1,T1,2,4,80,0.0,6.401954,6.401954
OC-73090801__T1,T1,2,4,100,0.0,6.75075159375,6.75075159375
OC-73090801__T1,T1,2,4,120,0.0,7.53221728125,7.53221728125
OC-73090801__T1,T1,2,4,140,0.0,6.98716803125,6.98716803125
OC-73090801__T1,T1,2,4,160,0.0,5.7354805625,5.7354805625
OC-73090801__T1,T1,2,4,180,0.0,5.645626578125,5.645626578125
OC-73090801__T1,T1,2,4,200,-0.7656995507376989,5.5193590625,5.54786334375
OC-73090801__T1,T1,2,4,220,-0.8693665871960322,6.110177125,6.1022494375
OC-73090801__T1,T1,2,4,240,-1.056976976084921,6.9097206875,6.96200275
OC-73090801__T1,T1,2,4,260,-1.2811055142793655,7.09096996875,7.1204545
OC-73090801__T1,T1,2,4,280,-1.4894069795571432,6.4198111875,6.4856886875
OC-73090801__T1,T1,2,4,300,-1.6532785594182544,6.0211939375,6.02740509375
OC-73090801__T1,T1,2,4,320,-1.793155785112699,5.971784875,5.97834959375
OC-73090801__T1,T1,2,4,340,-1.5616454309460321,5.92496328125,5.81711415625
OC-73090801__T1,T1,2,4,360,-1.1652749361543657,7.0563594375,7.00601021875
OC-73090801__T1,T1,2,4,380,-1.2054533649738102,7.3393365,7.3594466875
OC-73090801__T1,T1,2,4,400,-2.1283283606043923,7.76021146875,7.81423321875
OC-73090801__T1,T1,2,4,420,-2.1927685099099476,8.482388875,8.438784625
OC-73090801__T1,T1,2,4,440,-1.7051334769238364,10.0087955,9.8810420625
OC-73090801__T1,T1,2,4,460,-0.854208515118281,11.5086363125,11.43159825
OC-73090801__T1,T1,2,4,480,-0.38438435886828093,13.6800309375,13.4528861875
OC-73090801__T1,T1,2,4,500,0.90435100224283,14.090758,13.8832150625
OC-73090801__T1,T1,2,4,520,1.2523888321039411,14.9803083125,15.0585355
OC-73090801__T1,T1,2,4,540,0.888280905020608,14.4007305625,14.2668485625
OC-73090801__T1,T1,2,4,560,2.4414059709928306,15.58354625,15.3673894375
OC-73090801__T1,T1,2,4,580,2.666433123770608,15.7413825,15.7727634375
OC-73090801__T1,T1,2,4,600,0.49545729910416103,14.611912125,14.90980575
OC-73090801__T1,T1,2,4,620,0.3020817470208277,14.10301875,13.82160675
OC-73090801__T1,T1,2,4,640,2.4662769414652717,14.379750625,13.929470375
OC-73090801__T1,T1,2,4,660,4.491634434520828,14.166678875,14.1568856875
OC-73090801__T1,T1,2,4,680,5.023574917159717,13.3549075625,13.123746625
OC-73090801__T1,T1,2,4,700,6.631878062993049,14.5369354375,14.5244975625
OC-73090801__T1,T1,2,4,720,5.739097861604161,12.853378375,12.8973336875
OC-73090801__T1,T1,2,4,740,7.42559104563194,13.5350161875,13.138918125
OC-73090801__T1,T1,2,4,760,9.356550240076382,13.2008025,12.5071934375
OC-73090801__T1,T1,2,4,780,12.504243562993052,14.0932669375,13.949527375
OC-73090801__T1,T1,2,4,800,12.178716711917348,12.87332925,12.5847695
OC-73090801__T1,T1,2,4,820,13.429582843866879,12.781759625,12.31285315625
OC-73090801__T1,T1,2,4,840,16.196308069561322,13.820555625,13.667599
OC-73090801__T1,T1,2,4,860,20.78617748970021,14.4476365625,13.568679875
OC-73090801__T1,T1,2,4,880,23.22235977095021,13.7035429375,13.5212941875
OC-73090801__T1,T1,2,4,900,26.368424399422434,12.524546625,12.0209179375
OC-73090801__T1,T1,2,4,920,28.024178948033548,13.347454125,13.272825875
OC-73090801__T1,T1,2,4,940,28.427593944561323,14.1985278125,14.347875
OC-73090801__T1,T1,2,4,960,29.139713665047438,14.75402,14.2675574375
OC-73090801__T1,T1,2,4,980,31.811270904630767,15.438809875,15.157077
OC-73090801__T1,T1,2,4,1000,34.08144052537643,14.8607664375,14.1189600625
OC-73090801__T1,T1,2,4,1020,36.46317048863835,12.9870985625,12.7549359375
OC-73090801__T1,T1,2,4,1040,36.35395158412446,13.4237444375,13.4828211875
OC-73090801__T1,T1,2,4,1060,42.145313535513345,15.8205416875,13.452742125
OC-73090801__T1,T1,2,4,1080,50.10585507023557,14.731922125,14.2684394375
OC-73090801__T1,T1,2,4,1100,49.65214210843002,12.4678548125,13.126040375
OC-73090801__T1,T1,2,4,1120,50.20651146259669,12.964718625,12.4798100625
OC-73090801__T1,T1,2,4,1140,50.015661549402246,14.1201089375,14.1394426875
OC-73090801__T1,T1,2,4,1160,51.164363983430015,13.6684103125,13.1340801875
OC-73090801__T1,T1,2,4,1180,53.49018585148557,10.704187125,10.3153496875
OC-73090801__T1,T1,2,4,1200,55.103114450441254,10.1437248125,9.538627125
OC-73090801__T1,T1,2,4,1220,57.65892986248112,8.4657200625,8.2535364375
OC-73090801__T1,T1,2,4,1240,58.11084810206446,7.218164625,7.250929625
OC-73090801__T1,T1,2,4,1260,58.65411254824501,6.49931128125,6.41606578125
OC-73090801__T1,T1,2,4,1280,58.006929485745005,5.6748175625,5.94103121875
OC-73090801__T1,T1,2,4,1300,56.051556127238065,5.41724309375,5.67890434375
OC-73090801__T1,T1,2,4,1320,55.68780192584918,5.2694934375,5.2866816875
OC-73090801__T1,T1,2,4,1340,55.23193898834917,5.39073853125,5.35402696875
OC-73090801__T1,T1,2,4,1360,55.90119586508529,6.302453390625,6.159666875
OC-73090801__T1,T1,2,4,1380,55.938122905015845,6.03798053125,6.176426875
OC-73090801__T1,T1,2,4,1400,54.476904383239216,5.690042,5.741637328125
OC-73090801__T1,T1,2,4,1420,54.02494676440716,5.94491025,6.037145234375
OC-73090801__T1,T1,2,4,1440,54.2139778260391,6.32895765625,6.321025171875
OC-73090801__T1,T1,2,4,1460,55.507731279164105,6.116093375,5.76071425
OC-73090801__T1,T1,2,4,1480,56.01928723749744,5.82921771875,5.91533009375
OC-73090801__T1,T1,2,4,1500,56.37283886076132,5.88920953125,5.65320921875
OC-73090801__T1,T1,2,4,1520,57.53546963333076,5.540963875,5.3642325625
OC-73090801__T1,T1,2,4,1540,58.99600086249744,6.3523899375,6.1270065
OC-73090801__T1,T1,2,4,1560,59.37732328958077,6.3853265,6.23983271875
OC-73090801__T1,T1,2,4,1580,60.06250960034467,6.4457443125,6.24501909375
OC-73090801__T1,T1,2,4,1600,61.12563175062127,6.31697965625,6.05946128125
OC-73090801__T1,T1,2,4,1620,62.071733142284714,5.7907464375,5.607870375
OC-73090801__T1,T1,2,4,1640,63.419197788118055,6.173367375,5.84372103125
OC-73090801__T1,T1,2,4,1660,65.51601209540972,5.543440625,5.23574053125
OC-73090801__T1,T1,2,4,1680,67.50364727075693,6.0365675625,5.82832846875
OC-73090801__T1,T1,2,4,1700,67.28569646520138,5.12141934375,5.28478521875
OC-73090801__T1,T1,2,4,1720,67.02674181415972,5.32681453125,5.22020040625
OC-73090801__T1,T1,2,4,1740,68.01913647995833,5.3467519375,5.08626990625
OC-73090801__T1,T1,2,4,1760,69.89058178377778,5.86627053125,5.5153045625
OC-73090801__T1,T1,2,4,1780,71.03099899731944,6.1294654375,6.1713634375
OC-73090801__T1,T1,2,4,1800,69.71257594004805,5.79175834375,5.83534034375
OC-73090801__T1,T1,2,4,1820,69.68707778820192,6.0066964375,5.92460684375
OC-73090801__T1,T1,2,4,1840,70.11796840452136,6.1303275625,6.10428228125
OC-73090801__T1,T1,2,4,1860,70.69660355903524,6.8419190625,6.5284555625
OC-73090801__T1,T1,2,4,1880,71.82038984462552,6.28480371875,6.18578709375
OC-73090801__T1,T1,2,4,1900,72.53807163108387,6.66299975,6.43668275
OC-73090801__T1,T1,2,4,1920,73.11951995226441,5.8062108125,5.812755875
OC-73090801__T1,T1,2,4,1940,73.65186332031996,5.8883204375,5.7363695625
OC-73090801__T1,T1,2,4,1960,74.63775958420885,6.1505155,6.0445961875
OC-73090801__T1,T1,2,4,1980,75.21155380122275,5.8031415625,5.69120115625
OC-73090801__T1,T1,2,4,2000,76.05420090018107,5.8177689375,5.62899421875
OC-73090801__T1,T1,2,4,2020,77.41537670400052,5.5213309375,5.2940413125
OC-73090801__T1,T1,2,4,2040,77.64816133594498,5.55837259375,5.59270853125
OC-73090801__T1,T1,2,4,2060,77.57642164323664,5.6035510625,5.699720625
OC-73090801__T1,T1,2,4,2080,76.9232486380283,6.14746109375,6.24878515625
OC-73090801__T1,T1,2,4,2100,77.14676086545886,6.16203525,6.075332921875
OC-73090801__T1,T1,2,4,2120,77.29691646875747,6.00106615625,6.04331503125
OC-73090801__T1,T1,2,4,2140,77.47545816320192,6.2556826875,6.088943875
OC-73090801__T1,T1,2,4,2160,78.2550218663269,5.39215928125,5.3406093125
OC-73090801__T1,T1,2,4,2180,77.82879242014636,5.00399078125,5.12137946875
OC-73090801__T1,T1,2,4,2200,78.00949461979913,5.56703115625,5.4062680625
OC-73090801__T1,T1,2,4,2220,78.89683795834081,5.46491084375,5.3193904375
OC-73090801__T1,T1,2,4,2240,79.44238160851441,5.319309125,5.271959875
OC-73090801__T1,T1,2,4,2260,79.61024825087551,6.21575753125,6.2128394375
OC-73090801__T1,T1,2,4,2280,79.38135749045887,6.55362321875,6.5928701875
OC-73090801__T2,T2,2,4,0,0,,
OC-73090801__T2,T2,2,4,20,0.0,8.6411539375,8.6411539375
OC-73090801__T2,T2,2,4,40,0.0,8.994719875,8.994719875
OC-73090801__T2,T2,2,4,60,0.0,9.78346778125,9.78346778125
OC-73090801__T2,T2,2,4,80,0.0,10.7587421875,10.7587421875
OC-73090801__T2,T2,2,4,100,0.0,10.1047601875,10.1047601875
OC-73090801__T2,T2,2,4,120,0.0,9.88065646875,9.88065646875
OC-73090801__T2,T2,2,4,140,0.0,8.5016530625,8.5016530625
OC-73090801__T2,T2,2,4,160,0.0,8.6846974375,8.6846974375
OC-73090801__T2,T2,2,4,180,0.0,9.2467648125,9.2467648125
OC-73090801__T2,T2,2,4,200,-0.37389419136619567,8.5818205,8.58301784375
OC-73090801__T2,T2,2,4,220,-0.5671558962273069,10.26209284375,10.31616759375
OC-73090801__T2,T2,2,4,240,-0.7428229552550847,10.7335933125,10.744485375
OC-73090801__T2,T2,2,4,260,-0.8356323510884179,9.8601498125,9.87600459375
OC-73090801__T2,T2,2,4,280,-0.9225121392828624,9.3613268125,9.3771780625
OC-73090801__T2,T2,2,4,300,-0.9631822746995291,8.6788585625,8.66842525
OC-73090801__T2,T2,2,4,320,-1.0162442000467513,9.27958453125,9.3030125
OC-73090801__T2,T2,2,4,340,-0.8526480229634179,10.116676375,10.0382969375
OC-73090801__T2,T2,2,4,360,-0.5904700785189735,11.0115113125,11.00823775
OC-73090801__T2,T2,2,4,380,-0.6102967694911957,10.27389025,10.3039554375
OC-73090801__T2,T2,2,4,400,-1.1367701976628835,9.62469215625,9.6321400625
OC-73090801__T2,T2,2,4,420,-1.0035324649892383,10.3540878125,10.251772875
OC-73090801__T2,T2,2,4,440,0.050152993344094954,10.7283375625,10.55151275
OC-73090801__T2,T2,2,4,460,0.4597676634829839,10.752532125,10.691381625
OC-73090801__T2,T2,2,4,480,0.7888749152190953,9.51771684375,9.4973703125
OC-73090801__T2,T2,2,4,500,0.46897543605242853,9.0597501875,9.1422416875
OC-73090801__T2,T2,2,4,520,0.2815435436913172,9.5069215625,9.51368515625
OC-73090801__T2,T2,2,4,540,0.5532301565385396,9.61649475,9.58223553125
OC-73090801__T2,T2,2,4,560,0.7239183961218729,11.810319875,11.79844284375
OC-73090801__T2,T2,2,4,580,0.7161194499413173,12.68017046875,12.629571875
OC-73090801__T2,T2,2,4,600,-0.143150417915344,12.751414625,12.76786871875
OC-73090801__T2,T2,2,4,620,-0.28886111604224274,12.143193,12.10238996875
OC-73090801__T2,T2,2,4,640,0.6855471287494237,13.9065925,13.4107009375
OC-73090801__T2,T2,2,4,660,4.424373243332758,16.3584933125,15.714194875
OC-73090801__T2,T2,2,4,680,7.0361907207633125,15.6634810625,15.32205875
OC-73090801__T2,T2,2,4,700,8.10319873117998,15.42788825,15.2922630625
OC-73090801__T2,T2,2,4,720,9.629525411735536,14.1414778125,13.6961591875
OC-73090801__T2,T2,2,4,740,11.19267621729109,13.846548,13.67218625
OC-73090801__T2,T2,2,4,760,11.962385425624426,14.255373375,14.067286875
OC-73090801__T2,T2,2,4,780,12.876001706874426,15.290302375,15.066776375
OC-73090801__T2,T2,2,4,800,13.16629027565278,15.052165875,14.894612
OC-73090801__T2,T2,2,4,820,14.082159299958334,13.987576,13.768676375
OC-73090801__T2,T2,2,4,840,14.968636831208336,14.521103625,14.4631510625
OC-73090801__T2,T2,2,4,860,14.998885987458337,14.37970175,14.3565565
OC-73090801__T2,T2,2,4,880,15.345152147180556,14.9961091875,14.884876875
OC-73090801__T2,T2,2,4,900,16.386872098569448,14.658341,14.4308033125
OC-73090801__T2,T2,2,4,920,17.150756612458334,14.07262025,13.8348146875
OC-73090801__T2,T2,2,4,940,18.88820161593056,15.361968375,15.0185326875
OC-73090801__T2,T2,2,4,960,20.116436779125,14.37780225,14.1814159375
OC-73090801__T2,T2,2,4,980,21.67543380690278,14.852825625,14.4795771875
OC-73090801__T2,T2,2,4,1000,23.825893275876364,16.84508225,16.384315625
OC-73090801__T2,T2,2,4,1020,25.823605202457216,16.42941625,16.151164875
OC-73090801__T2,T2,2,4,1040,26.805690869123886,15.355988875,15.100528625
OC-73090801__T2,T2,2,4,1060,28.751763761484995,14.4048879375,14.0288516875
OC-73090801__T2,T2,2,4,1080,30.449570799679442,13.7262925,13.493788
OC-73090801__T2,T2,2,4,1100,31.631178358707217,14.2081746875,14.003117875
OC-73090801__T2,T2,2,4,1120,32.90030778579055,14.519300875,14.2943045625
OC-73090801__T2,T2,2,4,1140,34.05445950106833,15.3263698125,15.184361875
OC-73090801__T2,T2,2,4,1160,35.251115337873884,14.90439475,14.610568375
OC-73090801__T2,T2,2,4,1180,36.071130504540555,14.6068385,14.4567135
OC-73090801__T2,T2,2,4,1200,35.474995719304346,13.994990875,14.026701
OC-73090801__T2,T2,2,4,1220,35.329721624811334,14.1681360625,14.1044965
OC-73090801__T2,T2,2,4,1240,36.03396493731134,13.9648680625,13.98110025
OC-73090801__T2,T2,2,4,1260,35.771624746339114,13.3199541875,13.3295473125
OC-73090801__T2,T2,2,4,1280,35.968645270644664,14.24636625,14.181617
OC-73090801__T2,T2,2,4,1300,36.41690295120022,13.63457175,13.591013375
OC-73090801__T2,T2,2,4,1320,36.916517777589114,14.184429625,13.903466375
OC-73090801__T2,T2,2,4,1340,38.62288689911689,13.808079625,13.4897848125
OC-73090801__T2,T2,2,4,1360,40.093514322728,13.6624125625,13.455766375
OC-73090801__T2,T2,2,4,1380,41.305645715089106,12.4759758125,12.224551
OC-73090801__T2,T2,2,4,1400,41.840538594051466,11.247332125,11.0366003125
OC-73090801__T2,T2,2,4,1420,42.37796331735452,11.8486244375,11.642172375
OC-73090801__T2,T2,2,4,1440,42.94181417152119,10.4707561875,10.3998445
OC-73090801__T2,T2,2,4,1460,43.39988778610452,9.9792539375,9.8967843125
OC-73090801__T2,T2,2,4,1480,43.6030394076323,9.67264825,9.6476353125
OC-73090801__T2,T2,2,4,1500,44.20611022360452,9.49974259375,9.23359209375
OC-73090801__T2,T2,2,4,1520,45.24023814895175,8.77893025,8.644918375
OC-73090801__T2,T2,2,4,1540,46.099015492701746,9.0884809375,8.9456379375
OC-73090801__T2,T2,2,4,1560,46.936340610757306,9.5719826875,9.438826875
OC-73090801__T2,T2,2,4,1580,47.20258368367397,9.0094125625,9.0477809375
OC-73090801__T2,T2,2,4,1600,46.311303044582374,8.2804866875,8.150021875
OC-73090801__T2,T2,2,4,1620,47.66583644456662,8.9318328125,8.585934
OC-73090801__T2,T2,2,4,1640,48.3301306129694,8.041421375,8.2370849375
OC-73090801__T2,T2,2,4,1660,48.411360902899965,9.1140485,8.94158175
OC-73090801__T2,T2,2,4,1680,48.25242692546941,8.6297201875,8.58329115625
OC-73090801__T2,T2,2,4,1700,48.739569435886075,7.779459875,7.6553545625
OC-73090801__T2,T2,2,4,1720,50.84174219803885,9.153184625,8.78831709375
OC-73090801__T2,T2,2,4,1740,51.53914201401107,8.3562413125,8.27278509375
OC-73090801__T2,T2,2,4,1760,52.03895215289996,8.688186375,8.7317124375
OC-73090801__T2,T2,2,4,1780,52.04714870498329,8.7988016875,8.84979028125
OC-73090801__T2,T2,2,4,1800,51.526311224723386,8.63241690625,8.28665975
OC-73090801__T2,T2,2,4,1820,52.63625239283647,9.7243951875,9.4787455
OC-73090801__T2,T2,2,4,1840,53.57729398485036,9.655710125,9.2683376875
OC-73090801__T2,T2,2,4,1860,56.16614953519758,9.90307134375,9.4388183125
OC-73090801__T2,T2,2,4,1880,58.86000516193369,9.7069064375,9.599211125
OC-73090801__T2,T2,2,4,1900,58.32766937721147,9.14774353125,9.05234940625
OC-73090801__T2,T2,2,4,1920,59.19444613415592,9.34928409375,9.0399711875
OC-73090801__T2,T2,2,4,1940,59.65092376783647,8.73917415625,8.6751390625
OC-73090801__T2,T2,2,4,1960,60.79607992235035,9.588676625,9.144764625
OC-73090801__T2,T2,2,4,1980,63.730575634155905,9.511872,9.279130625
OC-73090801__T2,T2,2,4,2000,63.02281738762813,8.14603040625,8.413756125
OC-73090801__T2,T2,2,4,2020,62.86193990498925,7.86046234375,7.65941496875
OC-73090801__T2,T2,2,4,2040,64.32023890325313,8.6406194375,8.30622025
OC-73090801__T2,T2,2,4,2060,66.60891448658646,8.72061834375,8.77912521875
OC-73090801__T2,T2,2,4,2080,66.09081783380869,9.6234313125,9.574733875
OC-73090801__T2,T2,2,4,2100,66.45001716540591,9.6084355625,9.5358689375
OC-73090801__T2,T2,2,4,2120,67.51918704387813,8.60934725,8.5304659375
OC-73090801__T2,T2,2,4,2140,67.73587397096146,8.7011496875,8.657251125
OC-73090801__T2,T2,2,4,2160,67.45324298485035,7.54051371875,7.64387421875
OC-73090801__T2,T2,2,4,2180,68.57928520360035,8.83832775,8.38112121875
OC-73090801__T2,T2,2,4,2200,70.09299814804479,8.411932375,8.327876875
OC-73090801__T2,T2,2,4,2220,69.22375856644757,7.55443871875,7.72391903125
OC-73090801__T2,T2,2,4,2240,69.08822337894757,9.2874588125,9.1762201875
OC-73090801__T2,T2,2,4,2260,70.15871573485035,9.20785771875,9.03564484375
OC-73090801__T2,T2,2,4,2280,71.75808502651702,9.212909125,8.84379740625
OC-73090801__T1,T1,2,8,0,0,,
OC-73090801__T1,T1,2,8,20,0.0,5.63894034375,5.63894034375
OC-73090801__T1,T1,2,8,40,0.0,5.76279921875,5.76279921875
OC-73090801__T1,T1,2,8,60,0.0,6.50575009375,6.50575009375
OC-73090801__T1,T1,2,8,80,0.0,6.401954,6.401954
OC-73090801__T1,T1,2,8,100,0.0,6.75075159375,6.75075159375
OC-73090801__T1,T1,2,8,120,0.0,7.53221728125,7.53221728125
OC-73090801__T1,T1,2,8,140,0.0,6.98716803125,6.98716803125
OC-73090801__T1,T1,2,8,160,0.0,5.7354805625,5.7354805625
OC-73090801__T1,T1,2,8,180,0.0,5.645626578125,5.645626578125
OC-73090801__T1,T1,2,8,200,0.0,5.54786334375,5.54786334375
OC-73090801__T1,T1,2,8,220,0.0,6.1022494375,6.1022494375
OC-73090801__T1,T1,2,8,240,0.0,6.96200275,6.96200275
OC-73090801__T1,T1,2,8,260,0.0,7.1204545,7.1204545
OC-73090801__T1,T1,2,8,280,0.0,6.4856886875,6.4856886875
OC-73090801__T1,T1,2,8,300,0.0,6.02740509375,6.02740509375
OC-73090801__T1,T1,2,8,320,0.0,5.97834959375,5.97834959375
OC-73090801__T1,T1,2,8,340,0.0,5.81711415625,5.81711415625
OC-73090801__T1,T1,2,8,360,0.0,7.00601021875,7.00601021875
OC-73090801__T1,T1,2,8,380,0.0,7.3594466875,7.3594466875
OC-73090801__T1,T1,2,8,400,0.0,7.81423321875,7.81423321875
OC-73090801__T1,T1,2,8,420,0.0,8.438784625,8.438784625
OC-73090801__T1,T1,2,8,440,0.0,9.8810420625,9.8810420625
OC-73090801__T1,T1,2,8,460,0.0,11.43159825,11.43159825
OC-73090801__T1,T1,2,8,480,0.0,13.4528861875,13.4528861875
OC-73090801__T1,T1,2,8,500,0.0,13.8832150625,13.8832150625
OC-73090801__T1,T1,2,8,520,0.0,15.0585355,15.0585355
OC-73090801__T1,T1,2,8,540,0.0,14.2668485625,14.2668485625
OC-73090801__T1,T1,2,8,560,0.0,15.3673894375,15.3673894375
OC-73090801__T1,T1,2,8,580,0.0,15.7727634375,15.7727634375
OC-73090801__T1,T1,2,8,600,0.0,14.90980575,14.90980575
OC-73090801__T1,T1,2,8,620,0.0,13.82160675,13.82160675
OC-73090801__T1,T1,2,8,640,0.0,13.929470375,13.929470375
OC-73090801__T1,T1,2,8,660,0.0,14.1568856875,14.1568856875
OC-73090801__T1,T1,2,8,680,0.0,13.123746625,13.123746625
OC-73090801__T1,T1,2,8,700,0.0,14.5244975625,14.5244975625
OC-73090801__T1,T1,2,8,720,0.0,12.8973336875,12.8973336875
OC-73090801__T1,T1,2,8,740,0.0,13.138918125,13.138918125
OC-73090801__T1,T1,2,8,760,0.0,12.5071934375,12.5071934375
OC-73090801__T1,T1,2,8,780,0.0,13.949527375,13.949527375
OC-73090801__T1,T1,2,8,800,0.0,12.5847695,12.5847695
OC-73090801__T1,T1,2,8,820,0.0,12.31285315625,12.31285315625
OC-73090801__T1,T1,2,8,840,0.0,13.667599,13.667599
OC-73090801__T1,T1,2,8,860,0.0,13.568679875,13.568679875
OC-73090801__T1,T1,2,8,880,0.0,13.5212941875,13.5212941875
OC-73090801__T1,T1,2,8,900,0.0,12.0209179375,12.0209179375
OC-73090801__T1,T1,2,8,920,0.0,13.272825875,13.272825875
OC-73090801__T1,T1,2,8,940,0.0,14.347875,14.347875
OC-73090801__T1,T1,2,8,960,0.0,14.2675574375,14.2675574375
OC-73090801__T1,T1,2,8,980,0.0,15.157077,15.157077
OC-73090801__T1,T1,2,8,1000,0.0,14.1189600625,14.1189600625
OC-73090801__T1,T1,2,8,1020,0.0,12.7549359375,12.7549359375
OC-73090801__T1,T1,2,8,1040,0.0,13.4828211875,13.4828211875
OC-73090801__T1,T1,2,8,1060,0.0,13.452742125,13.452742125
OC-73090801__T1,T1,2,8,1080,0.0,14.2684394375,14.2684394375
OC-73090801__T1,T1,2,8,1100,0.0,13.126040375,13.126040375
OC-73090801__T1,T1,2,8,1120,0.0,12.4798100625,12.4798100625
OC-73090801__T1,T1,2,8,1140,0.0,14.1394426875,14.1394426875
OC-73090801__T1,T1,2,8,1160,0.0,13.1340801875,13.1340801875
OC-73090801__T1,T1,2,8,1180,0.0,10.3153496875,10.3153496875
OC-73090801__T1,T1,2,8,1200,0.0,9.538627125,9.538627125
OC-73090801__T1,T1,2,8,1220,0.0,8.2535364375,8.2535364375
OC-73090801__T1,T1,2,8,1240,0.0,7.250929625,7.250929625
OC-73090801__T1,T1,2,8,1260,0.0,6.41606578125,6.41606578125
OC-73090801__T1,T1,2,8,1280,0.0,5.94103121875,5.94103121875
OC-73090801__T1,T1,2,8,1300,0.0,5.67890434375,5.67890434375
OC-73090801__T1,T1,2,8,1320,0.0,5.2866816875,5.2866816875
OC-73090801__T1,T1,2,8,1340,0.0,5.35402696875,5.35402696875
OC-73090801__T1,T1,2,8,1360,0.0,6.159666875,6.159666875
OC-73090801__T1,T1,2,8,1380,0.0,6.176426875,6.176426875
OC-73090801__T1,T1,2,8,1400,0.0,5.741637328125,5.741637328125
OC-73090801__T1,T1,2,8,1420,0.0,6.037145234375,6.037145234375
OC-73090801__T1,T1,2,8,1440,0.0,6.321025171875,6.321025171875
OC-73090801__T1,T1,2,8,1460,0.0,5.76071425,5.76071425
OC-73090801__T1,T1,2,8,1480,0.0,5.91533009375,5.91533009375
OC-73090801__T1,T1,2,8,1500,0.0,5.65320921875,5.65320921875
OC-73090801__T1,T1,2,8,1520,0.0,5.3642325625,5.3642325625
OC-73090801__T1,T1,2,8,1540,0.0,6.1270065,6.1270065
OC-73090801__T1,T1,2,8,1560,0.0,6.23983271875,6.23983271875
OC-73090801__T1,T1,2,8,1580,0.0,6.24501909375,6.24501909375
OC-73090801__T1,T1,2,8,1600,0.0,6.05946128125,6.05946128125
OC-73090801__T1,T1,2,8,1620,0.0,5.607870375,5.607870375
OC-73090801__T1,T1,2,8,1640,0.0,5.84372103125,5.84372103125
OC-73090801__T1,T1,2,8,1660,0.0,5.23574053125,5.23574053125
OC-73090801__T1,T1,2,8,1680,0.0,5.82832846875,5.82832846875
OC-73090801__T1,T1,2,8,1700,0.0,5.28478521875,5.28478521875
OC-73090801__T1,T1,2,8,1720,0.0,5.22020040625,5.22020040625
OC-73090801__T1,T1,2,8,1740,0.0,5.08626990625,5.08626990625
OC-73090801__T1,T1,2,8,1760,0.0,5.5153045625,5.5153045625
OC-73090801__T1,T1,2,8,1780,0.0,6.1713634375,6.1713634375
OC-73090801__T1,T1,2,8,1800,0.0,5.83534034375,5.83534034375
OC-73090801__T1,T1,2,8,1820,0.0,5.92460684375,5.92460684375
OC-73090801__T1,T1,2,8,1840,0.0,6.10428228125,6.10428228125
OC-73090801__T1,T1,2,8,1860,0.0,6.5284555625,6.5284555625
OC-73090801__T1,T1,2,8,1880,0.0,6.18578709375,6.18578709375
OC-73090801__T1,T1,2,8,1900,0.0,6.43668275,6.43668275
OC-73090801__T1,T1,2,8,1920,0.0,5.812755875,5.812755875
OC-73090801__T1,T1,2,8,1940,0.0,5.7363695625,5.7363695625
OC-73090801__T1,T1,2,8,1960,0.0,6.0445961875,6.0445961875
OC-73090801__T1,T1,2,8,1980,0.0,5.69120115625,5.69120115625
OC-73090801__T1,T1,2,8,2000,0.0,5.62899421875,5.62899421875
OC-73090801__T1,T1,2,8,2020,0.0,5.2940413125,5.2940413125
OC-73090801__T1,T1,2,8,2040,0.0,5.59270853125,5.59270853125
OC-73090801__T1,T1,2,8,2060,0.0,5.699720625,5.699720625
OC-73090801__T1,T1,2,8,2080,0.0,6.24878515625,6.24878515625
OC-73090801__T1,T1,2,8,2100,0.0,6.075332921875,6.075332921875
OC-73090801__T1,T1,2,8,2120,0.0,6.04331503125,6.04331503125
OC-73090801__T1,T1,2,8,2140,0.0,6.088943875,6.088943875
OC-73090801__T1,T1,2,8,2160,0.0,5.3406093125,5.3406093125
OC-73090801__T1,T1,2,8,2180,0.0,5.12137946875,5.12137946875
OC-73090801__T1,T1,2,8,2200,0.0,5.4062680625,5.4062680625
OC-73090801__T1,T1,2,8,2220,0.0,5.3193904375,5.3193904375
OC-73090801__T1,T1,2,8,2240,0.0,5.271959875,5.271959875
OC-73090801__T1,T1,2,8,2260,0.0,6.2128394375,6.2128394375
OC-73090801__T1,T1,2,8,2280,0.0,6.5928701875,6.5928701875
OC-73090801__T2,T2,2,8,0,0,,
OC-73090801__T2,T2,2,8,20,0.0,8.6411539375,8.6411539375
OC-73090801__T2,T2,2,8,40,0.0,8.994719875,8.994719875
OC-73090801__T2,T2,2,8,60,0.0,9.78346778125,9.78346778125
OC-73090801__T2,T2,2,8,80,0.0,10.7587421875,10.7587421875
OC-73090801__T2,T2,2,8,100,0.0,10.1047601875,10.1047601875
OC-73090801__T2,T2,2,8,120,0.0,9.88065646875,9.88065646875
OC-73090801__T2,T2,2,8,140,0.0,8.5016530625,8.5016530625
OC-73090801__T2,T2,2,8,160,0.0,8.6846974375,8.6846974375
OC-73090801__T2,T2,2,8,180,0.0,9.2467648125,9.2467648125
OC-73090801__T2,T2,2,8,200,0.0,8.58301784375,8.58301784375
OC-73090801__T2,T2,2,8,220,0.0,10.31616759375,10.31616759375
OC-73090801__T2,T2,2,8,240,0.0,10.744485375,10.744485375
OC-73090801__T2,T2,2,8,260,0.0,9.87600459375,9.87600459375
OC-73090801__T2,T2,2,8,280,0.0,9.3771780625,9.3771780625
OC-73090801__T2,T2,2,8,300,0.0,8.66842525,8.66842525
OC-73090801__T2,T2,2,8,320,0.0,9.3030125,9.3030125
OC-73090801__T2,T2,2,8,340,0.0,10.0382969375,10.0382969375
OC-73090801__T2,T2,2,8,360,0.0,11.00823775,11.00823775
OC-73090801__T2,T2,2,8,380,0.0,10.3039554375,10.3039554375
OC-73090801__T2,T2,2,8,400,0.0,9.6321400625,9.6321400625
OC-73090801__T2,T2,2,8,420,0.0,10.251772875,10.251772875
OC-73090801__T2,T2,2,8,440,0.0,10.55151275,10.55151275
OC-73090801__T2,T2,2,8,460,0.0,10.691381625,10.691381625
OC-73090801__T2,T2,2,8,480,0.0,9.4973703125,9.4973703125
OC-73090801__T2,T2,2,8,500,0.0,9.1422416875,9.1422416875
OC-73090801__T2,T2,2,8,520,0.0,9.51368515625,9.51368515625
OC-73090801__T2,T2,2,8,540,0.0,9.58223553125,9.58223553125
OC-73090801__T2,T2,2,8,560,0.0,11.79844284375,11.79844284375
OC-73090801__T2,T2,2,8,580,0.0,12.629571875,12.629571875
OC-73090801__T2,T2,2,8,600,0.0,12.76786871875,12.76786871875
OC-73090801__T2,T2,2,8,620,0.0,12.10238996875,12.10238996875
OC-73090801__T2,T2,2,8,640,0.0,13.4107009375,13.4107009375
OC-73090801__T2,T2,2,8,660,0.0,15.714194875,15.714194875
OC-73090801__T2,T2,2,8,680,0.0,15.32205875,15.32205875
OC-73090801__T2,T2,2,8,700,0.0,15.2922630625,15.2922630625
OC-73090801__T2,T2,2,8,720,0.0,13.6961591875,13.6961591875
OC-73090801__T2,T2,2,8,740,0.0,13.67218625,13.67218625
OC-73090801__T2,T2,2,8,760,0.0,14.067286875,14.067286875
OC-73090801__T2,T2,2,8,780,0.0,15.066776375,15.066776375
OC-73090801__T2,T2,2,8,800,0.0,14.894612,14.894612
OC-73090801__T2,T2,2,8,820,0.0,13.768676375,13.768676375
OC-73090801__T2,T2,2,8,840,0.0,14.4631510625,14.4631510625
OC-73090801__T2,T2,2,8,860,0.0,14.3565565,14.3565565
OC-73090801__T2,T2,2,8,880,0.0,14.884876875,14.884876875
OC-73090801__T2,T2,2,8,900,0.0,14.4308033125,14.4308033125
OC-73090801__T2,T2,2,8,920,0.0,13.8348146875,13.8348146875
OC-73090801__T2,T2,2,8,940,0.0,15.0185326875,15.0185326875
OC-73090801__T2,T2,2,8,960,0.0,14.1814159375,14.1814159375
OC-73090801__T2,T2,2,8,980,0.0,14.4795771875,14.4795771875
OC-73090801__T2,T2,2,8,1000,0.0,16.384315625,16.384315625
OC-73090801__T2,T2,2,8,1020,0.0,16.151164875,16.151164875
OC-73090801__T2,T2,2,8,1040,0.0,15.100528625,15.100528625
OC-73090801__T2,T2,2,8,1060,0.0,14.0288516875,14.0288516875
OC-73090801__T2,T2,2,8,1080,0.0,13.493788,13.493788
OC-73090801__T2,T2,2,8,1100,0.0,14.003117875,14.003117875
OC-73090801__T2,T2,2,8,1120,0.0,14.2943045625,14.2943045625
OC-73090801__T2,T2,2,8,1140,0.0,15.184361875,15.184361875
OC-73090801__T2,T2,2,8,1160,0.0,14.610568375,14.610568375
OC-73090801__T2,T2,2,8,1180,0.0,14.4567135,14.4567135
OC-73090801__T2,T2,2,8,1200,0.0,14.026701,14.026701
OC-73090801__T2,T2,2,8,1220,0.0,14.1044965,14.1044965
OC-73090801__T2,T2,2,8,1240,0.0,13.98110025,13.98110025
OC-73090801__T2,T2,2,8,1260,0.0,13.3295473125,13.3295473125
OC-73090801__T2,T2,2,8,1280,0.0,14.181617,14.181617
OC-73090801__T2,T2,2,8,1300,0.0,13.591013375,13.591013375
OC-73090801__T2,T2,2,8,1320,0.0,13.903466375,13.903466375
OC-73090801__T2,T2,2,8,1340,0.0,13.4897848125,13.4897848125
OC-73090801__T2,T2,2,8,1360,0.0,13.455766375,13.455766375
OC-73090801__T2,T2,2,8,1380,0.0,12.224551,12.224551
OC-73090801__T2,T2,2,8,1400,0.0,11.0366003125,11.0366003125
OC-73090801__T2,T2,2,8,1420,0.0,11.642172375,11.642172375
OC-73090801__T2,T2,2,8,1440,0.0,10.3998445,10.3998445
OC-73090801__T2,T2,2,8,1460,0.0,9.8967843125,9.8967843125
OC-73090801__T2,T2,2,8,1480,0.0,9.6476353125,9.6476353125
OC-73090801__T2,T2,2,8,1500,0.0,9.23359209375,9.23359209375
OC-73090801__T2,T2,2,8,1520,0.0,8.644918375,8.644918375
OC-73090801__T2,T2,2,8,1540,0.0,8.9456379375,8.9456379375
OC-73090801__T2,T2,2,8,1560,0.0,9.438826875,9.438826875
OC-73090801__T2,T2,2,8,1580,0.0,9.0477809375,9.0477809375
OC-73090801__T2,T2,2,8,1600,0.0,8.150021875,8.150021875
OC-73090801__T2,T2,2,8,1620,0.0,8.585934,8.585934
OC-73090801__T2,T2,2,8,1640,0.0,8.2370849375,8.2370849375
OC-73090801__T2,T2,2,8,1660,0.0,8.94158175,8.94158175
OC-73090801__T2,T2,2,8,1680,0.0,8.58329115625,8.58329115625
OC-73090801__T2,T2,2,8,1700,0.0,7.6553545625,7.6553545625
OC-73090801__T2,T2,2,8,1720,0.0,8.78831709375,8.78831709375
OC-73090801__T2,T2,2,8,1740,0.0,8.27278509375,8.27278509375
OC-73090801__T2,T2,2,8,1760,0.0,8.7317124375,8.7317124375
OC-73090801__T2,T2,2,8,1780,0.0,8.84979028125,8.84979028125
OC-73090801__T2,T2,2,8,1800,0.0,8.28665975,8.28665975
OC-73090801__T2,T2,2,8,1820,0.0,9.4787455,9.4787455
OC-73090801__T2,T2,2,8,1840,0.0,9.2683376875,9.2683376875
OC-73090801__T2,T2,2,8,1860,0.0,9.4388183125,9.4388183125
OC-73090801__T2,T2,2,8,1880,0.0,9.599211125,9.599211125
OC-73090801__T2,T2,2,8,1900,0.0,9.05234940625,9.05234940625
OC-73090801__T2,T2,2,8,1920,0.0,9.0399711875,9.0399711875
OC-73090801__T2,T2,2,8,1940,0.0,8.6751390625,8.6751390625
OC-73090801__T2,T2,2,8,1960,0.0,9.144764625,9.144764625
OC-73090801__T2,T2,2,8,1980,0.0,9.279130625,9.279130625
OC-73090801__T2,T2,2,8,2000,0.0,8.413756125,8.413756125
OC-73090801__T2,T2,2,8,2020,0.0,7.65941496875,7.65941496875
OC-73090801__T2,T2,2,8,2040,0.0,8.30622025,8.30622025
OC-73090801__T2,T2,2,8,2060,0.0,8.77912521875,8.77912521875
OC-73090801__T2,T2,2,8,2080,0.0,9.574733875,9.574733875
OC-73090801__T2,T2,2,8,2100,0.0,9.5358689375,9.5358689375
OC-73090801__T2,T2,2,8,2120,0.0,8.5304659375,8.5304659375
OC-73090801__T2,T2,2,8,2140,0.0,8.657251125,8.657251125
OC-73090801__T2,T2,2,8,2160,0.0,7.64387421875,7.64387421875
OC-73090801__T2,T2,2,8,2180,0.0,8.38112121875,8.38112121875
OC-73090801__T2,T2,2,8,2200,0.0,8.327876875,8.327876875
OC-73090801__T2,T2,2,8,2220,0.0,7.72391903125,7.72391903125
OC-73090801__T2,T2,2,8,2240,0.0,9.1762201875,9.1762201875
OC-73090801__T2,T2,2,8,2260,0.0,9.03564484375,9.03564484375
OC-73090801__T2,T2,2,8,2280,0.0,8.84379740625,8.84379740625
OC-73090801__T1,T1,3,1,0,0,,
OC-73090801__T1,T1,3,1,20,0.0,5.63894034375,5.63894034375
OC-73090801__T1,T1,3,1,40,0.0,5.76279921875,5.76279921875
OC-73090801__T1,T1,3,1,60,0.0,6.50575009375,6.50575009375
OC-73090801__T1,T1,3,1,80,0.0,6.401954,6.401954
OC-73090801__T1,T1,3,1,100,0.0,6.75075159375,6.75075159375
OC-73090801__T1,T1,3,1,120,0.0,7.53221728125,7.53221728125
OC-73090801__T1,T1,3,1,140,0.0,6.98716803125,6.98716803125
OC-73090801__T1,T1,3,1,160,0.0,5.7354805625,5.7354805625
OC-73090801__T1,T1,3,1,180,0.0,5.645626578125,5.645626578125
OC-73090801__T1,T1,3,1,200,-0.3002225507571962,5.54825021875,5.54786334375
OC-73090801__T1,T1,3,1,220,-0.286937656659974,6.108962125,6.1022494375
OC-73090801__T1,T1,3,1,240,-0.3312544361738629,6.94772953125,6.96200275
OC-73090801__T1,T1,3,1,260,-0.36440921395164066,7.12508103125,7.1204545
OC-73090801__T1,T1,3,1,280,-0.3459180056183073,6.4805585,6.4856886875
OC-73090801__T1,T1,3,1,300,-0.32560128686830736,6.03854553125,6.02740509375
OC-73090801__T1,T1,3,1,320,-0.3126530889516407,5.97715365625,5.97834959375
OC-73090801__T1,T1,3,1,340,-0.23677105249330735,5.84477859375,5.81711415625
OC-73090801__T1,T1,3,1,360,-0.18573413061830735,7.0187438125,7.00601021875
OC-73090801__T1,T1,3,1,380,-0.19156124520164067,7.35396065625,7.3594466875
OC-73090801__T1,T1,3,1,400,-0.5314470350283517,7.80620878125,7.81423321875
OC-73090801__T1,T1,3,1,420,-0.5071243128061295,8.4578221875,8.438784625
OC-73090801__T1,T1,3,1,440,-0.26389698815335166,9.9510725,9.8810420625
OC-73090801__T1,T1,3,1,460,0.10328823754109273,11.4754006875,11.43159825
OC-73090801__T1,T1,3,1,480,0.4463854389299817,13.5422200625,13.4528861875
OC-73090801__T1,T1,3,1,500,0.9143701264299816,13.938632,13.8832150625
OC-73090801__T1,T1,3,1,520,1.2021204319855374,15.08574375,15.0585355
OC-73090801__T1,T1,3,1,540,1.098592428513315,14.2480186875,14.2668485625
OC-73090801__T1,T1,3,1,560,1.3424181472633152,15.4427563125,15.3673894375
OC-73090801__T1,T1,3,1,580,1.3706463799022042,15.7679066875,15.7727634375
OC-73090801__T1,T1,3,1,600,0.8493773069022498,14.8652463125,14.90980575
OC-73090801__T1,T1,3,1,620,0.9618801992633609,13.92334825,13.82160675
OC-73090801__T1,T1,3,1,640,1.4409346367633606,14.00927775,13.929470375
OC-73090801__T1,T1,3,1,660,2.058563254818916,14.1060296875,14.1568856875
OC-73090801__T1,T1,3,1,680,2.13929968190225,13.282745625,13.123746625
OC-73090801__T1,T1,3,1,700,2.442850032596694,14.3568115625,14.5244975625
OC-73090801__T1,T1,3,1,720,2.547851945791139,12.9343633125,12.8973336875
OC-73090801__T1,T1,3,1,740,2.912102747874472,13.3213334375,13.138918125
OC-73090801__T1,T1,3,1,760,3.3723562270411387,12.612445125,12.5071934375
OC-73090801__T1,T1,3,1,780,4.027917883291138,14.067485375,13.949527375
OC-73090801__T1,T1,3,1,800,3.8587439607699716,12.646279625,12.5847695
OC-73090801__T1,T1,3,1,820,4.446977877436638,12.43404575,12.31285315625
OC-73090801__T1,T1,3,1,840,4.8057496795199715,13.6737966875,13.667599
OC-73090801__T1,T1,3,1,860,4.880676648269971,13.6198879375,13.568679875
OC-73090801__T1,T1,3,1,880,4.97766034965886,13.4643841875,13.5212941875
OC-73090801__T1,T1,3,1,900,4.970588557992194,12.083464625,12.0209179375
OC-73090801__T1,T1,3,1,920,5.174229742019971,13.2751355,13.272825875
OC-73090801__T1,T1,3,1,940,5.215246203825528,14.4000341875,14.347875
OC-73090801__T1,T1,3,1,960,5.384893054519972,14.35267153125,14.2675574375
OC-73090801__T1,T1,3,1,980,6.041476144797749,15.250554125,15.157077
OC-73090801__T1,T1,3,1,1000,6.170727567902353,14.2154795625,14.1189600625
OC-73090801__T1,T1,3,1,1020,6.555808901235686,12.91006875,12.7549359375
OC-73090801__T1,T1,3,1,1040,6.816991451582908,13.49351775,13.4828211875
OC-73090801__T1,T1,3,1,1060,6.918661809221797,13.42673675,13.452742125
OC-73090801__T1,T1,3,1,1080,7.535031371721798,14.46477275,14.2684394375
OC-73090801__T1,T1,3,1,1100,7.66068490644402,13.0147250625,13.126040375
OC-73090801__T1,T1,3,1,1120,7.449522402971798,12.536651375,12.4798100625
OC-73090801__T1,T1,3,1,1140,7.842280118249576,14.219634,14.1394426875
OC-73090801__T1,T1,3,1,1160,7.907266705055131,13.106142625,13.1340801875
OC-73090801__T1,T1,3,1,1180,7.76580117033291,10.3297985,10.3153496875
OC-73090801__T1,T1,3,1,1200,7.797349991744889,9.6760595625,9.538627125
OC-73090801__T1,T1,3,1,1220,8.402426641050445,8.2577010625,8.2535364375
OC-73090801__T1,T1,3,1,1240,8.124827443133778,7.196663875,7.250929625
OC-73090801__T1,T1,3,1,1260,8.321742672300445,6.47969525,6.41606578125
OC-73090801__T1,T1,3,1,1280,8.596682148862945,5.96579015625,5.94103121875
OC-73090801__T1,T1,3,1,1300,8.462379848515722,5.702472734375,5.67890434375
OC-73090801__T1,T1,3,1,1320,8.596292592439335,5.29202740625,5.2866816875
OC-73090801__T1,T1,3,1,1340,8.582680203550446,5.370417546875,5.35402696875
OC-73090801__T1,T1,3,1,1360,8.397760440529611,6.13680721875,6.159666875
OC-73090801__T1,T1,3,1,1380,8.442444277335168,6.18761540625,6.176426875
OC-73090801__T1,T1,3,1,1400,8.345510663707097,5.76664196875,5.741637328125
OC-73090801__T1,T1,3,1,1420,8.198615938012654,6.000611546875,6.037145234375
OC-73090801__T1,T1,3,1,1440,8.114540807804321,6.323373109375,6.321025171875
OC-73090801__T1,T1,3,1,1460,8.326075337318208,5.75484465625,5.76071425
OC-73090801__T1,T1,3,1,1480,8.395540455373764,5.96729496875,5.91533009375
OC-73090801__T1,T1,3,1,1500,8.652550497040432,5.67029178125,5.65320921875
OC-73090801__T1,T1,3,1,1520,8.720853655026543,5.39831475,5.3642325625
OC-73090801__T1,T1,3,1,1540,9.138829222734877,6.18314553125,6.1270065
OC-73090801__T1,T1,3,1,1560,9.34732340155432,6.2865816875,6.23983271875
OC-73090801__T1,T1,3,1,1580,9.539323113359876,6.32076103125,6.24501909375
OC-73090801__T1,T1,3,1,1600,9.608143328359391,6.0847835625,6.05946128125
OC-73090801__T1,T1,3,1,1620,9.460695776276058,5.602062875,5.607870375
OC-73090801__T1,T1,3,1,1640,9.90031762002606,5.9703465625,5.84372103125
OC-73090801__T1,T1,3,1,1660,10.341339093984393,5.24123896875,5.23574053125
OC-73090801__T1,T1,3,1,1680,10.34314416690106,5.80887628125,5.82832846875
OC-73090801__T1,T1,3,1,1700,10.262481705095503,5.2676053125,5.28478521875
OC-73090801__T1,T1,3,1,1720,10.23954401065106,5.23776234375,5.22020040625
OC-73090801__T1,T1,3,1,1740,10.366107713776058,5.1459859375,5.08626990625
OC-73090801__T1,T1,3,1,1760,10.67860294033856,5.574435421875,5.5153045625
OC-73090801__T1,T1,3,1,1780,11.112601314470503,6.23988034375,6.1713634375
OC-73090801__T1,T1,3,1,1800,10.932561171489716,5.876571625,5.83534034375
OC-73090801__T1,T1,3,1,1820,11.077701296489716,5.94442875,5.92460684375
OC-73090801__T1,T1,3,1,1840,11.079211124614718,6.1265895,6.10428228125
OC-73090801__T1,T1,3,1,1860,11.161438987461938,6.5571814375,6.5284555625
OC-73090801__T1,T1,3,1,1880,11.276325404128606,6.2228668125,6.18578709375
OC-73090801__T1,T1,3,1,1900,11.60680714544805,6.494759375,6.43668275
OC-73090801__T1,T1,3,1,1920,11.609638907600827,5.78359075,5.812755875
OC-73090801__T1,T1,3,1,1940,11.67938979562166,5.79986096875,5.7363695625
OC-73090801__T1,T1,3,1,1960,11.98650224701055,6.119175875,6.0445961875
OC-73090801__T1,T1,3,1,1980,12.352090844232771,5.76380521875,5.69120115625
OC-73090801__T1,T1,3,1,2000,12.69233027826055,5.6560878125,5.62899421875
OC-73090801__T1,T1,3,1,2020,12.838984932774437,5.3067826875,5.2940413125
OC-73090801__T1,T1,3,1,2040,12.765432940586937,5.586240234375,5.59270853125
OC-73090801__T1,T1,3,1,2060,12.76590274267027,5.71198065625,5.699720625
OC-73090801__T1,T1,3,1,2080,12.604290983989717,6.1925039375,6.24878515625
OC-73090801__T1,T1,3,1,2100,12.383161555170272,6.034304921875,6.075332921875
OC-73090801__T1,T1,3,1,2120,12.371983174093883,6.05114628125,6.04331503125
OC-73090801__T1,T1,3,1,2140,12.29595839110777,6.07792375,6.088943875
OC-73090801__T1,T1,3,1,2160,12.162735196663327,5.28513678125,5.3406093125
OC-73090801__T1,T1,3,1,2180,11.879431431038327,5.090996125,5.12137946875
OC-73090801__T1,T1,3,1,2200,11.758049424093883,5.38457253125,5.4062680625
OC-73090801__T1,T1,3,1,2220,11.616533683642494,5.29219009375,5.3193904375
OC-73090801__T1,T1,3,1,2240,11.422532997878605,5.22881921875,5.271959875
OC-73090801__T1,T1,3,1,2260,11.105830240934159,6.14154115625,6.2128394375
OC-73090801__T1,T1,3,1,2280,10.676987444059161,6.53615825,6.5928701875
OC-73090801__T1,T1,3,2,0,0,,
OC-73090801__T1,T1,3,2,20,0.0,5.63894034375,5.63894034375
OC-73090801__T1,T1,3,2,40,0.0,5.76279921875,5.76279921875
OC-73090801__T1,T1,3,2,60,0.0,6.50575009375,6.50575009375
OC-73090801__T1,T1,3,2,80,0.0,6.401954,6.401954
OC-73090801__T1,T1,3,2,100,0.0,6.75075159375,6.75075159375
OC-73090801__T1,T1,3,2,120,0.0,7.53221728125,7.53221728125
OC-73090801__T1,T1,3,2,140,0.0,6.98716803125,6.98716803125
OC-73090801__T1,T1,3,2,160,0.0,5.7354805625,5.7354805625
OC-73090801__T1,T1,3,2,180,0.0,5.645626578125,5.645626578125
OC-73090801__T1,T1,3,2,200,-0.45576399983734556,5.544876,5.54786334375
OC-73090801__T1,T1,3,2,220,-0.4637414095595678,6.11007771875,6.1022494375
OC-73090801__T1,T1,3,2,240,-0.5455462237956789,6.938405,6.96200275
OC-73090801__T1,T1,3,2,260,-0.6100113487956789,7.12056621875,7.1204545
OC-73090801__T1,T1,3,2,280,-0.6420470119901234,6.46422384375,6.4856886875
OC-73090801__T1,T1,3,2,300,-0.6668042828234566,6.0360911875,6.02740509375
OC-73090801__T1,T1,3,2,320,-0.6968736283095678,5.9750206875,5.97834959375
OC-73090801__T1,T1,3,2,340,-0.5545374303929012,5.87505375,5.81711415625
OC-73090801__T1,T1,3,2,360,-0.39568352587901223,7.02934778125,7.00601021875
OC-73090801__T1,T1,3,2,380,-0.4150706526151233,7.34898928125,7.3594466875
OC-73090801__T1,T1,3,2,400,-0.9773681053802703,7.79742590625,7.81423321875
OC-73090801__T1,T1,3,2,420,-0.987481553296937,8.4514213125,8.438784625
OC-73090801__T1,T1,3,2,440,-0.6307551904497147,9.991759375,9.8810420625
OC-73090801__T1,T1,3,2,460,-0.00573238489415917,11.515351125,11.43159825
OC-73090801__T1,T1,3,2,480,0.5548442678836187,13.59512525,13.4528861875
OC-73090801__T1,T1,3,2,500,1.2551929692725077,13.966903375,13.8832150625
OC-73090801__T1,T1,3,2,520,1.6844392991336186,15.1014238125,15.0585355
OC-73090801__T1,T1,3,2,540,1.467102767883619,14.25327,14.2668485625
OC-73090801__T1,T1,3,2,560,1.968215663716952,15.47991925,15.3673894375
OC-73090801__T1,T1,3,2,580,1.9504954206613965,15.775891375,15.7727634375
OC-73090801__T1,T1,3,2,600,1.2071922780004076,14.8715369375,14.90980575
OC-73090801__T1,T1,3,2,620,1.9361648439726302,14.165504875,13.82160675
OC-73090801__T1,T1,3,2,640,3.620353691194852,14.1962495,13.929470375
OC-73090801__T1,T1,3,2,660,4.548072159944852,13.941061125,14.1568856875
OC-73090801__T1,T1,3,2,680,4.303437583555963,13.3490394375,13.123746625
OC-73090801__T1,T1,3,2,700,5.184970302305963,14.3788860625,14.5244975625
OC-73090801__T1,T1,3,2,720,5.017597837028186,12.9620511875,12.8973336875
OC-73090801__T1,T1,3,2,740,5.665614521055963,13.4109388125,13.138918125
OC-73090801__T1,T1,3,2,760,6.12161671897263,12.6907506875,12.5071934375
OC-73090801__T1,T1,3,2,780,7.111238642583741,14.1159206875,13.949527375
OC-73090801__T1,T1,3,2,800,6.8612254499367085,12.7458585,12.5847695
OC-73090801__T1,T1,3,2,820,8.121382066256155,12.5869148125,12.31285315625
OC-73090801__T1,T1,3,2,840,9.185309958617264,13.905063125,13.667599
OC-73090801__T1,T1,3,2,860,10.46821327806171,13.6888195625,13.568679875
OC-73090801__T1,T1,3,2,880,10.068123333617265,13.4347235625,13.5212941875
OC-73090801__T1,T1,3,2,900,10.078532097506153,12.0142285625,12.0209179375
OC-73090801__T1,T1,3,2,920,9.482430052367265,13.1701019375,13.272825875
OC-73090801__T1,T1,3,2,940,10.211024267645042,14.5988276875,14.347875
OC-73090801__T1,T1,3,2,960,11.132202828408932,14.50102625,14.2675574375
OC-73090801__T1,T1,3,2,980,12.750410788478376,15.373304625,15.157077
OC-73090801__T1,T1,3,2,1000,13.319318845352386,14.3641503125,14.1189600625
OC-73090801__T1,T1,3,2,1020,14.366721661324608,12.942390625,12.7549359375
OC-73090801__T1,T1,3,2,1040,14.735138659588497,13.442416375,13.4828211875
OC-73090801__T1,T1,3,2,1060,14.466853579727385,13.337744,13.452742125
OC-73090801__T1,T1,3,2,1080,14.640197583199608,14.461244375,14.2684394375
OC-73090801__T1,T1,3,2,1100,15.340761788060718,13.12600875,13.126040375
OC-73090801__T1,T1,3,2,1120,15.617524305421831,12.706616375,12.4798100625
OC-73090801__T1,T1,3,2,1140,16.428077378338497,14.2474681875,14.1394426875
OC-73090801__T1,T1,3,2,1160,16.97995236444961,13.1871155625,13.1340801875
OC-73090801__T1,T1,3,2,1180,17.292234913060717,10.459125875,10.3153496875
OC-73090801__T1,T1,3,2,1200,17.80717014184634,9.8391333125,9.538627125
OC-73090801__T1,T1,3,2,1220,19.102383463026893,8.30719015625,8.2535364375
OC-73090801__T1,T1,3,2,1240,19.00642828767967,7.23254953125,7.250929625
OC-73090801__T1,T1,3,2,1260,19.562787644450506,6.541245796875,6.41606578125
OC-73090801__T1,T1,3,2,1280,19.937542772054673,5.94098315625,5.94103121875
OC-73090801__T1,T1,3,2,1300,19.51975910278384,5.6780050625,5.67890434375
OC-73090801__T1,T1,3,2,1320,19.741624186117175,5.304452484375,5.2866816875
OC-73090801__T1,T1,3,2,1340,19.651217818929673,5.368197765625,5.35402696875
OC-73090801__T1,T1,3,2,1360,19.60813551858245,6.17065115625,6.159666875
OC-73090801__T1,T1,3,2,1380,19.843205524658842,6.223864,6.176426875
OC-73090801__T1,T1,3,2,1400,19.628572695017077,5.73856409375,5.741637328125
OC-73090801__T1,T1,3,2,1420,19.184149911162905,5.940494421875,6.037145234375
OC-73090801__T1,T1,3,2,1440,18.882929073489294,6.26634375,6.321025171875
OC-73090801__T1,T1,3,2,1460,19.11996152401013,5.74741671875,5.76071425
OC-73090801__T1,T1,3,2,1480,18.794019274010125,5.9252471875,5.91533009375
OC-73090801__T1,T1,3,2,1500,18.983909779218465,5.65426284375,5.65320921875
OC-73090801__T1,T1,3,2,1520,19.057602379912908,5.38759815625,5.3642325625
OC-73090801__T1,T1,3,2,1540,19.572566909426797,6.18322596875,6.1270065
OC-73090801__T1,T1,3,2,1560,19.9272819406768,6.32815934375,6.23983271875
OC-73090801__T1,T1,3,2,1580,20.505388379912908,6.40839075,6.24501909375
OC-73090801__T1,T1,3,2,1600,21.012427255261315,6.14825715625,6.05946128125
OC-73090801__T1,T1,3,2,1620,21.110892942555324,5.6537155,5.607870375
OC-73090801__T1,T1,3,2,1640,22.07322019949977,6.1776858125,5.84372103125
OC-73090801__T1,T1,3,2,1660,23.55678499811088,5.35909121875,5.23574053125
OC-73090801__T1,T1,3,2,1680,24.056475940819215,5.9409875,5.82832846875
OC-73090801__T1,T1,3,2,1700,24.184279331444213,5.2529331875,5.28478521875
OC-73090801__T1,T1,3,2,1720,24.012477745506715,5.226326546875,5.22020040625
OC-73090801__T1,T1,3,2,1740,24.237465511131713,5.1925,5.08626990625
OC-73090801__T1,T1,3,2,1760,25.115550987694213,5.713652125,5.5153045625
OC-73090801__T1,T1,3,2,1780,26.502692684742826,6.44316234375,6.1713634375
OC-73090801__T1,T1,3,2,1800,26.768826968846536,5.9026069375,5.83534034375
OC-73090801__T1,T1,3,2,1820,27.169117132324327,5.994061125,5.92460684375
OC-73090801__T1,T1,3,2,1840,27.13906485628266,6.07248371875,6.10428228125
OC-73090801__T1,T1,3,2,1860,26.663251371039603,6.439316125,6.5284555625
OC-73090801__T1,T1,3,2,1880,26.27036360888683,6.13785453125,6.18578709375
OC-73090801__T1,T1,3,2,1900,26.378800183539607,6.48139209375,6.43668275
OC-73090801__T1,T1,3,2,1920,26.113146457845158,5.74744965625,5.812755875
OC-73090801__T1,T1,3,2,1940,26.376791607150718,5.830902125,5.7363695625
OC-73090801__T1,T1,3,2,1960,27.02932419742849,6.17651184375,6.0445961875
OC-73090801__T1,T1,3,2,1980,27.675655683539606,5.85830084375,5.69120115625
OC-73090801__T1,T1,3,2,2000,28.68195737451183,5.8101393125,5.62899421875
OC-73090801__T1,T1,3,2,2020,29.728105404025715,5.4545905625,5.2940413125
OC-73090801__T1,T1,3,2,2040,29.901486200900717,5.62512684375,5.59270853125
OC-73090801__T1,T1,3,2,2060,29.891543117567384,5.55593184375,5.699720625
OC-73090801__T1,T1,3,2,2080,28.94312617659516,6.07466678125,6.24878515625
OC-73090801__T1,T1,3,2,2100,28.496910190484048,6.016060796875,6.075332921875
OC-73090801__T1,T1,3,2,2120,28.604219950900717,6.084382625,6.04331503125
OC-73090801__T1,T1,3,2,2140,28.97218723215072,6.26001646875,6.088943875
OC-73090801__T1,T1,3,2,2160,29.45400480333127,5.30589921875,5.3406093125
OC-73090801__T1,T1,3,2,2180,28.958060088053497,5.05694484375,5.12137946875
OC-73090801__T1,T1,3,2,2200,29.086469327636824,5.49982275,5.4062680625
OC-73090801__T1,T1,3,2,2220,29.56081359152572,5.3722698125,5.3193904375
OC-73090801__T1,T1,3,2,2240,29.51620712364377,5.23788803125,5.271959875
OC-73090801__T1,T1,3,2,2260,29.296631748643772,6.13636128125,6.2128394375
OC-73090801__T1,T1,3,2,2280,28.75826939274099,6.4748345625,6.5928701875
OC-73090801__T1,T1,3,4,0,0,,
OC-73090801__T1,T1,3,4,20,0.0,5.63894034375,5.63894034375
OC-73090801__T1,T1,3,4,40,0.0,5.76279921875,5.76279921875
OC-73090801__T1,T1,3,4,60,0.0,6.50575009375,6.50575009375
OC-73090801__T1,T1,3,4,80,0.0,6.401954,6.401954
OC-73090801__T1,T1,3,4,100,0.0,6.75075159375,6.75075159375
OC-73090801__T1,T1,3,4,120,0.0,7.53221728125,7.53221728125
OC-73090801__T1,T1,3,4,140,0.0,6.98716803125,6.98716803125
OC-73090801__T1,T1,3,4,160,0.0,5.7354805625,5.7354805625
OC-73090801__T1,T1,3,4,180,0.0,5.645626578125,5.645626578125
OC-73090801__T1,T1,3,4,200,-0.7825970183015399,5.521485625,5.54786334375
OC-73090801__T1,T1,3,4,220,-0.8936126485098732,6.106511375,6.1022494375
OC-73090801__T1,T1,3,4,240,-1.0880997144820954,6.9111989375,6.96200275
OC-73090801__T1,T1,3,4,260,-1.2927445703848734,7.0927594375,7.1204545
OC-73090801__T1,T1,3,4,280,-1.507568473162651,6.41908659375,6.4856886875
OC-73090801__T1,T1,3,4,300,-1.682541754412651,6.0179640625,6.02740509375
OC-73090801__T1,T1,3,4,320,-1.8520219436487622,5.96721775,5.97834959375
OC-73090801__T1,T1,3,4,340,-1.6280073863570956,5.92609759375,5.81711415625
OC-73090801__T1,T1,3,4,360,-1.2217908099682067,7.0545746875,7.00601021875
OC-73090801__T1,T1,3,4,380,-1.2681772439959844,7.3385156875,7.3594466875
OC-73090801__T1,T1,3,4,400,-2.1334164745076496,7.77082603125,7.81423321875
OC-73090801__T1,T1,3,4,420,-2.469497431185828,8.405954125,8.438784625
OC-73090801__T1,T1,3,4,440,-2.1063533252830506,10.0305663125,9.8810420625
OC-73090801__T1,T1,3,4,460,-1.162559929449717,11.53410525,11.43159825
OC-73090801__T1,T1,3,4,480,-0.7095144919497172,13.6557504375,13.4528861875
OC-73090801__T1,T1,3,4,500,0.3203425323558384,13.953368375,13.8832150625
OC-73090801__T1,T1,3,4,520,0.8366633552725053,15.172942875,15.0585355
OC-73090801__T1,T1,3,4,540,0.5223132649947273,14.339165375,14.2668485625
OC-73090801__T1,T1,3,4,560,1.7590972858280605,15.511156375,15.3673894375
OC-73090801__T1,T1,3,4,580,1.699867848328061,15.785775125,15.7727634375
OC-73090801__T1,T1,3,4,600,0.7990722889243762,14.867962875,14.90980575
OC-73090801__T1,T1,3,4,620,2.4807811951743766,14.525407625,13.82160675
OC-73090801__T1,T1,3,4,640,5.920107799341043,14.445654125,13.929470375
OC-73090801__T1,T1,3,4,660,6.891243990313266,13.9037183125,14.1568856875
OC-73090801__T1,T1,3,4,680,7.301659365313266,13.586475125,13.123746625
OC-73090801__T1,T1,3,4,700,9.805719393091046,14.703367125,14.5244975625
OC-73090801__T1,T1,3,4,720,9.48101887225771,12.8045013125,12.8973336875
OC-73090801__T1,T1,3,4,740,10.163153257674377,13.2067165,13.138918125
OC-73090801__T1,T1,3,4,760,10.345133879202155,12.9007330625,12.5071934375
OC-73090801__T1,T1,3,4,780,11.771017101424377,14.100484125,13.949527375
OC-73090801__T1,T1,3,4,800,12.309778216228379,13.0334788125,12.5847695
OC-73090801__T1,T1,3,4,820,14.463201521242567,12.86634875,12.31285315625
OC-73090801__T1,T1,3,4,840,17.2668400420759,13.9572579375,13.667599
OC-73090801__T1,T1,3,4,860,21.024769684437015,14.356844875,13.568679875
OC-73090801__T1,T1,3,4,880,23.58316964971479,13.6727274375,13.5212941875
OC-73090801__T1,T1,3,4,900,25.02964060110368,12.3534435,12.0209179375
OC-73090801__T1,T1,3,4,920,25.64616409763146,13.095193125,13.272825875
OC-73090801__T1,T1,3,4,940,26.367740687909233,14.564067125,14.347875
OC-73090801__T1,T1,3,4,960,27.57182322783979,14.7966345625,14.2675574375
OC-73090801__T1,T1,3,4,980,30.235398179228678,15.35711275,15.157077
OC-73090801__T1,T1,3,4,1000,31.88722843877417,14.60488675,14.1189600625
OC-73090801__T1,T1,3,4,1020,33.66206237338066,13.1794520625,12.7549359375
OC-73090801__T1,T1,3,4,1040,34.169432130325106,13.3244145625,13.4828211875
OC-73090801__T1,T1,3,4,1060,33.0756910834501,13.2110494375,13.452742125
OC-73090801__T1,T1,3,4,1080,33.55429124317233,14.575297375,14.2684394375
OC-73090801__T1,T1,3,4,1100,35.10713507997788,13.1871599375,13.126040375
OC-73090801__T1,T1,3,4,1120,35.98499278136677,12.9217820625,12.4798100625
OC-73090801__T1,T1,3,4,1140,37.259184347338994,14.3234358125,14.1394426875
OC-73090801__T1,T1,3,4,1160,38.37171342372788,13.3065826875,13.1340801875
OC-73090801__T1,T1,3,4,1180,39.37734295150566,10.4764404375,10.3153496875
OC-73090801__T1,T1,3,4,1200,40.95026385952049,10.303601,9.538627125
OC-73090801__T1,T1,3,4,1220,43.629737198459736,8.44564534375,8.2535364375
OC-73090801__T1,T1,3,4,1240,43.95600043109862,7.24254409375,7.250929625
OC-73090801__T1,T1,3,4,1260,44.91801061339029,6.547898625,6.41606578125
OC-73090801__T1,T1,3,4,1280,44.78375509255696,5.84463796875,5.94103121875
OC-73090801__T1,T1,3,4,1300,43.69844615939723,5.54839153125,5.67890434375
OC-73090801__T1,T1,3,4,1320,43.41720458040418,5.236310859375,5.2866816875
OC-73090801__T1,T1,3,4,1340,42.916389111654176,5.3307596875,5.35402696875
OC-73090801__T1,T1,3,4,1360,43.21669002311251,6.321956390625,6.159666875
OC-73090801__T1,T1,3,4,1380,43.9246926854389,6.24572815625,6.176426875
OC-73090801__T1,T1,3,4,1400,43.30738842044618,5.625009265625,5.741637328125
OC-73090801__T1,T1,3,4,1420,42.53273880442175,5.98947784375,6.037145234375
OC-73090801__T1,T1,3,4,1440,42.31445140685231,6.17455534375,6.321025171875
OC-73090801__T1,T1,3,4,1460,42.364622195914805,5.7765245625,5.76071425
OC-73090801__T1,T1,3,4,1480,41.90114278792869,5.86466234375,5.91533009375
OC-73090801__T1,T1,3,4,1500,42.03223714383147,5.7105153125,5.65320921875
OC-73090801__T1,T1,3,4,1520,42.21942714556758,5.3967100625,5.3642325625
OC-73090801__T1,T1,3,4,1540,42.91521165424814,6.14681178125,6.1270065
OC-73090801__T1,T1,3,4,1560,43.26627080702592,6.397375125,6.23983271875
OC-73090801__T1,T1,3,4,1580,44.50495210910925,6.580322,6.24501909375
OC-73090801__T1,T1,3,4,1600,45.54526700520762,6.27455584375,6.05946128125
OC-73090801__T1,T1,3,4,1620,46.10726451641377,5.76221203125,5.607870375
OC-73090801__T1,T1,3,4,1640,47.98230438620544,6.3917125,5.84372103125
OC-73090801__T1,T1,3,4,1660,50.53723969002488,5.5158135625,5.23574053125
OC-73090801__T1,T1,3,4,1680,51.93647244002488,6.06434615625,5.82832846875
OC-73090801__T1,T1,3,4,1700,52.432060563288765,5.23773425,5.28478521875
OC-73090801__T1,T1,3,4,1720,52.128418542455435,5.29087828125,5.22020040625
OC-73090801__T1,T1,3,4,1740,53.153619355823494,5.40043446875,5.08626990625
OC-73090801__T1,T1,3,4,1760,55.26040278464294,5.95010803125,5.5153045625
OC-73090801__T1,T1,3,4,1780,57.73229472301099,6.4974769375,6.1713634375
OC-73090801__T1,T1,3,4,1800,57.28655202158197,5.8302510625,5.83534034375
OC-73090801__T1,T1,3,4,1820,57.507926006018,5.93746709375,5.92460684375
OC-73090801__T1,T1,3,4,1840,57.738630783327,6.17519590625,6.10428228125
OC-73090801__T1,T1,3,4,1860,57.76863167482006,6.5831121875,6.5284555625
OC-73090801__T1,T1,3,4,1880,57.91157459235478,6.12659171875,6.18578709375
OC-73090801__T1,T1,3,4,1900,57.95170222603532,6.52489609375,6.43668275
OC-73090801__T1,T1,3,4,1920,57.98951356457701,5.783663,5.812755875
OC-73090801__T1,T1,3,4,1940,58.854487303292274,5.9155539375,5.7363695625
OC-73090801__T1,T1,3,4,1960,59.842030664403396,6.1985325625,6.0445961875
OC-73090801__T1,T1,3,4,1980,61.02248901336172,5.94602528125,5.69120115625
OC-73090801__T1,T1,3,4,2000,62.48615584148672,5.91962159375,5.62899421875
OC-73090801__T1,T1,3,4,2020,64.4203124144034,5.611245375,5.2940413125
OC-73090801__T1,T1,3,4,2040,64.7171039473895,5.53011134375,5.59270853125
OC-73090801__T1,T1,3,4,2060,64.52209859843117,5.5682864375,5.699720625
OC-73090801__T1,T1,3,4,2080,63.62520167482005,6.100745625,6.24878515625
OC-73090801__T1,T1,3,4,2100,63.71569309409088,6.1733633125,6.075332921875
OC-73090801__T1,T1,3,4,2120,64.09946541266727,6.03536625,6.04331503125
OC-73090801__T1,T1,3,4,2140,64.02736851857006,6.23950571875,6.088943875
OC-73090801__T1,T1,3,4,2160,64.78955250120895,5.36286290625,5.3406093125
OC-73090801__T1,T1,3,4,2180,64.25008236579228,5.03799196875,5.12137946875
OC-73090801__T1,T1,3,4,2200,64.42740333454228,5.55658365625,5.4062680625
OC-73090801__T1,T1,3,4,2220,65.1870383380145,5.42595665625,5.3193904375
OC-73090801__T1,T1,3,4,2240,65.48474742568811,5.25995290625,5.271959875
OC-73090801__T1,T1,3,4,2260,65.34591733367422,6.1724174375,6.2128394375
OC-73090801__T1,T1,3,4,2280,64.90995340311866,6.496549125,6.5928701875
OC-73090801__T2,T2,3,4,0,0,,
OC-73090801__T2,T2,3,4,20,0.0,8.6411539375,8.6411539375
OC-73090801__T2,T2,3,4,40,0.0,8.994719875,8.994719875
OC-73090801__T2,T2,3,4,60,0.0,9.78346778125,9.78346778125
OC-73090801__T2,T2,3,4,80,0.0,10.7587421875,10.7587421875
OC-73090801__T2,T2,3,4,100,0.0,10.1047601875,10.1047601875
OC-73090801__T2,T2,3,4,120,0.0,9.88065646875,9.88065646875
OC-73090801__T2,T2,3,4,140,0.0,8.5016530625,8.5016530625
OC-73090801__T2,T2,3,4,160,0.0,8.6846974375,8.6846974375
OC-73090801__T2,T2,3,4,180,0.0,9.2467648125,9.2467648125
OC-73090801__T2,T2,3,4,200,-0.4107635031476551,8.5796905,8.58301784375
OC-73090801__T2,T2,3,4,220,-0.6018660205087663,10.267609625,10.31616759375
OC-73090801__T2,T2,3,4,240,-0.7942225691198773,10.728099125,10.744485375
OC-73090801__T2,T2,3,4,260,-0.8827400830087662,9.86166434375,9.87600459375
OC-73090801__T2,T2,3,4,280,-1.0062065864809884,9.353685375,9.3771780625
OC-73090801__T2,T2,3,4,300,-1.0440943052309886,8.6862386875,8.66842525
OC-73090801__T2,T2,3,4,320,-1.0574374059254328,9.28583934375,9.3030125
OC-73090801__T2,T2,3,4,340,-0.7863553260643217,10.146689875,10.0382969375
OC-73090801__T2,T2,3,4,360,-0.4395156455087662,11.01809875,11.00823775
OC-73090801__T2,T2,3,4,380,-0.4583293642587662,10.266020375,10.3039554375
OC-73090801__T2,T2,3,4,400,-1.2998574733901553,9.5705473125,9.6321400625
OC-73090801__T2,T2,3,4,420,-1.273510106414583,10.3629046875,10.251772875
OC-73090801__T2,T2,3,4,440,-0.3366468182201384,10.6936464375,10.55151275
OC-73090801__T2,T2,3,4,460,-0.29009142933124954,10.6568365625,10.691381625
OC-73090801__T2,T2,3,4,480,-0.3247527852340274,9.52959965625,9.4973703125
OC-73090801__T2,T2,3,4,500,-0.8461789900951385,9.0323144375,9.1422416875
OC-73090801__T2,T2,3,4,520,-1.3389691185673607,9.32965475,9.51368515625
OC-73090801__T2,T2,3,4,540,-1.8243390057201387,9.626139625,9.58223553125
OC-73090801__T2,T2,3,4,560,-1.394676606414583,11.86866296875,11.79844284375
OC-73090801__T2,T2,3,4,580,-1.1931527505118051,12.64975490625,12.629571875
OC-73090801__T2,T2,3,4,600,-1.061722214093844,13.069977125,12.76786871875
OC-73090801__T2,T2,3,4,620,0.41490418355560355,12.2474055,12.10238996875
OC-73090801__T2,T2,3,4,640,1.8156100481389368,14.0397625625,13.4107009375
OC-73090801__T2,T2,3,4,660,5.67570085022227,16.289249375,15.714194875
OC-73090801__T2,T2,3,4,680,8.249845282513936,15.62478575,15.32205875
OC-73090801__T2,T2,3,4,700,8.908665695708383,15.3727615,15.2922630625
OC-73090801__T2,T2,3,4,720,10.499266410986161,14.320488625,13.6961591875
OC-73090801__T2,T2,3,4,740,12.700118091541714,13.88996575,13.67218625
OC-73090801__T2,T2,3,4,760,13.436939851958382,14.1977535625,14.067286875
OC-73090801__T2,T2,3,4,780,13.990642240847272,15.194716,15.066776375
OC-73090801__T2,T2,3,4,800,14.466007054585988,15.118896,14.894612
OC-73090801__T2,T2,3,4,820,15.644984870558213,14.0634349375,13.768676375
OC-73090801__T2,T2,3,4,840,17.130406783752655,14.656755625,14.4631510625
OC-73090801__T2,T2,3,4,860,17.739310644863764,14.3946045625,14.3565565
OC-73090801__T2,T2,3,4,880,18.039884804585988,14.9863625,14.884876875
OC-73090801__T2,T2,3,4,900,19.076326367085983,14.64028775,14.4308033125
OC-73090801__T2,T2,3,4,920,19.630436332363765,13.9734374375,13.8348146875
OC-73090801__T2,T2,3,4,940,21.141191033752655,15.36114675,15.0185326875
OC-73090801__T2,T2,3,4,960,22.458185110141542,14.3665739375,14.1814159375
OC-73090801__T2,T2,3,4,980,23.769283533752656,14.8209146875,14.4795771875
OC-73090801__T2,T2,3,4,1000,25.651659628181886,16.7448750625,16.384315625
OC-73090801__T2,T2,3,4,1020,27.238128107348548,16.35805225,16.151164875
OC-73090801__T2,T2,3,4,1040,27.93770151359855,15.290889375,15.100528625
OC-73090801__T2,T2,3,4,1060,29.367862263598553,14.3042185,14.0288516875
OC-73090801__T2,T2,3,4,1080,30.979242544848553,13.7758130625,13.493788
OC-73090801__T2,T2,3,4,1100,32.38488487123744,14.2187103125,14.003117875
OC-73090801__T2,T2,3,4,1120,33.605936333043,14.512357375,14.2943045625
OC-73090801__T2,T2,3,4,1140,34.78716959693188,15.33315875,15.184361875
OC-73090801__T2,T2,3,4,1160,35.672837937209664,14.75384925,14.610568375
OC-73090801__T2,T2,3,4,1180,36.24292613165411,14.62957675,14.4567135
OC-73090801__T2,T2,3,4,1200,36.24128913401371,14.150529875,14.026701
OC-73090801__T2,T2,3,4,1220,37.41790543262482,14.4154511875,14.1044965
OC-73090801__T2,T2,3,4,1240,39.18748859581927,14.123933,13.98110025
OC-73090801__T2,T2,3,4,1260,39.82990263054148,13.4481714375,13.3295473125
OC-73090801__T2,T2,3,4,1280,40.51053580762482,14.33567075,14.181617
OC-73090801__T2,T2,3,4,1300,41.23397040484704,13.669200875,13.591013375
OC-73090801__T2,T2,3,4,1320,41.91839650901371,14.17403775,13.903466375
OC-73090801__T2,T2,3,4,1340,43.08779806804149,13.6668193125,13.4897848125
OC-73090801__T2,T2,3,4,1360,43.8064333041526,13.5004335625,13.455766375
OC-73090801__T2,T2,3,4,1380,44.091499613180375,12.2888509375,12.224551
OC-73090801__T2,T2,3,4,1400,43.46557989539168,11.0711475,11.0366003125
OC-73090801__T2,T2,3,4,1420,43.18128066987907,11.654209875,11.642172375
OC-73090801__T2,T2,3,4,1440,42.87534564557351,10.331169375,10.3998445
OC-73090801__T2,T2,3,4,1460,42.49699226710129,9.7962096875,9.8967843125
OC-73090801__T2,T2,3,4,1480,41.978316305295735,9.5814265,9.6476353125
OC-73090801__T2,T2,3,4,1500,41.61812256918463,9.22320834375,9.23359209375
OC-73090801__T2,T2,3,4,1520,42.38133621328185,8.8311255625,8.644918375
OC-73090801__T2,T2,3,4,1540,42.67396762474018,8.9527840625,8.9456379375
OC-73090801__T2,T2,3,4,1560,43.51057541293462,9.5666586875,9.438826875
OC-73090801__T2,T2,3,4,1580,44.08371220112907,9.0168198125,9.0477809375
OC-73090801__T2,T2,3,4,1600,42.68616274910132,8.1964663125,8.150021875
OC-73090801__T2,T2,3,4,1620,43.47382524253496,8.7575618125,8.585934
OC-73090801__T2,T2,3,4,1640,43.32034560711829,8.1669788125,8.2370849375
OC-73090801__T2,T2,3,4,1660,43.528170916146074,9.086331375,8.94158175
OC-73090801__T2,T2,3,4,1680,43.81599600295163,8.4413555,8.58329115625
OC-73090801__T2,T2,3,4,1700,43.323514735590514,7.7012630625,7.6553545625
OC-73090801__T2,T2,3,4,1720,45.752035381423845,9.433192625,8.78831709375
OC-73090801__T2,T2,3,4,1740,47.99692799600718,8.64237175,8.27278509375
OC-73090801__T2,T2,3,4,1760,48.51307161406274,8.5635139375,8.7317124375
OC-73090801__T2,T2,3,4,1780,48.32929286753495,8.762076125,8.84979028125
OC-73090801__T2,T2,3,4,1800,47.83723457499759,8.57120834375,8.28665975
OC-73090801__T2,T2,3,4,1820,48.63019198260562,9.50704,9.4787455
OC-73090801__T2,T2,3,4,1840,49.37264426211951,9.5475590625,9.2683376875
OC-73090801__T2,T2,3,4,1860,50.36188068746673,9.77470778125,9.4388183125
OC-73090801__T2,T2,3,4,1880,52.674622451355624,9.7792175625,9.599211125
OC-73090801__T2,T2,3,4,1900,52.13677544441117,9.14234803125,9.05234940625
OC-73090801__T2,T2,3,4,1920,53.52694644961951,9.30185003125,9.0399711875
OC-73090801__T2,T2,3,4,1940,53.951128078091735,8.81604490625,8.6751390625
OC-73090801__T2,T2,3,4,1960,55.25499152080006,9.6070773125,9.144764625
OC-73090801__T2,T2,3,4,1980,58.46609825170285,9.5203653125,9.279130625
OC-73090801__T2,T2,3,4,2000,58.06530789580007,8.17328103125,8.413756125
OC-73090801__T2,T2,3,4,2020,57.946714781216734,7.92860009375,7.65941496875
OC-73090801__T2,T2,3,4,2040,60.336743805522296,8.798202125,8.30622025
OC-73090801__T2,T2,3,4,2060,62.69608307114729,8.9373315,8.77912521875
OC-73090801__T2,T2,3,4,2080,63.13073875691118,9.7355649375,9.574733875
OC-73090801__T2,T2,3,4,2100,63.41328772218896,9.5551694375,9.5358689375
OC-73090801__T2,T2,3,4,2120,64.10872597218895,8.5881474375,8.5304659375
OC-73090801__T2,T2,3,4,2140,64.39800588191117,8.7611261875,8.657251125
OC-73090801__T2,T2,3,4,2160,64.16970625343895,7.50063990625,7.64387421875
OC-73090801__T2,T2,3,4,2180,64.36125711455006,8.56299225,8.38112121875
OC-73090801__T2,T2,3,4,2200,65.03016273607783,8.3304650625,8.327876875
OC-73090801__T2,T2,3,4,2220,64.08674419093894,7.455678625,7.72391903125
OC-73090801__T2,T2,3,4,2240,63.65818944267506,9.19700321875,9.1762201875
OC-73090801__T2,T2,3,4,2260,64.0443901822584,9.086155625,9.03564484375
OC-73090801__T2,T2,3,4,2280,65.11636894441118,9.1333463125,8.84379740625
OC-73090801__T1,T1,3,8,0,0,,
OC-73090801__T1,T1,3,8,20,0.0,5.63894034375,5.63894034375
OC-73090801__T1,T1,3,8,40,0.0,5.76279921875,5.76279921875
OC-73090801__T1,T1,3,8,60,0.0,6.50575009375,6.50575009375
OC-73090801__T1,T1,3,8,80,0.0,6.401954,6.401954
OC-73090801__T1,T1,3,8,100,0.0,6.75075159375,6.75075159375
OC-73090801__T1,T1,3,8,120,0.0,7.53221728125,7.53221728125
OC-73090801__T1,T1,3,8,140,0.0,6.98716803125,6.98716803125
OC-73090801__T1,T1,3,8,160,0.0,5.7354805625,5.7354805625
OC-73090801__T1,T1,3,8,180,0.0,5.645626578125,5.645626578125
OC-73090801__T1,T1,3,8,200,0.0,5.54786334375,5.54786334375
OC-73090801__T1,T1,3,8,220,0.0,6.1022494375,6.1022494375
OC-73090801__T1,T1,3,8,240,0.0,6.96200275,6.96200275
OC-73090801__T1,T1,3,8,260,0.0,7.1204545,7.1204545
OC-73090801__T1,T1,3,8,280,0.0,6.4856886875,6.4856886875
OC-73090801__T1,T1,3,8,300,0.0,6.02740509375,6.02740509375
OC-73090801__T1,T1,3,8,320,0.0,5.97834959375,5.97834959375
OC-73090801__T1,T1,3,8,340,0.0,5.81711415625,5.81711415625
OC-73090801__T1,T1,3,8,360,0.0,7.00601021875,7.00601021875
OC-73090801__T1,T1,3,8,380,0.0,7.3594466875,7.3594466875
OC-73090801__T1,T1,3,8,400,0.0,7.81423321875,7.81423321875
OC-73090801__T1,T1,3,8,420,0.0,8.438784625,8.438784625
OC-73090801__T1,T1,3,8,440,0.0,9.8810420625,9.8810420625
OC-73090801__T1,T1,3,8,460,0.0,11.43159825,11.43159825
OC-73090801__T1,T1,3,8,480,0.0,13.4528861875,13.4528861875
OC-73090801__T1,T1,3,8,500,0.0,13.8832150625,13.8832150625
OC-73090801__T1,T1,3,8,520,0.0,15.0585355,15.0585355
OC-73090801__T1,T1,3,8,540,0.0,14.2668485625,14.2668485625
OC-73090801__T1,T1,3,8,560,0.0,15.3673894375,15.3673894375
OC-73090801__T1,T1,3,8,580,0.0,15.7727634375,15.7727634375
OC-73090801__T1,T1,3,8,600,0.0,14.90980575,14.90980575
OC-73090801__T1,T1,3,8,620,0.0,13.82160675,13.82160675
OC-73090801__T1,T1,3,8,640,0.0,13.929470375,13.929470375
OC-73090801__T1,T1,3,8,660,0.0,14.1568856875,14.1568856875
OC-73090801__T1,T1,3,8,680,0.0,13.123746625,13.123746625
OC-73090801__T1,T1,3,8,700,0.0,14.5244975625,14.5244975625
OC-73090801__T1,T1,3,8,720,0.0,12.8973336875,12.8973336875
OC-73090801__T1,T1,3,8,740,0.0,13.138918125,13.138918125
OC-73090801__T1,T1,3,8,760,0.0,12.5071934375,12.5071934375
OC-73090801__T1,T1,3,8,780,0.0,13.949527375,13.949527375
OC-73090801__T1,T1,3,8,800,0.0,12.5847695,12.5847695
OC-73090801__T1,T1,3,8,820,0.0,12.31285315625,12.31285315625
OC-73090801__T1,T1,3,8,840,0.0,13.667599,13.667599
OC-73090801__T1,T1,3,8,860,0.0,13.568679875,13.568679875
OC-73090801__T1,T1,3,8,880,0.0,13.5212941875,13.5212941875
OC-73090801__T1,T1,3,8,900,0.0,12.0209179375,12.0209179375
OC-73090801__T1,T1,3,8,920,0.0,13.272825875,13.272825875
OC-73090801__T1,T1,3,8,940,0.0,14.347875,14.347875
OC-73090801__T1,T1,3,8,960,0.0,14.2675574375,14.2675574375
OC-73090801__T1,T1,3,8,980,0.0,15.157077,15.157077
OC-73090801__T1,T1,3,8,1000,0.0,14.1189600625,14.1189600625
OC-73090801__T1,T1,3,8,1020,0.0,12.7549359375,12.7549359375
OC-73090801__T1,T1,3,8,1040,0.0,13.4828211875,13.4828211875
OC-73090801__T1,T1,3,8,1060,0.0,13.452742125,13.452742125
OC-73090801__T1,T1,3,8,1080,0.0,14.2684394375,14.2684394375
OC-73090801__T1,T1,3,8,1100,0.0,13.126040375,13.126040375
OC-73090801__T1,T1,3,8,1120,0.0,12.4798100625,12.4798100625
OC-73090801__T1,T1,3,8,1140,0.0,14.1394426875,14.1394426875
OC-73090801__T1,T1,3,8,1160,0.0,13.1340801875,13.1340801875
OC-73090801__T1,T1,3,8,1180,0.0,10.3153496875,10.3153496875
OC-73090801__T1,T1,3,8,1200,0.0,9.538627125,9.538627125
OC-73090801__T1,T1,3,8,1220,0.0,8.2535364375,8.2535364375
OC-73090801__T1,T1,3,8,1240,0.0,7.250929625,7.250929625
OC-73090801__T1,T1,3,8,1260,0.0,6.41606578125,6.41606578125
OC-73090801__T1,T1,3,8,1280,0.0,5.94103121875,5.94103121875
OC-73090801__T1,T1,3,8,1300,0.0,5.67890434375,5.67890434375
OC-73090801__T1,T1,3,8,1320,0.0,5.2866816875,5.2866816875
OC-73090801__T1,T1,3,8,1340,0.0,5.35402696875,5.35402696875
OC-73090801__T1,T1,3,8,1360,0.0,6.159666875,6.159666875
OC-73090801__T1,T1,3,8,1380,0.0,6.176426875,6.176426875
OC-73090801__T1,T1,3,8,1400,0.0,5.741637328125,5.741637328125
OC-73090801__T1,T1,3,8,1420,0.0,6.037145234375,6.037145234375
OC-73090801__T1,T1,3,8,1440,0.0,6.321025171875,6.321025171875
OC-73090801__T1,T1,3,8,1460,0.0,5.76071425,5.76071425
OC-73090801__T1,T1,3,8,1480,0.0,5.91533009375,5.91533009375
OC-73090801__T1,T1,3,8,1500,0.0,5.65320921875,5.65320921875
OC-73090801__T1,T1,3,8,1520,0.0,5.3642325625,5.3642325625
OC-73090801__T1,T1,3,8,1540,0.0,6.1270065,6.1270065
OC-73090801__T1,T1,3,8,1560,0.0,6.23983271875,6.23983271875
OC-73090801__T1,T1,3,8,1580,0.0,6.24501909375,6.24501909375
OC-73090801__T1,T1,3,8,1600,0.0,6.05946128125,6.05946128125
OC-73090801__T1,T1,3,8,1620,0.0,5.607870375,5.607870375
OC-73090801__T1,T1,3,8,1640,0.0,5.84372103125,5.84372103125
OC-73090801__T1,T1,3,8,1660,0.0,5.23574053125,5.23574053125
OC-73090801__T1,T1,3,8,1680,0.0,5.82832846875,5.82832846875
OC-73090801__T1,T1,3,8,1700,0.0,5.28478521875,5.28478521875
OC-73090801__T1,T1,3,8,1720,0.0,5.22020040625,5.22020040625
OC-73090801__T1,T1,3,8,1740,0.0,5.08626990625,5.08626990625
OC-73090801__T1,T1,3,8,1760,0.0,5.5153045625,5.5153045625
OC-73090801__T1,T1,3,8,1780,0.0,6.1713634375,6.1713634375
OC-73090801__T1,T1,3,8,1800,0.0,5.83534034375,5.83534034375
OC-73090801__T1,T1,3,8,1820,0.0,5.92460684375,5.92460684375
OC-73090801__T1,T1,3,8,1840,0.0,6.10428228125,6.10428228125
OC-73090801__T1,T1,3,8,1860,0.0,6.5284555625,6.5284555625
OC-73090801__T1,T1,3,8,1880,0.0,6.18578709375,6.18578709375
OC-73090801__T1,T1,3,8,1900,0.0,6.43668275,6.43668275
OC-73090801__T1,T1,3,8,1920,0.0,5.812755875,5.812755875
OC-73090801__T1,T1,3,8,1940,0.0,5.7363695625,5.7363695625
OC-73090801__T1,T1,3,8,1960,0.0,6.0445961875,6.0445961875
OC-73090801__T1,T1,3,8,1980,0.0,5.69120115625,5.69120115625
OC-73090801__T1,T1,3,8,2000,0.0,5.62899421875,5.62899421875
OC-73090801__T1,T1,3,8,2020,0.0,5.2940413125,5.2940413125
OC-73090801__T1,T1,3,8,2040,0.0,5.59270853125,5.59270853125
OC-73090801__T1,T1,3,8,2060,0.0,5.699720625,5.699720625
OC-73090801__T1,T1,3,8,2080,0.0,6.24878515625,6.24878515625
OC-73090801__T1,T1,3,8,2100,0.0,6.075332921875,6.075332921875
OC-73090801__T1,T1,3,8,2120,0.0,6.04331503125,6.04331503125
OC-73090801__T1,T1,3,8,2140,0.0,6.088943875,6.088943875
OC-73090801__T1,T1,3,8,2160,0.0,5.3406093125,5.3406093125
OC-73090801__T1,T1,3,8,2180,0.0,5.12137946875,5.12137946875
OC-73090801__T1,T1,3,8,2200,0.0,5.4062680625,5.4062680625
OC-73090801__T1,T1,3,8,2220,0.0,5.3193904375,5.3193904375
OC-73090801__T1,T1,3,8,2240,0.0,5.271959875,5.271959875
OC-73090801__T1,T1,3,8,2260,0.0,6.2128394375,6.2128394375
OC-73090801__T1,T1,3,8,2280,0.0,6.5928701875,6.5928701875
OC-73090801__T2,T2,3,8,0,0,,
OC-73090801__T2,T2,3,8,20,0.0,8.6411539375,8.6411539375
OC-73090801__T2,T2,3,8,40,0.0,8.994719875,8.994719875
OC-73090801__T2,T2,3,8,60,0.0,9.78346778125,9.78346778125
OC-73090801__T2,T2,3,8,80,0.0,10.7587421875,10.7587421875
OC-73090801__T2,T2,3,8,100,0.0,10.1047601875,10.1047601875
OC-73090801__T2,T2,3,8,120,0.0,9.88065646875,9.88065646875
OC-73090801__T2,T2,3,8,140,0.0,8.5016530625,8.5016530625
OC-73090801__T2,T2,3,8,160,0.0,8.6846974375,8.6846974375
OC-73090801__T2,T2,3,8,180,0.0,9.2467648125,9.2467648125
OC-73090801__T2,T2,3,8,200,0.0,8.58301784375,8.58301784375
OC-73090801__T2,T2,3,8,220,0.0,10.31616759375,10.31616759375
OC-73090801__T2,T2,3,8,240,0.0,10.744485375,10.744485375
OC-73090801__T2,T2,3,8,260,0.0,9.87600459375,9.87600459375
OC-73090801__T2,T2,3,8,280,0.0,9.3771780625,9.3771780625
OC-73090801__T2,T2,3,8,300,0.0,8.66842525,8.66842525
OC-73090801__T2,T2,3,8,320,0.0,9.3030125,9.3030125
OC-73090801__T2,T2,3,8,340,0.0,10.0382969375,10.0382969375
OC-73090801__T2,T2,3,8,360,0.0,11.00823775,11.00823775
OC-73090801__T2,T2,3,8,380,0.0,10.3039554375,10.3039554375
OC-73090801__T2,T2,3,8,400,0.0,9.6321400625,9.6321400625
OC-73090801__T2,T2,3,8,420,0.0,10.251772875,10.251772875
OC-73090801__T2,T2,3,8,440,0.0,10.55151275,10.55151275
OC-73090801__T2,T2,3,8,460,0.0,10.691381625,10.691381625
OC-73090801__T2,T2,3,8,480,0.0,9.4973703125,9.4973703125
OC-73090801__T2,T2,3,8,500,0.0,9.1422416875,9.1422416875
OC-73090801__T2,T2,3,8,520,0.0,9.51368515625,9.51368515625
OC-73090801__T2,T2,3,8,540,0.0,9.58223553125,9.58223553125
OC-73090801__T2,T2,3,8,560,0.0,11.79844284375,11.79844284375
OC-73090801__T2,T2,3,8,580,0.0,12.629571875,12.629571875
OC-73090801__T2,T2,3,8,600,0.0,12.76786871875,12.76786871875
OC-73090801__T2,T2,3,8,620,0.0,12.10238996875,12.10238996875
OC-73090801__T2,T2,3,8,640,0.0,13.4107009375,13.4107009375
OC-73090801__T2,T2,3,8,660,0.0,15.714194875,15.714194875
OC-73090801__T2,T2,3,8,680,0.0,15.32205875,15.32205875
OC-73090801__T2,T2,3,8,700,0.0,15.2922630625,15.2922630625
OC-73090801__T2,T2,3,8,720,0.0,13.6961591875,13.6961591875
OC-73090801__T2,T2,3,8,740,0.0,13.67218625,13.67218625
OC-73090801__T2,T2,3,8,760,0.0,14.067286875,14.067286875
OC-73090801__T2,T2,3,8,780,0.0,15.066776375,15.066776375
OC-73090801__T2,T2,3,8,800,0.0,14.894612,14.894612
OC-73090801__T2,T2,3,8,820,0.0,13.768676375,13.768676375
OC-73090801__T2,T2,3,8,840,0.0,14.4631510625,14.4631510625
OC-73090801__T2,T2,3,8,860,0.0,14.3565565,14.3565565
OC-73090801__T2,T2,3,8,880,0.0,14.884876875,14.884876875
OC-73090801__T2,T2,3,8,900,0.0,14.4308033125,14.4308033125
OC-73090801__T2,T2,3,8,920,0.0,13.8348146875,13.8348146875
OC-73090801__T2,T2,3,8,940,0.0,15.0185326875,15.0185326875
OC-73090801__T2,T2,3,8,960,0.0,14.1814159375,14.1814159375
OC-73090801__T2,T2,3,8,980,0.0,14.4795771875,14.4795771875
OC-73090801__T2,T2,3,8,1000,0.0,16.384315625,16.384315625
OC-73090801__T2,T2,3,8,1020,0.0,16.151164875,16.151164875
OC-73090801__T2,T2,3,8,1040,0.0,15.100528625,15.100528625
OC-73090801__T2,T2,3,8,1060,0.0,14.0288516875,14.0288516875
OC-73090801__T2,T2,3,8,1080,0.0,13.493788,13.493788
OC-73090801__T2,T2,3,8,1100,0.0,14.003117875,14.003117875
OC-73090801__T2,T2,3,8,1120,0.0,14.2943045625,14.2943045625
OC-73090801__T2,T2,3,8,1140,0.0,15.184361875,15.184361875
OC-73090801__T2,T2,3,8,1160,0.0,14.610568375,14.610568375
OC-73090801__T2,T2,3,8,1180,0.0,14.4567135,14.4567135
OC-73090801__T2,T2,3,8,1200,0.0,14.026701,14.026701
OC-73090801__T2,T2,3,8,1220,0.0,14.1044965,14.1044965
OC-73090801__T2,T2,3,8,1240,0.0,13.98110025,13.98110025
OC-73090801__T2,T2,3,8,1260,0.0,13.3295473125,13.3295473125
OC-73090801__T2,T2,3,8,1280,0.0,14.181617,14.181617
OC-73090801__T2,T2,3,8,1300,0.0,13.591013375,13.591013375
OC-73090801__T2,T2,3,8,1320,0.0,13.903466375,13.903466375
OC-73090801__T2,T2,3,8,1340,0.0,13.4897848125,13.4897848125
OC-73090801__T2,T2,3,8,1360,0.0,13.455766375,13.455766375
OC-73090801__T2,T2,3,8,1380,0.0,12.224551,12.224551
OC-73090801__T2,T2,3,8,1400,0.0,11.0366003125,11.0366003125
OC-73090801__T2,T2,3,8,1420,0.0,11.642172375,11.642172375
OC-73090801__T2,T2,3,8,1440,0.0,10.3998445,10.3998445
OC-73090801__T2,T2,3,8,1460,0.0,9.8967843125,9.8967843125
OC-73090801__T2,T2,3,8,1480,0.0,9.6476353125,9.6476353125
OC-73090801__T2,T2,3,8,1500,0.0,9.23359209375,9.23359209375
OC-73090801__T2,T2,3,8,1520,0.0,8.644918375,8.644918375
OC-73090801__T2,T2,3,8,1540,0.0,8.9456379375,8.9456379375
OC-73090801__T2,T2,3,8,1560,0.0,9.438826875,9.438826875
OC-73090801__T2,T2,3,8,1580,0.0,9.0477809375,9.0477809375
OC-73090801__T2,T2,3,8,1600,0.0,8.150021875,8.150021875
OC-73090801__T2,T2,3,8,1620,0.0,8.585934,8.585934
OC-73090801__T2,T2,3,8,1640,0.0,8.2370849375,8.2370849375
OC-73090801__T2,T2,3,8,1660,0.0,8.94158175,8.94158175
OC-73090801__T2,T2,3,8,1680,0.0,8.58329115625,8.58329115625
OC-73090801__T2,T2,3,8,1700,0.0,7.6553545625,7.6553545625
OC-73090801__T2,T2,3,8,1720,0.0,8.78831709375,8.78831709375
OC-73090801__T2,T2,3,8,1740,0.0,8.27278509375,8.27278509375
OC-73090801__T2,T2,3,8,1760,0.0,8.7317124375,8.7317124375
OC-73090801__T2,T2,3,8,1780,0.0,8.84979028125,8.84979028125
OC-73090801__T2,T2,3,8,1800,0.0,8.28665975,8.28665975
OC-73090801__T2,T2,3,8,1820,0.0,9.4787455,9.4787455
OC-73090801__T2,T2,3,8,1840,0.0,9.2683376875,9.2683376875
OC-73090801__T2,T2,3,8,1860,0.0,9.4388183125,9.4388183125
OC-73090801__T2,T2,3,8,1880,0.0,9.599211125,9.599211125
OC-73090801__T2,T2,3,8,1900,0.0,9.05234940625,9.05234940625
OC-73090801__T2,T2,3,8,1920,0.0,9.0399711875,9.0399711875
OC-73090801__T2,T2,3,8,1940,0.0,8.6751390625,8.6751390625
OC-73090801__T2,T2,3,8,1960,0.0,9.144764625,9.144764625
OC-73090801__T2,T2,3,8,1980,0.0,9.279130625,9.279130625
OC-73090801__T2,T2,3,8,2000,0.0,8.413756125,8.413756125
OC-73090801__T2,T2,3,8,2020,0.0,7.65941496875,7.65941496875
OC-73090801__T2,T2,3,8,2040,0.0,8.30622025,8.30622025
OC-73090801__T2,T2,3,8,2060,0.0,8.77912521875,8.77912521875
OC-73090801__T2,T2,3,8,2080,0.0,9.574733875,9.574733875
OC-73090801__T2,T2,3,8,2100,0.0,9.5358689375,9.5358689375
OC-73090801__T2,T2,3,8,2120,0.0,8.5304659375,8.5304659375
OC-73090801__T2,T2,3,8,2140,0.0,8.657251125,8.657251125
OC-73090801__T2,T2,3,8,2160,0.0,7.64387421875,7.64387421875
OC-73090801__T2,T2,3,8,2180,0.0,8.38112121875,8.38112121875
OC-73090801__T2,T2,3,8,2200,0.0,8.327876875,8.327876875
OC-73090801__T2,T2,3,8,2220,0.0,7.72391903125,7.72391903125
OC-73090801__T2,T2,3,8,2240,0.0,9.1762201875,9.1762201875
OC-73090801__T2,T2,3,8,2260,0.0,9.03564484375,9.03564484375
OC-73090801__T2,T2,3,8,2280,0.0,8.84379740625,8.84379740625
